DATE;TIME;Radiação Solar;Temp_solo;Chuva Acumulada;Pressão_Atm;Temperatura.Ar;Umidade.Relativa;Vel.Vento_REG1;Dir.Vento_REG1
13/04/2026;10:09:39;418,88;25,81;363,00;906,39;20,16;89,47;3,48;108,98
13/04/2026;10:19:39;410,55;25,81;363,00;906,38;20,21;88,85;3,79;109,68
13/04/2026;10:29:39;425,01;25,81;363,00;906,38;20,14;88,99;3,63;101,60
13/04/2026;10:39:39;599,69;25,81;363,00;906,25;20,42;89,23;2,01;138,51
13/04/2026;10:49:39;550,06;25,81;363,00;906,20;21,18;88,44;4,02;146,25
13/04/2026;10:59:39;225,48;25,82;363,00;906,21;20,31;87,25;4,48;100,54
13/04/2026;11:09:39;419,33;25,81;363,20;906,16;19,90;88,96;4,65;133,24
13/04/2026;11:19:39;554,95;25,82;363,20;905,99;20,73;88,54;2,31;165,23
13/04/2026;11:29:39;496,87;25,82;363,20;906,01;20,78;86,82;4,12;86,13
13/04/2026;11:39:39;545,43;25,81;363,20;905,86;22,10;86,23;2,46;119,53
13/04/2026;11:49:39;476,90;25,82;363,20;905,81;21,83;84,34;1,35;101,25
13/04/2026;11:59:39;715,75;25,83;363,20;905,62;22,10;84,61;2,31;106,17
13/04/2026;12:09:39;552,75;25,82;363,20;905,54;22,28;83,12;0,35;125,85
13/04/2026;12:19:39;139,87;25,83;363,20;905,37;21,96;84,39;0,00;130,78
13/04/2026;12:29:39;621,56;25,84;363,20;905,24;21,44;85,71;3,31;105,46
13/04/2026;12:39:39;369,19;25,83;363,20;905,01;22,95;83,29;0,00;119,53
13/04/2026;12:49:39;432,05;25,84;363,20;904,99;21,84;84,90;3,96;112,50
13/04/2026;12:59:39;315,95;25,84;363,20;904,81;22,23;83,68;0,00;99,84
13/04/2026;13:09:39;400,15;25,83;363,20;904,76;22,34;82,32;1,76;150,46
13/04/2026;13:19:39;393,16;25,84;363,20;904,65;22,58;81,72;0,00;181,40
13/04/2026;13:29:39;416,76;25,83;363,20;904,57;22,66;81,30;0,40;132,53
13/04/2026;13:39:39;512,73;25,84;363,20;904,35;23,29;79,52;2,76;91,40
13/04/2026;13:49:39;540,61;25,84;363,20;904,25;23,10;81,10;0,40;123,39
13/04/2026;13:59:39;345,05;25,84;363,20;904,17;22,91;81,33;0,39;140,97
13/04/2026;14:09:39;476,19;25,84;363,20;904,10;23,06;80,26;0,38;142,38
13/04/2026;14:19:39;425,62;25,85;363,20;904,02;23,54;80,43;1,39;110,74
13/04/2026;14:29:39;378,01;25,86;363,20;903,87;23,44;79,25;0,00;92,81
13/04/2026;14:39:39;337,84;25,85;363,20;903,81;23,66;79,11;2,25;143,43
13/04/2026;14:49:39;381,50;25,85;363,20;903,82;23,40;80,68;1,25;86,13
13/04/2026;14:59:39;368,74;25,85;363,20;903,71;23,68;79,97;0,34;105,11
13/04/2026;15:09:39;269,81;25,85;363,20;903,61;23,80;78,71;0,39;119,53
13/04/2026;15:19:39;440,69;25,86;363,20;903,53;24,15;77,66;1,34;94,92
13/04/2026;15:29:39;305,53;25,86;363,20;903,49;23,75;78,95;0,43;149,76
13/04/2026;15:39:39;290,61;25,86;363,20;903,42;23,62;78,94;3,34;112,50
13/04/2026;15:49:39;230,79;25,86;363,20;903,43;23,25;79,04;0,55;105,82
13/04/2026;15:59:39;214,49;25,86;363,20;903,42;23,40;79,61;2,89;130,42
13/04/2026;16:09:39;169,01;25,85;363,20;903,42;23,34;80,02;3,71;159,96
13/04/2026;16:19:39;283,10;25,86;363,20;903,39;22,90;80,83;0,44;89,29
13/04/2026;16:29:39;295,51;25,86;363,20;903,43;24,01;78,83;0,00;161,36
13/04/2026;16:39:39;97,97;25,86;363,20;903,45;23,80;78,01;0,00;114,60
13/04/2026;16:49:39;37,46;25,86;363,20;903,43;22,95;80,49;0,00;165,58
13/04/2026;16:59:39;48,25;25,88;363,20;903,50;22,67;81,18;0,00;114,60
13/04/2026;17:09:39;44,15;25,88;363,20;903,55;22,44;81,29;0,53;87,89
13/04/2026;17:19:39;25,95;25,89;363,20;903,53;22,26;82,20;0,00;149,06
13/04/2026;17:29:39;13,38;25,88;363,20;903,59;22,11;82,54;0,38;162,42
13/04/2026;17:39:39;8,94;25,90;363,20;903,61;21,94;82,91;0,00;107,92
13/04/2026;17:49:39;1,90;25,90;363,20;903,65;21,76;83,37;0,00;140,62
13/04/2026;17:59:39;0,24;25,90;363,20;903,63;21,60;83,49;0,00;61,17
13/04/2026;18:09:39;0,13;25,90;363,20;903,79;21,52;83,83;0,00;149,41
13/04/2026;18:19:39;0,12;25,91;363,20;903,84;21,46;83,70;0,00;117,42
13/04/2026;18:29:39;0,12;25,91;363,20;903,87;21,47;83,33;0,00;120,23
13/04/2026;18:39:39;0,12;25,91;363,20;903,90;21,39;83,00;0,00;195,11
13/04/2026;18:49:39;0,11;25,91;363,20;903,95;21,32;83,16;2,33;106,52
13/04/2026;18:59:39;0,10;25,91;363,20;904,06;21,13;83,61;0,52;138,51
13/04/2026;19:09:39;0,12;25,91;363,20;904,14;20,95;84,16;1,94;85,07
13/04/2026;19:19:39;0,12;25,90;363,20;904,20;20,81;84,70;0,84;124,80
13/04/2026;19:29:39;0,11;25,91;363,20;904,35;20,80;85,03;1,59;66,09
13/04/2026;19:39:39;0,11;25,91;363,20;904,37;20,72;85,38;1,96;138,86
13/04/2026;19:49:39;0,12;25,92;363,20;904,39;20,42;86,20;2,54;113,90
13/04/2026;19:59:39;0,12;25,91;363,20;904,39;20,11;87,44;1,96;110,74
13/04/2026;20:09:39;0,10;25,91;363,20;904,35;20,02;87,93;1,78;99,49
13/04/2026;20:19:39;0,11;25,91;363,20;904,43;19,92;88,10;2,21;90,70
13/04/2026;20:29:39;0,12;25,93;363,20;904,48;19,76;88,32;1,88;117,07
13/04/2026;20:39:39;0,12;25,93;363,20;904,50;19,74;88,44;1,54;118,82
13/04/2026;20:49:39;0,11;25,93;363,20;904,50;19,77;88,02;1,59;125,85
13/04/2026;20:59:39;0,10;25,93;363,20;904,56;19,74;88,28;1,51;75,93
13/04/2026;21:09:39;0,11;25,93;363,20;904,65;19,74;88,20;1,85;82,26
13/04/2026;21:19:39;0,12;25,93;363,20;904,68;19,86;88,02;1,03;69,60
13/04/2026;21:29:39;0,12;25,93;363,20;904,65;19,94;87,70;3,57;132,53
13/04/2026;21:39:39;0,12;25,93;363,20;904,73;19,90;87,58;1,48;106,52
13/04/2026;21:49:39;0,10;25,93;363,20;904,82;19,98;87,12;1,19;81,56
13/04/2026;21:59:39;0,12;25,93;363,20;904,92;19,99;86,90;3,04;114,60
13/04/2026;22:09:39;0,12;25,93;363,20;904,94;19,99;86,84;1,64;116,36
13/04/2026;22:19:39;0,09;25,93;363,20;904,93;19,97;86,87;2,39;110,03
13/04/2026;22:29:39;0,11;25,93;363,20;904,95;19,89;86,97;1,98;100,89
13/04/2026;22:39:39;0,13;25,93;363,20;904,94;19,74;87,56;1,24;83,32
13/04/2026;22:49:39;0,12;25,93;363,20;904,90;19,63;88,14;0,66;95,27
13/04/2026;22:59:39;0,13;25,93;363,20;904,74;19,52;88,60;1,61;81,56
13/04/2026;23:09:39;0,12;25,93;363,20;904,76;19,53;87,38;4,66;109,33
13/04/2026;23:19:39;0,11;25,93;363,20;904,88;19,57;86,70;2,60;80,50
13/04/2026;23:29:39;0,11;25,93;363,20;904,98;19,54;86,52;2,34;81,56
13/04/2026;23:39:39;0,10;25,92;363,20;904,96;19,47;86,06;2,29;103,00
13/04/2026;23:49:39;0,12;25,92;363,20;904,91;19,40;86,50;1,53;122,69
13/04/2026;23:59:39;0,12;25,92;363,20;904,77;19,17;86,89;1,84;90,00
14/04/2026;00:09:39;0,12;25,93;363,20;904,75;18,93;87,32;2,65;99,84
14/04/2026;00:19:39;0,12;25,94;363,20;904,58;18,70;87,72;2,32;80,50
14/04/2026;00:29:39;0,12;25,95;363,20;904,48;18,68;87,81;2,19;103,35
14/04/2026;00:39:39;0,10;25,94;363,20;904,39;18,66;87,81;2,22;114,60
14/04/2026;00:49:39;0,11;25,95;363,20;904,43;18,58;87,70;1,49;85,07
14/04/2026;00:59:39;0,12;25,94;363,20;904,29;18,38;88,13;2,07;95,62
14/04/2026;01:09:39;0,11;25,94;363,20;904,16;18,24;88,61;1,80;107,57
14/04/2026;01:19:39;0,13;25,95;363,20;903,92;18,11;89,07;1,28;98,78
14/04/2026;01:29:39;0,12;25,94;363,20;903,86;17,96;89,25;0,00;131,13
14/04/2026;01:39:39;0,11;25,95;363,20;903,82;17,91;89,63;1,03;69,60
14/04/2026;01:49:39;0,12;25,94;363,20;903,78;18,07;89,79;1,91;85,42
14/04/2026;01:59:39;0,10;25,95;363,20;903,62;18,18;89,60;0,74;88,59
14/04/2026;02:09:39;0,12;25,95;363,20;903,50;18,26;89,60;1,28;80,50
14/04/2026;02:19:39;0,11;25,94;363,20;903,41;18,41;89,68;1,54;103,71
14/04/2026;02:29:39;0,12;25,94;363,20;903,37;18,57;89,39;1,44;131,13
14/04/2026;02:39:39;0,12;25,94;363,20;903,27;18,69;89,05;1,99;75,58
14/04/2026;02:49:39;0,11;25,95;363,20;903,21;18,69;89,10;3,23;111,79
14/04/2026;02:59:39;0,11;25,95;363,20;903,34;18,78;88,96;1,93;52,73
14/04/2026;03:09:39;0,12;25,95;363,20;903,40;18,79;89,07;2,60;95,27
14/04/2026;03:19:39;0,12;25,95;363,20;903,40;18,74;89,26;1,83;92,81
14/04/2026;03:29:39;0,11;25,95;363,20;903,39;18,74;89,46;2,00;76,64
14/04/2026;03:39:39;0,11;25,94;363,20;903,38;18,72;89,57;1,87;127,61
14/04/2026;03:49:39;0,11;25,94;363,20;903,39;18,70;89,70;2,16;82,61
14/04/2026;03:59:39;0,12;25,94;363,20;903,41;18,73;89,62;2,79;121,64
14/04/2026;04:09:39;0,14;25,94;363,20;903,42;18,70;89,82;4,08;121,28
14/04/2026;04:19:39;0,10;25,94;363,20;903,51;18,70;89,84;1,60;42,89
14/04/2026;04:29:39;0,11;25,94;363,20;903,56;18,63;89,89;2,91;98,43
14/04/2026;04:39:39;0,12;25,94;363,20;903,60;18,56;90,05;2,84;101,25
14/04/2026;04:49:39;0,09;25,94;363,20;903,63;18,53;89,97;3,15;114,25
14/04/2026;04:59:39;0,13;25,94;363,20;903,58;18,42;89,92;1,31;145,54
14/04/2026;05:09:39;0,12;25,94;363,20;903,63;18,32;90,15;0,86;76,99
14/04/2026;05:19:39;0,12;25,94;363,20;903,71;18,36;90,47;1,34;114,96
14/04/2026;05:29:39;0,12;25,94;363,20;903,70;18,38;90,59;2,76;110,74
14/04/2026;05:39:39;0,17;25,94;363,20;903,81;18,42;90,50;3,15;114,25
14/04/2026;05:49:39;0,85;25,94;363,20;903,81;18,46;90,40;1,71;70,31
14/04/2026;05:59:39;2,77;25,94;363,20;903,87;18,50;89,98;2,36;111,79
14/04/2026;06:09:39;5,50;25,94;363,20;903,98;18,51;89,86;2,81;104,41
14/04/2026;06:19:39;5,92;25,94;363,20;904,08;18,50;89,82;1,91;123,39
14/04/2026;06:29:39;13,21;25,94;363,20;904,17;18,48;89,84;6,31;100,89
14/04/2026;06:39:39;63,29;25,93;363,20;904,26;18,50;89,79;3,43;104,06
14/04/2026;06:49:39;284,13;25,93;363,20;904,39;18,76;89,48;4,28;96,32
14/04/2026;06:59:39;140,47;25,93;363,20;904,43;18,93;88,56;4,71;113,20
14/04/2026;07:09:39;187,10;25,93;363,20;904,47;19,02;87,93;2,64;90,70
14/04/2026;07:19:39;198,54;25,92;363,20;904,62;19,14;86,97;1,46;111,09
14/04/2026;07:29:39;184,95;25,92;363,20;904,68;19,27;86,12;3,84;104,76
14/04/2026;07:39:39;497,21;25,93;363,20;904,77;19,38;85,71;5,20;104,41
14/04/2026;07:49:39;511,11;25,93;363,20;904,93;19,74;85,48;3,43;101,60
14/04/2026;07:59:39;231,75;25,93;363,20;905,01;19,59;85,15;5,60;92,46
14/04/2026;08:09:39;243,48;25,92;363,20;905,09;19,74;84,93;2,14;76,99
14/04/2026;08:19:39;232,46;25,92;363,20;905,06;20,39;83,54;5,05;107,22
14/04/2026;08:29:39;660,54;25,93;363,20;905,20;20,00;83,54;4,60;102,30
14/04/2026;08:39:39;713,59;25,94;363,20;905,27;20,94;80,75;7,29;81,56
14/04/2026;08:49:39;718,87;25,93;363,20;905,45;21,32;75,38;4,45;131,48
14/04/2026;08:59:39;738,01;25,93;363,20;905,40;21,50;74,39;3,76;108,98
14/04/2026;09:09:39;760,23;25,93;363,20;905,35;21,74;73,96;2,75;105,46
14/04/2026;09:19:39;792,07;25,93;363,20;905,47;21,91;75,15;3,18;111,79
14/04/2026;09:29:39;854,86;25,94;363,20;905,50;22,17;73,70;5,85;130,42
14/04/2026;09:39:39;882,67;25,97;363,20;905,35;22,18;73,86;6,23;85,42
14/04/2026;09:49:39;887,61;25,98;363,20;905,42;22,60;73,56;4,77;84,72
14/04/2026;09:59:39;900,84;26,00;363,20;905,39;22,75;73,38;3,32;75,58
14/04/2026;10:09:39;935,56;26,03;363,20;905,27;22,70;72,91;6,72;103,00
14/04/2026;10:19:39;984,05;26,04;363,20;905,11;22,73;73,03;6,64;121,28
14/04/2026;10:29:39;995,16;26,03;363,20;904,87;23,21;71,19;5,99;90,35
14/04/2026;10:39:39;1009,42;26,03;363,20;904,74;22,95;72,41;5,98;95,97
14/04/2026;10:49:39;814,07;26,04;363,20;904,62;23,17;73,60;6,41;87,18
14/04/2026;10:59:39;1102,00;26,04;363,20;904,41;23,96;72,69;1,53;107,57
14/04/2026;11:09:39;416,86;25,92;363,20;904,34;23,56;70,50;6,26;95,27
14/04/2026;11:19:39;1194,21;25,91;363,20;904,24;23,70;69,87;4,97;112,85
14/04/2026;11:29:39;1213,09;25,90;363,20;904,16;24,13;71,00;4,44;100,54
14/04/2026;11:39:39;746,32;25,92;363,20;904,00;23,68;70,44;4,89;150,82
14/04/2026;11:49:39;322,30;25,90;363,20;903,83;23,71;69,57;3,08;137,46
14/04/2026;11:59:39;1076,42;25,90;363,20;903,59;24,00;68,59;4,70;88,24
14/04/2026;12:09:39;522,80;25,89;363,20;903,36;24,29;68,17;4,00;84,37
14/04/2026;12:19:39;362,24;25,90;363,20;903,09;24,66;71,30;0,00;180,70
14/04/2026;12:29:39;263,24;25,90;363,20;902,99;24,89;68,22;3,90;143,78
14/04/2026;12:39:39;1006,94;25,89;363,20;902,81;24,77;67,30;5,40;83,67
14/04/2026;12:49:39;1012,90;25,84;363,20;902,72;25,29;65,78;4,13;79,80
14/04/2026;12:59:39;963,56;25,81;363,20;902,56;25,23;66,27;5,44;142,38
14/04/2026;13:09:39;917,46;25,82;363,20;902,40;25,31;66,01;3,36;164,53
14/04/2026;13:19:39;899,98;25,82;363,20;902,25;25,54;66,09;0,36;122,69
14/04/2026;13:29:39;901,78;25,81;363,20;902,09;25,07;67,87;0,86;63,63
14/04/2026;13:39:39;872,11;25,82;363,20;901,93;25,64;66,13;2,10;88,94
14/04/2026;13:49:39;821,14;25,82;363,20;901,84;25,72;63,87;4,03;140,62
14/04/2026;13:59:39;498,29;25,81;363,20;901,83;25,38;65,83;3,74;101,25
14/04/2026;14:09:39;760,22;25,81;363,20;901,72;26,22;62,79;4,66;91,05
14/04/2026;14:19:39;748,92;25,82;363,20;901,73;25,60;65,66;3,64;94,21
14/04/2026;14:29:39;239,52;25,81;363,20;901,70;26,41;62,59;1,46;98,78
14/04/2026;14:39:39;754,99;25,81;363,20;901,68;25,37;66,47;5,99;108,28
14/04/2026;14:49:39;626,48;25,81;363,20;901,63;25,22;65,85;0,00;194,41
14/04/2026;14:59:39;528,92;25,81;363,20;901,58;25,64;64,87;3,30;84,72
14/04/2026;15:09:39;729,00;25,81;363,20;901,51;25,94;64,76;3,62;153,28
14/04/2026;15:19:39;536,41;25,81;363,20;901,59;25,00;68,31;3,64;107,92
14/04/2026;15:29:39;472,87;25,81;363,20;901,61;25,57;65,16;3,73;158,55
14/04/2026;15:39:39;200,93;25,81;363,20;901,64;25,86;64,88;4,55;155,74
14/04/2026;15:49:39;482,14;25,81;363,20;901,65;25,78;63,76;1,78;144,14
14/04/2026;15:59:39;115,04;25,81;363,20;901,80;24,91;66,23;0,69;126,21
14/04/2026;16:09:39;103,70;25,81;363,20;901,84;24,29;68,94;0,80;159,96
14/04/2026;16:19:39;250,75;25,81;363,20;901,90;24,14;69,73;0,00;100,89
14/04/2026;16:29:39;217,98;25,81;363,20;901,90;25,05;66,29;2,61;109,68
14/04/2026;16:39:39;130,73;25,81;363,20;901,96;24,34;68,33;0,00;78,75
14/04/2026;16:49:39;84,83;25,80;363,20;902,03;23,88;69,57;4,84;127,61
14/04/2026;16:59:39;65,39;25,81;363,20;902,06;23,55;72,00;2,27;132,18
14/04/2026;17:09:39;45,32;25,82;363,20;901,99;23,29;72,62;1,48;123,75
14/04/2026;17:19:39;52,04;25,80;363,20;902,04;23,11;72,36;2,60;128,67
14/04/2026;17:29:39;28,14;25,80;363,20;902,03;23,03;72,74;1,05;95,97
14/04/2026;17:39:39;6,01;25,80;363,20;902,05;22,71;73,85;0,78;63,28
14/04/2026;17:49:39;1,93;25,81;363,20;902,10;22,40;75,05;1,45;115,66
14/04/2026;17:59:39;0,34;25,81;363,20;902,15;22,12;75,79;2,14;92,10
14/04/2026;18:09:39;0,13;25,81;363,20;902,20;21,94;76,57;2,94;104,76
14/04/2026;18:19:39;0,12;25,81;363,20;902,31;21,92;76,49;1,96;122,34
14/04/2026;18:29:39;0,12;25,80;363,20;902,36;21,73;77,27;0,41;124,80
14/04/2026;18:39:39;0,10;25,80;363,20;902,43;21,48;78,20;1,50;120,93
14/04/2026;18:49:39;0,10;25,81;363,20;902,54;21,08;79,43;1,42;126,91
14/04/2026;18:59:39;0,11;25,81;363,20;902,67;20,88;80,11;2,55;110,74
14/04/2026;19:09:39;0,10;25,80;363,20;902,74;20,76;80,46;2,60;102,65
14/04/2026;19:19:39;0,11;25,81;363,20;902,83;20,91;80,64;1,83;90,70
14/04/2026;19:29:39;0,11;25,80;363,20;902,94;20,71;81,65;2,57;99,14
14/04/2026;19:39:39;0,12;25,80;363,20;903,13;20,56;82,30;2,31;123,39
14/04/2026;19:49:39;0,12;25,81;363,20;903,17;20,40;82,78;2,11;95,27
14/04/2026;19:59:39;0,10;25,80;363,20;903,22;20,26;83,19;1,22;113,20
14/04/2026;20:09:39;0,12;25,80;363,20;903,35;20,20;83,22;3,23;124,80
14/04/2026;20:19:39;0,11;25,80;363,20;903,43;20,25;82,86;2,69;95,97
14/04/2026;20:29:39;0,12;25,80;363,20;903,48;20,21;82,75;2,06;113,90
14/04/2026;20:39:39;0,12;25,81;363,20;903,60;20,15;82,80;1,32;114,96
14/04/2026;20:49:39;0,14;25,79;363,20;903,69;20,02;83,04;3,59;90,35
14/04/2026;20:59:39;0,13;25,80;363,20;903,81;19,87;83,45;1,28;122,69
14/04/2026;21:09:39;0,12;25,81;363,20;903,79;19,80;83,75;1,99;95,27
14/04/2026;21:19:39;0,13;25,80;363,20;903,81;19,76;83,94;1,96;82,96
14/04/2026;21:29:39;0,11;25,79;363,20;903,78;19,69;84,23;1,53;104,41
14/04/2026;21:39:39;0,12;25,80;363,20;903,82;19,62;84,43;1,60;117,77
14/04/2026;21:49:39;0,13;25,80;363,20;903,95;19,74;84,29;2,89;108,63
14/04/2026;21:59:39;0,12;25,79;363,20;904,02;19,65;84,48;2,15;123,75
14/04/2026;22:09:39;0,12;25,79;363,20;904,05;19,56;84,79;2,94;114,60
14/04/2026;22:19:39;0,12;25,79;363,20;904,04;19,55;85,09;1,81;132,89
14/04/2026;22:29:39;0,14;25,79;363,20;904,02;19,58;85,15;1,62;110,03
14/04/2026;22:39:39;0,13;25,79;363,20;904,05;19,52;85,33;2,24;128,67
14/04/2026;22:49:39;0,11;25,79;363,20;904,02;19,51;85,42;2,47;84,72
14/04/2026;22:59:39;0,11;25,79;363,20;903,99;19,35;85,71;2,40;108,63
14/04/2026;23:09:39;0,11;25,78;363,20;904,03;19,29;85,93;3,69;98,78
14/04/2026;23:19:39;0,11;25,78;363,20;904,05;19,14;86,25;1,95;97,73
14/04/2026;23:29:39;0,12;25,79;363,20;903,98;19,11;86,36;3,69;125,15
14/04/2026;23:39:39;0,11;25,78;363,20;903,89;19,09;86,36;3,75;128,32
14/04/2026;23:49:39;0,12;25,79;363,20;903,83;19,02;86,48;2,55;127,96
14/04/2026;23:59:39;0,11;25,78;363,20;903,84;18,87;86,90;2,76;97,73
15/04/2026;00:09:39;0,09;25,79;363,20;903,63;18,81;87,06;2,66;110,74
15/04/2026;00:19:39;0,12;25,78;363,20;903,55;18,71;87,30;2,19;111,44
15/04/2026;00:29:39;0,11;25,78;363,20;903,43;18,59;87,62;2,53;126,91
15/04/2026;00:39:39;0,10;25,78;363,20;903,35;18,47;87,96;1,87;95,97
15/04/2026;00:49:39;0,12;25,78;363,20;903,23;18,38;88,18;1,34;101,95
15/04/2026;00:59:39;0,12;25,78;363,20;903,20;18,32;88,44;2,82;98,08
15/04/2026;01:09:39;0,11;25,78;363,20;903,01;18,28;88,59;2,50;114,60
15/04/2026;01:19:39;0,12;25,78;363,20;902,95;18,17;88,83;2,47;95,62
15/04/2026;01:29:39;0,11;25,78;363,20;902,84;18,09;89,04;1,36;119,88
15/04/2026;01:39:39;0,12;25,78;363,20;902,72;18,08;89,15;2,96;90,00
15/04/2026;01:49:39;0,11;25,78;363,20;902,58;18,11;89,38;2,52;99,14
15/04/2026;01:59:39;0,11;25,77;363,20;902,35;18,04;89,48;2,90;87,89
15/04/2026;02:09:39;0,11;25,77;363,20;902,34;18,02;89,67;2,99;118,82
15/04/2026;02:19:39;0,12;25,78;363,20;902,35;17,99;89,79;2,81;125,50
15/04/2026;02:29:39;0,12;25,77;363,20;902,38;17,91;89,99;3,59;106,52
15/04/2026;02:39:39;0,12;25,77;363,20;902,43;17,92;90,21;2,43;93,86
15/04/2026;02:49:39;0,12;25,77;363,20;902,47;17,93;90,43;2,64;126,56
15/04/2026;02:59:39;0,10;25,77;363,20;902,54;17,92;90,60;2,54;130,42
15/04/2026;03:09:39;0,11;25,77;363,20;902,48;17,89;90,60;3,52;123,04
15/04/2026;03:19:39;0,11;25,77;363,20;902,50;17,89;90,65;1,98;137,81
15/04/2026;03:29:39;0,12;25,76;363,20;902,50;17,85;90,65;3,44;111,09
15/04/2026;03:39:39;0,11;25,77;363,20;902,50;17,78;90,61;2,86;112,14
15/04/2026;03:49:39;0,11;25,77;363,20;902,42;17,70;90,66;2,34;105,46
15/04/2026;03:59:39;0,11;25,77;363,20;902,47;17,59;90,68;3,43;116,36
15/04/2026;04:09:39;0,10;25,77;363,20;902,42;17,51;90,82;2,93;139,57
15/04/2026;04:19:39;0,10;25,77;363,20;902,48;17,44;90,88;3,47;105,46
15/04/2026;04:29:39;0,12;25,77;363,20;902,49;17,47;90,91;4,00;120,23
15/04/2026;04:39:39;0,12;25,76;363,20;902,60;17,41;90,91;2,42;126,21
15/04/2026;04:49:39;0,12;25,77;363,20;902,71;17,33;90,86;3,06;126,91
15/04/2026;04:59:39;0,11;25,76;363,20;902,83;17,26;90,84;2,35;132,89
15/04/2026;05:09:39;0,12;25,77;363,20;902,99;17,24;90,73;2,54;118,12
15/04/2026;05:19:39;0,11;25,77;363,20;903,02;17,24;90,48;2,85;104,06
15/04/2026;05:29:39;0,14;25,76;363,20;903,02;17,17;90,15;2,22;93,51
15/04/2026;05:39:39;0,63;25,76;363,20;903,01;17,10;90,08;2,70;86,13
15/04/2026;05:49:39;3,11;25,77;363,20;902,98;17,05;90,21;2,58;110,74
15/04/2026;05:59:39;9,20;25,76;363,20;903,02;17,07;90,28;3,04;123,39
15/04/2026;06:09:39;16,61;25,76;363,20;903,14;17,07;90,35;2,56;118,82
15/04/2026;06:19:39;26,22;25,76;363,20;903,40;17,18;90,43;2,32;150,46
15/04/2026;06:29:39;145,47;25,75;363,20;903,57;17,36;90,19;2,27;119,17
15/04/2026;06:39:39;194,44;25,77;363,20;903,70;17,58;90,02;1,95;139,21
15/04/2026;06:49:39;241,33;25,77;363,20;903,68;17,95;89,47;3,96;120,58
15/04/2026;06:59:39;281,54;25,76;363,20;903,70;18,17;88,51;3,80;132,89
15/04/2026;07:09:39;219,72;25,77;363,20;903,77;18,41;87,77;5,09;120,58
15/04/2026;07:19:39;206,79;25,77;363,20;903,95;18,32;87,89;3,49;118,82
15/04/2026;07:29:39;565,84;25,75;363,20;904,09;18,29;88,01;2,25;127,26
15/04/2026;07:39:39;467,94;25,77;363,20;904,33;18,66;87,67;3,67;121,99
15/04/2026;07:49:39;498,69;25,76;363,20;904,38;19,05;86,41;4,19;121,64
15/04/2026;07:59:39;563,22;25,76;363,20;904,43;19,35;86,02;3,09;88,94
15/04/2026;08:09:39;708,28;25,77;363,20;904,47;19,58;85,57;1,84;129,02
15/04/2026;08:19:39;702,89;25,77;363,20;904,62;20,13;84,41;1,41;112,85
15/04/2026;08:29:39;657,75;25,77;363,20;904,76;20,73;82,87;2,51;110,39
15/04/2026;08:39:39;154,46;25,77;363,20;904,82;21,30;79,17;5,59;86,83
15/04/2026;08:49:39;734,05;25,77;363,20;904,81;21,08;79,46;3,93;74,88
15/04/2026;08:59:39;842,48;25,77;363,20;904,91;21,74;79,08;3,24;123,39
15/04/2026;09:09:39;566,91;25,77;363,20;904,93;21,69;76,53;3,04;107,22
15/04/2026;09:19:39;795,76;25,77;363,20;904,80;21,22;79,17;4,92;138,51
15/04/2026;09:29:39;812,44;25,77;363,20;904,83;22,19;75,09;3,77;106,17
15/04/2026;09:39:39;361,40;25,77;363,20;904,90;22,09;75,99;3,44;101,25
15/04/2026;09:49:39;887,57;25,77;363,20;904,95;22,28;75,26;6,58;111,44
15/04/2026;09:59:39;967,24;25,79;363,20;904,76;22,84;75,71;4,91;138,16
15/04/2026;10:09:39;925,09;25,78;363,20;904,63;23,13;73,51;1,53;77,34
15/04/2026;10:19:39;955,09;25,76;363,20;904,43;23,02;74,03;5,95;108,28
15/04/2026;10:29:39;951,63;25,76;363,20;904,33;23,39;70,48;4,67;94,92
15/04/2026;10:39:39;979,94;25,76;363,20;904,26;23,71;71,77;5,10;100,19
15/04/2026;10:49:39;991,71;25,75;363,20;904,22;23,89;68,94;5,02;100,19
15/04/2026;10:59:39;980,33;25,76;363,20;904,17;23,74;70,01;4,12;98,78
15/04/2026;11:09:39;990,13;25,77;363,20;904,15;24,02;70,79;4,21;138,16
15/04/2026;11:19:39;1002,75;25,75;363,20;903,98;24,34;70,01;3,09;29,17
15/04/2026;11:29:39;1010,89;25,75;363,20;903,95;24,56;67,87;3,23;123,75
15/04/2026;11:39:39;1027,72;25,74;363,20;903,86;25,04;68,58;2,13;100,19
15/04/2026;11:49:39;1020,74;25,74;363,20;903,72;24,62;70,55;3,13;97,03
15/04/2026;11:59:39;803,93;25,75;363,20;903,73;24,77;69,65;2,43;84,02
15/04/2026;12:09:39;994,32;25,73;363,20;903,57;24,70;68,26;5,09;86,48
15/04/2026;12:19:39;1007,08;25,73;363,20;903,54;25,20;67,54;4,58;117,42
15/04/2026;12:29:39;983,86;25,73;363,20;903,48;25,31;67,08;5,13;92,46
15/04/2026;12:39:39;983,39;25,74;363,20;903,31;25,80;65,58;2,42;138,16
15/04/2026;12:49:39;968,95;25,73;363,20;903,22;25,83;66,80;1,43;104,06
15/04/2026;12:59:39;925,18;25,73;363,20;903,14;25,62;65,58;2,44;92,81
15/04/2026;13:09:39;903,97;25,73;363,20;903,10;25,97;64,53;2,68;95,97
15/04/2026;13:19:39;887,54;25,74;363,20;903,09;26,20;65,36;1,85;135,70
15/04/2026;13:29:39;880,48;25,73;363,20;903,04;26,47;62,71;3,35;140,62
15/04/2026;13:39:39;831,91;25,74;363,20;902,91;26,17;62,79;0,58;153,98
15/04/2026;13:49:39;709,24;25,74;363,20;902,82;26,52;61,44;2,96;84,37
15/04/2026;13:59:39;777,17;25,74;363,20;902,68;26,83;60,68;2,54;74,17
15/04/2026;14:09:39;749,33;25,74;363,20;902,64;26,54;61,38;0,00;179,29
15/04/2026;14:19:39;723,38;25,74;363,20;902,54;27,02;61,83;0,00;89,64
15/04/2026;14:29:39;682,98;25,74;363,20;902,43;26,91;62,24;1,94;114,60
15/04/2026;14:39:39;649,92;25,74;363,20;902,33;26,81;59,89;1,66;95,27
15/04/2026;14:49:39;611,46;25,74;363,20;902,33;27,00;61,16;1,68;100,89
15/04/2026;14:59:39;465,79;25,74;363,20;902,26;26,65;61,44;0,00;96,67
15/04/2026;15:09:39;524,00;25,73;363,20;902,26;26,47;61,86;0,49;163,82
15/04/2026;15:19:39;495,72;25,74;363,20;902,26;26,67;60,65;0,00;178,94
15/04/2026;15:29:39;452,24;25,73;363,20;902,21;26,99;59,54;1,19;115,66
15/04/2026;15:39:39;392,80;25,73;363,20;902,20;26,70;59,94;0,00;97,73
15/04/2026;15:49:39;353,54;25,74;363,20;902,17;26,52;60,35;0,00;131,13
15/04/2026;15:59:39;327,43;25,74;363,20;902,22;26,68;61,01;0,00;199,33
15/04/2026;16:09:39;289,82;25,73;363,20;902,24;26,40;60,41;0,00;141,67
15/04/2026;16:19:39;247,82;25,73;363,20;902,26;26,33;58,91;0,52;130,07
15/04/2026;16:29:39;213,83;25,74;363,20;902,21;26,21;61,12;1,29;168,39
15/04/2026;16:39:39;173,45;25,73;363,20;902,26;26,17;61,79;1,93;110,74
15/04/2026;16:49:39;137,30;25,73;363,20;902,32;25,98;63,32;0,00;132,53
15/04/2026;16:59:39;106,34;25,81;363,20;902,39;25,51;64,49;0,00;131,13
15/04/2026;17:09:39;76,23;25,79;363,20;902,37;25,16;65,82;0,00;123,04
15/04/2026;17:19:39;48,75;25,79;363,20;902,44;24,47;68,23;0,00;135,70
15/04/2026;17:29:39;26,02;25,80;363,20;902,47;23,96;70,10;0,00;147,65
15/04/2026;17:39:39;6,93;25,80;363,20;902,49;23,38;71,92;0,00;164,17
15/04/2026;17:49:39;1,83;25,81;363,20;902,52;22,95;73,70;0,00;149,06
15/04/2026;17:59:39;0,28;25,81;363,20;902,51;22,60;74,68;0,00;101,60
15/04/2026;18:09:39;0,13;25,82;363,20;902,51;22,33;74,96;0,00;173,67
15/04/2026;18:19:39;0,11;25,82;363,20;902,50;22,18;74,80;0,00;120,58
15/04/2026;18:29:39;0,12;25,82;363,20;902,56;22,08;74,89;0,00;103,71
15/04/2026;18:39:39;0,12;25,81;363,20;902,60;21,81;75,95;0,00;126,56
15/04/2026;18:49:39;0,11;25,82;363,20;902,60;21,61;76,71;0,00;98,78
15/04/2026;18:59:39;0,11;25,81;363,20;902,78;21,42;77,73;0,00;86,13
15/04/2026;19:09:39;0,11;25,81;363,20;902,84;21,29;78,05;0,00;163,47
15/04/2026;19:19:39;0,11;25,81;363,20;902,87;21,15;78,78;0,00;80,15
15/04/2026;19:29:39;0,11;25,81;363,20;902,95;20,92;79,36;0,00;142,73
15/04/2026;19:39:39;0,10;25,81;363,20;902,91;20,86;79,39;0,00;90,35
15/04/2026;19:49:39;0,12;25,81;363,20;902,96;20,81;79,41;0,00;97,38
15/04/2026;19:59:39;0,12;25,81;363,20;903,05;20,68;79,76;0,00;86,13
15/04/2026;20:09:39;0,11;25,81;363,20;903,16;20,56;79,80;0,00;107,57
15/04/2026;20:19:39;0,11;25,82;363,20;903,22;20,43;80,20;0,00;117,77
15/04/2026;20:29:39;0,10;25,80;363,20;903,26;20,39;80,12;0,00;66,79
15/04/2026;20:39:39;0,10;25,81;363,20;903,34;20,40;80,09;0,00;107,57
15/04/2026;20:49:39;0,11;25,81;363,20;903,39;20,26;80,64;0,00;98,78
15/04/2026;20:59:39;0,12;25,82;363,20;903,32;20,12;81,22;0,00;107,57
15/04/2026;21:09:39;0,10;25,82;363,20;903,32;19,97;81,74;0,00;113,20
15/04/2026;21:19:39;0,11;25,81;363,20;903,38;19,87;82,06;0,00;88,59
15/04/2026;21:29:39;0,11;25,82;363,20;903,36;19,74;82,52;0,00;128,67
15/04/2026;21:39:39;0,13;25,81;363,20;903,26;19,71;82,71;0,00;80,15
15/04/2026;21:49:39;0,11;25,82;363,20;903,25;19,73;82,80;0,00;105,82
15/04/2026;21:59:39;0,11;25,81;363,20;903,17;19,61;83,04;0,00;95,62
15/04/2026;22:09:39;0,11;25,81;363,20;903,13;19,54;83,23;0,00;80,15
15/04/2026;22:19:39;0,10;25,81;363,20;903,32;19,51;83,37;0,00;91,05
15/04/2026;22:29:39;0,12;25,81;363,20;903,39;19,28;83,86;0,00;120,58
15/04/2026;22:39:39;0,12;25,81;363,20;903,29;19,26;83,94;0,00;103,00
15/04/2026;22:49:39;0,13;25,81;363,20;903,25;19,15;84,23;0,53;116,01
15/04/2026;22:59:39;0,11;25,81;363,20;903,13;19,02;84,55;0,00;110,74
15/04/2026;23:09:39;0,10;25,81;363,20;903,05;18,99;84,69;0,00;103,71
15/04/2026;23:19:39;0,11;25,80;363,20;903,04;18,91;84,97;0,00;127,61
15/04/2026;23:29:39;0,10;25,81;363,20;903,01;18,93;84,97;0,00;114,60
15/04/2026;23:39:39;0,12;25,81;363,20;903,10;18,79;85,29;0,00;145,19
15/04/2026;23:49:39;0,12;25,81;363,20;903,01;18,72;85,64;0,00;132,89
15/04/2026;23:59:39;0,12;25,81;363,20;902,90;18,87;85,55;3,19;132,89
16/04/2026;00:09:39;0,12;25,81;363,20;902,81;18,73;85,90;1,82;117,77
16/04/2026;00:19:39;0,12;25,81;363,20;902,73;18,65;86,24;3,85;113,20
16/04/2026;00:29:39;0,11;25,80;363,20;902,74;18,56;86,57;2,25;103,71
16/04/2026;00:39:39;0,12;25,80;363,20;902,72;18,51;86,77;2,58;103,00
16/04/2026;00:49:39;0,11;25,81;363,20;902,65;18,46;86,97;1,75;104,06
16/04/2026;00:59:39;0,10;25,80;363,20;902,63;18,40;87,09;2,28;129,37
16/04/2026;01:09:39;0,12;25,81;363,20;902,56;18,36;87,22;2,32;126,21
16/04/2026;01:19:39;0,10;25,80;363,20;902,50;18,33;87,24;1,77;134,29
16/04/2026;01:29:39;0,11;25,80;363,20;902,51;18,35;87,26;2,48;110,74
16/04/2026;01:39:39;0,12;25,80;363,20;902,50;18,36;87,33;2,04;141,67
16/04/2026;01:49:39;0,11;25,80;363,20;902,53;18,26;87,48;1,59;114,96
16/04/2026;01:59:39;0,11;25,80;363,20;902,49;18,22;87,76;1,75;125,85
16/04/2026;02:09:39;0,11;25,79;363,20;902,47;18,19;87,95;1,98;111,44
16/04/2026;02:19:39;0,11;25,79;363,20;902,56;18,03;88,10;1,39;137,81
16/04/2026;02:29:39;0,11;25,81;363,20;902,55;18,04;88,38;1,20;120,58
16/04/2026;02:39:39;0,10;25,80;363,20;902,54;18,20;88,01;1,47;120,93
16/04/2026;02:49:39;0,11;25,80;363,20;902,54;18,03;88,08;1,82;129,72
16/04/2026;02:59:39;0,12;25,79;363,20;902,56;17,88;88,37;2,70;119,53
16/04/2026;03:09:39;0,12;25,80;363,20;902,56;17,88;88,45;2,73;131,83
16/04/2026;03:19:39;0,10;25,80;363,20;902,55;17,89;88,42;2,32;117,77
16/04/2026;03:29:39;0,11;25,80;363,20;902,42;17,92;88,23;2,45;122,34
16/04/2026;03:39:39;0,12;25,80;363,20;902,36;17,88;88,31;2,55;98,08
16/04/2026;03:49:39;0,13;25,79;363,20;902,27;17,72;88,49;2,23;116,36
16/04/2026;03:59:39;0,12;25,79;363,20;902,24;17,59;88,75;2,42;121,99
16/04/2026;04:09:39;0,10;25,80;363,20;902,29;17,48;89,00;2,55;148,35
16/04/2026;04:19:39;0,12;25,80;363,20;902,39;17,48;89,25;2,47;127,96
16/04/2026;04:29:39;0,11;25,80;363,20;902,36;17,51;89,44;2,23;123,04
16/04/2026;04:39:39;0,10;25,80;363,20;902,35;17,40;89,31;2,03;130,78
16/04/2026;04:49:39;0,11;25,79;363,20;902,27;17,45;89,18;2,91;130,78
16/04/2026;04:59:39;0,11;25,80;363,20;902,25;17,43;89,18;3,55;134,64
16/04/2026;05:09:39;0,11;25,79;363,20;902,33;17,51;89,21;2,90;113,90
16/04/2026;05:19:39;0,11;25,80;363,20;902,39;17,49;89,28;1,94;117,07
16/04/2026;05:29:39;0,14;25,79;363,20;902,59;17,43;89,21;2,79;130,07
16/04/2026;05:39:39;0,61;25,79;363,20;902,75;17,35;89,31;2,80;139,21
16/04/2026;05:49:39;2,97;25,80;363,20;902,97;17,30;89,49;1,78;144,14
16/04/2026;05:59:39;8,51;25,79;363,20;903,04;17,21;89,74;2,19;130,42
16/04/2026;06:09:39;21,39;25,79;363,20;903,10;17,21;90,04;1,20;136,05
16/04/2026;06:19:39;36,17;25,79;363,20;903,17;17,46;90,36;1,58;118,47
16/04/2026;06:29:39;70,89;25,80;363,20;903,30;17,61;90,51;2,55;112,14
16/04/2026;06:39:39;126,37;25,79;363,20;903,27;17,91;90,49;2,34;82,96
16/04/2026;06:49:39;166,91;25,79;363,20;903,39;18,15;89,89;1,56;97,73
16/04/2026;06:59:39;96,63;25,80;363,20;903,52;18,20;89,52;3,03;149,06
16/04/2026;07:09:39;154,24;25,80;363,20;903,70;18,46;89,12;1,84;122,69
16/04/2026;07:19:39;154,58;25,80;363,20;903,82;18,76;88,66;4,03;110,74
16/04/2026;07:29:39;165,60;25,79;363,20;903,88;18,97;87,70;3,30;113,55
16/04/2026;07:39:39;160,33;25,79;363,20;904,08;18,87;88,25;3,43;166,64
16/04/2026;07:49:39;244,93;25,80;363,20;904,11;18,91;88,28;2,02;132,89
16/04/2026;07:59:39;201,90;25,80;363,20;904,31;19,09;87,44;3,05;133,59
16/04/2026;08:09:39;384,42;25,79;363,20;904,42;19,02;87,54;3,69;153,98
16/04/2026;08:19:39;304,61;25,79;363,20;904,56;19,50;86,64;4,15;113,90
16/04/2026;08:29:39;664,50;25,80;363,20;904,61;20,77;84,29;2,70;138,86
16/04/2026;08:39:39;358,04;25,81;363,20;904,72;21,06;83,02;3,95;120,23
16/04/2026;08:49:39;418,82;25,79;363,20;904,72;20,26;84,30;3,53;78,39
16/04/2026;08:59:39;216,26;25,80;363,20;904,80;20,51;84,61;1,94;82,61
16/04/2026;09:09:39;220,55;25,81;363,20;904,88;20,60;84,49;2,93;104,06
16/04/2026;09:19:39;325,06;25,80;363,20;904,92;20,34;84,37;3,78;124,45
16/04/2026;09:29:39;351,05;25,80;363,20;905,00;20,70;83,71;4,62;117,42
16/04/2026;09:39:39;381,49;25,80;363,20;904,87;21,05;82,55;2,54;13,71
16/04/2026;09:49:39;300,82;25,80;363,20;904,87;21,74;81,97;4,69;101,25
16/04/2026;09:59:39;260,68;25,80;363,20;904,88;21,21;82,93;4,09;103,35
16/04/2026;10:09:39;359,31;25,80;363,20;904,78;21,34;83,14;2,69;126,91
16/04/2026;10:19:43;652,21;25,80;363,20;904,68;21,99;82,12;3,47;62,92
16/04/2026;10:29:43;357,05;25,80;363,20;904,64;22,12;81,03;2,59;156,79
16/04/2026;10:39:43;485,55;25,80;363,20;904,57;22,04;80,66;2,17;90,35
16/04/2026;10:49:43;619,38;25,80;363,20;904,31;22,77;79,22;3,12;118,82
16/04/2026;10:59:43;463,45;25,80;363,20;904,09;22,88;78,25;1,59;161,36
16/04/2026;11:09:43;576,86;25,80;363,20;903,98;23,11;77,99;2,47;120,58
16/04/2026;11:19:43;596,22;25,80;363,20;903,79;23,25;75,34;2,01;76,99
16/04/2026;11:29:43;405,74;25,81;363,20;903,64;23,21;77,96;0,37;137,10
16/04/2026;11:39:43;368,33;25,80;363,20;903,40;23,70;76,71;0,42;162,77
16/04/2026;11:49:43;363,23;25,80;363,20;903,29;23,43;75,65;2,77;113,90
16/04/2026;11:59:43;510,44;25,77;363,20;903,18;24,28;73,24;0,00;87,18
16/04/2026;12:09:43;431,63;25,75;363,20;903,04;24,64;70,91;0,47;121,64
16/04/2026;12:19:43;1087,74;25,76;363,20;902,86;24,01;72,03;3,58;100,54
16/04/2026;12:29:43;537,14;25,75;363,20;902,60;24,36;72,38;0,00;114,60
16/04/2026;12:39:43;1029,64;25,75;363,20;902,35;25,05;69,44;0,37;29,17
16/04/2026;12:49:43;326,88;25,73;363,20;902,27;24,91;69,35;0,00;148,71
16/04/2026;12:59:43;323,76;25,73;363,20;902,21;24,29;70,54;0,34;144,84
16/04/2026;13:09:43;1146,97;25,73;363,20;901,99;24,64;68,87;0,00;123,75
16/04/2026;13:19:43;695,41;25,73;363,20;901,93;25,29;68,66;4,99;115,31
16/04/2026;13:29:43;937,63;25,73;363,20;901,74;24,78;70,59;0,00;110,03
16/04/2026;13:39:43;587,37;25,73;363,20;901,60;25,39;67,05;0,00;82,26
16/04/2026;13:49:43;330,03;25,74;363,20;901,50;24,57;69,97;0,00;114,60
16/04/2026;13:59:43;818,58;25,73;363,20;901,39;25,47;66,73;0,00;98,78
16/04/2026;14:09:43;672,22;25,74;363,20;901,23;25,74;66,40;0,00;170,50
16/04/2026;14:19:43;251,62;25,73;363,20;901,19;25,05;68,83;2,86;149,06
16/04/2026;14:29:43;229,85;25,73;363,20;901,05;24,70;67,30;0,00;127,96
16/04/2026;14:39:43;755,26;25,73;363,20;900,99;25,91;64,85;0,43;146,60
16/04/2026;14:49:43;275,04;25,73;363,20;900,96;25,53;65,69;0,00;152,92
16/04/2026;14:59:43;382,95;25,74;363,20;900,88;26,27;62,59;1,56;136,40
16/04/2026;15:09:43;441,87;25,73;363,20;900,77;26,03;64,82;0,00;71,71
16/04/2026;15:19:43;477,45;25,74;363,20;900,76;26,22;63,15;0,00;192,65
16/04/2026;15:29:43;448,83;25,73;363,20;900,76;26,31;64,79;0,00;108,98
16/04/2026;15:39:43;65,61;25,74;363,20;900,75;26,04;64,73;0,00;109,68
16/04/2026;15:49:43;380,87;25,73;363,20;900,72;26,06;65,82;0,00;144,14
16/04/2026;15:59:43;338,27;25,73;363,20;900,68;26,06;64,85;0,00;100,19
16/04/2026;16:09:43;294,99;25,73;363,20;900,65;26,21;64,21;0,00;84,37
16/04/2026;16:19:43;253,15;25,73;363,20;900,61;25,96;64,47;0,00;131,13
16/04/2026;16:29:43;212,96;25,73;363,20;900,65;26,04;64,91;0,00;150,11
16/04/2026;16:39:43;175,64;25,73;363,20;900,65;25,81;62,99;0,00;127,61
16/04/2026;16:49:43;137,09;25,74;363,20;900,71;25,72;64,43;0,00;125,15
16/04/2026;16:59:43;103,30;25,80;363,20;900,77;25,27;66,35;0,00;160,66
16/04/2026;17:09:43;75,22;25,80;363,20;900,75;24,97;67,37;0,00;141,32
16/04/2026;17:19:43;24,01;25,80;363,20;900,89;24,46;69,72;0,00;145,54
16/04/2026;17:29:43;21,51;25,80;363,20;900,94;23,76;72,13;0,00;155,39
16/04/2026;17:39:43;6,18;25,80;363,20;900,96;23,39;73,32;0,00;141,67
16/04/2026;17:49:43;1,72;25,79;363,20;901,01;23,05;74,86;0,00;161,71
16/04/2026;17:59:43;0,26;25,79;363,20;901,06;22,81;75,33;0,00;156,09
16/04/2026;18:09:43;0,12;25,79;363,20;901,11;22,54;76,05;0,00;132,18
16/04/2026;18:19:43;0,11;25,78;363,20;901,14;22,34;77,00;0,00;139,92
16/04/2026;18:29:43;0,11;25,78;363,20;901,04;22,10;77,21;0,00;125,15
16/04/2026;18:39:43;0,11;25,78;363,20;901,09;21,98;77,68;0,00;120,93
16/04/2026;18:49:43;0,11;25,78;363,20;901,15;21,84;77,94;0,00;116,36
16/04/2026;18:59:43;0,12;25,78;363,20;901,16;21,81;78,28;0,00;126,91
16/04/2026;19:09:43;0,11;25,79;363,20;901,25;21,88;78,02;0,00;102,65
16/04/2026;19:19:43;0,13;25,78;363,20;901,34;21,87;78,33;0,00;120,23
16/04/2026;19:29:43;0,11;25,78;363,20;901,41;21,81;78,44;0,00;106,52
16/04/2026;19:39:43;0,12;25,78;363,20;901,50;21,77;78,47;0,00;111,09
16/04/2026;19:49:43;0,11;25,78;363,20;901,60;21,91;78,02;0,00;78,75
16/04/2026;19:59:43;0,11;25,78;363,20;901,71;21,95;78,21;0,00;107,92
16/04/2026;20:09:43;0,12;25,78;363,20;901,81;21,89;78,38;0,00;108,63
16/04/2026;20:19:43;0,11;25,78;363,20;901,90;21,90;77,59;0,00;153,63
16/04/2026;20:29:43;0,12;25,77;363,20;901,95;21,79;78,66;0,00;98,78
16/04/2026;20:39:43;0,11;25,78;363,20;901,97;21,65;78,88;0,00;87,89
16/04/2026;20:49:43;0,11;25,78;363,20;901,99;21,55;78,65;0,00;106,87
16/04/2026;20:59:43;0,11;25,78;363,20;901,99;21,60;78,79;0,00;104,06
16/04/2026;21:09:43;0,12;25,78;363,20;902,01;21,59;78,18;0,00;129,02
16/04/2026;21:19:43;0,11;25,78;363,20;902,09;21,53;78,56;0,00;118,47
16/04/2026;21:29:43;0,10;25,78;363,20;902,16;21,53;78,92;0,00;87,89
16/04/2026;21:39:43;0,12;25,78;363,20;902,16;21,47;78,20;0,00;70,66
16/04/2026;21:49:43;0,12;25,78;363,20;902,07;21,54;77,64;0,00;95,62
16/04/2026;21:59:43;0,11;25,78;363,20;902,02;21,50;77,45;0,00;91,40
16/04/2026;22:09:43;0,13;25,78;363,20;902,15;21,53;77,18;0,00;113,20
16/04/2026;22:19:43;0,11;25,77;363,20;902,12;21,47;77,37;0,00;132,53
16/04/2026;22:29:43;0,11;25,78;363,20;901,95;21,33;78,03;0,00;91,75
16/04/2026;22:39:43;0,11;25,77;363,20;902,01;21,16;78,43;0,00;42,89
16/04/2026;22:49:43;0,13;25,77;363,20;901,94;20,64;80,62;0,00;86,48
16/04/2026;22:59:43;0,12;25,78;363,20;901,95;20,39;81,65;0,00;76,64
16/04/2026;23:09:43;0,12;25,77;363,20;901,72;20,22;82,03;0,00;99,49
16/04/2026;23:19:43;0,12;25,77;363,20;901,64;20,19;81,94;0,00;121,64
16/04/2026;23:29:43;0,10;25,78;363,20;901,58;19,65;83,32;0,00;139,92
16/04/2026;23:39:43;0,11;25,79;363,20;901,64;19,70;83,07;0,00;116,71
16/04/2026;23:49:43;0,10;25,79;363,20;901,69;19,50;83,31;0,00;150,46
16/04/2026;23:59:43;0,11;25,79;363,20;901,74;19,54;83,07;0,00;134,64
17/04/2026;00:09:43;0,12;25,79;363,20;901,73;19,42;83,29;0,00;149,41
17/04/2026;00:19:43;0,13;25,79;363,20;901,57;19,52;83,09;0,00;132,53
17/04/2026;00:29:43;0,11;25,79;363,20;901,52;19,58;82,96;0,39;135,35
17/04/2026;00:39:43;0,10;25,78;363,20;901,52;19,68;82,80;0,00;131,48
17/04/2026;00:49:43;0,10;25,78;363,20;901,53;19,45;83,20;0,00;124,10
17/04/2026;00:59:43;0,12;25,79;363,20;901,53;19,30;83,61;0,40;101,25
17/04/2026;01:09:43;0,12;25,78;363,20;901,37;19,08;84,20;0,00;127,26
17/04/2026;01:19:43;0,11;25,78;363,20;901,33;18,96;84,64;0,00;110,74
17/04/2026;01:29:43;0,12;25,79;363,20;901,32;18,79;85,03;0,00;108,98
17/04/2026;01:39:43;0,11;25,79;363,20;901,21;18,65;85,61;0,00;133,59
17/04/2026;01:49:43;0,10;25,79;363,20;901,14;18,71;86,09;2,01;159,25
17/04/2026;01:56:07;0,00;0,00;0,00;0,00;0,00;0,00;0,00;0,00
17/04/2026;02:06:07;0,00;0,00;0,00;0,00;0,00;0,00;0,00;0,00
17/04/2026;02:16:07;0,00;0,00;0,00;0,00;0,00;0,00;0,00;0,00
17/04/2026;02:26:07;0,00;0,00;0,00;0,00;0,00;0,00;0,00;0,00
17/04/2026;02:36:07;0,00;0,00;0,00;0,00;0,00;0,00;0,00;0,00
17/04/2026;02:46:07;0,00;0,00;0,00;0,00;0,00;0,00;0,00;0,00
17/04/2026;02:56:07;0,00;0,00;0,00;0,00;0,00;0,00;0,00;0,00
17/04/2026;03:06:07;0,00;0,00;0,00;0,00;0,00;0,00;0,00;0,00
17/04/2026;03:16:07;0,00;0,00;0,00;0,00;0,00;0,00;0,00;0,00
17/04/2026;03:26:07;0,00;0,00;0,00;0,00;0,00;0,00;0,00;0,00
17/04/2026;03:36:07;0,00;0,00;0,00;0,00;0,00;0,00;0,00;0,00
17/04/2026;03:46:07;0,00;0,00;0,00;0,00;0,00;0,00;0,00;0,00
17/04/2026;03:56:07;0,00;0,00;0,00;0,00;0,00;0,00;0,00;0,00
17/04/2026;04:06:07;0,00;0,00;0,00;0,00;0,00;0,00;0,00;0,00
17/04/2026;04:16:07;0,00;0,00;0,00;0,00;0,00;0,00;0,00;0,00
17/04/2026;04:26:07;0,00;0,00;0,00;0,00;0,00;0,00;0,00;0,00
17/04/2026;01:56:07;0,00;0,00;0,00;0,00;0,00;0,00;0,00;0,00
17/04/2026;02:06:07;0,00;0,00;0,00;0,00;0,00;0,00;0,00;0,00
17/04/2026;02:16:07;0,00;0,00;0,00;0,00;0,00;0,00;0,00;0,00
17/04/2026;02:26:07;0,00;0,00;0,00;0,00;0,00;0,00;0,00;0,00
17/04/2026;02:36:07;0,00;0,00;0,00;0,00;0,00;0,00;0,00;0,00
17/04/2026;02:46:07;0,00;0,00;0,00;0,00;0,00;0,00;0,00;0,00
17/04/2026;02:56:07;0,00;0,00;0,00;0,00;0,00;0,00;0,00;0,00
17/04/2026;03:06:07;0,00;0,00;0,00;0,00;0,00;0,00;0,00;0,00
17/04/2026;03:16:07;0,00;0,00;0,00;0,00;0,00;0,00;0,00;0,00
17/04/2026;03:26:07;0,00;0,00;0,00;0,00;0,00;0,00;0,00;0,00
17/04/2026;03:36:07;0,00;0,00;0,00;0,00;0,00;0,00;0,00;0,00
17/04/2026;03:46:07;0,00;0,00;0,00;0,00;0,00;0,00;0,00;0,00
17/04/2026;03:56:07;0,00;0,00;0,00;0,00;0,00;0,00;0,00;0,00
17/04/2026;04:06:07;0,00;0,00;0,00;0,00;0,00;0,00;0,00;0,00
17/04/2026;04:16:07;0,00;0,00;0,00;0,00;0,00;0,00;0,00;0,00
17/04/2026;04:26:07;0,00;0,00;0,00;0,00;0,00;0,00;0,00;0,00
17/04/2026;01:56:07;0,00;0,00;0,00;0,00;0,00;0,00;0,00;0,00
17/04/2026;02:06:07;0,00;0,00;0,00;0,00;0,00;0,00;0,00;0,00
17/04/2026;02:16:07;0,00;0,00;0,00;0,00;0,00;0,00;0,00;0,00
17/04/2026;02:26:07;0,00;0,00;0,00;0,00;0,00;0,00;0,00;0,00
17/04/2026;02:36:07;0,00;0,00;0,00;0,00;0,00;0,00;0,00;0,00
17/04/2026;02:46:07;0,00;0,00;0,00;0,00;0,00;0,00;0,00;0,00
17/04/2026;02:56:07;0,00;0,00;0,00;0,00;0,00;0,00;0,00;0,00
17/04/2026;03:06:07;0,00;0,00;0,00;0,00;0,00;0,00;0,00;0,00
17/04/2026;03:16:07;0,00;0,00;0,00;0,00;0,00;0,00;0,00;0,00
17/04/2026;03:26:07;0,00;0,00;0,00;0,00;0,00;0,00;0,00;0,00
17/04/2026;03:36:07;0,00;0,00;0,00;0,00;0,00;0,00;0,00;0,00
17/04/2026;03:46:07;0,00;0,00;0,00;0,00;0,00;0,00;0,00;0,00
17/04/2026;03:56:07;0,00;0,00;0,00;0,00;0,00;0,00;0,00;0,00
17/04/2026;04:06:07;0,00;0,00;0,00;0,00;0,00;0,00;0,00;0,00
17/04/2026;04:16:07;0,00;0,00;0,00;0,00;0,00;0,00;0,00;0,00
17/04/2026;04:26:07;0,00;0,00;0,00;0,00;0,00;0,00;0,00;0,00
17/04/2026;01:56:07;0,00;0,00;0,00;0,00;0,00;0,00;0,00;0,00
17/04/2026;02:06:07;0,00;0,00;0,00;0,00;0,00;0,00;0,00;0,00
17/04/2026;01:56:19;0,09;25,78;363,20;901,10;18,72;86,12;1,75;136,75
17/04/2026;02:06:19;0,11;25,78;363,20;901,06;18,68;86,60;3,23;135,70
17/04/2026;02:16:19;0,12;25,78;363,20;901,05;18,67;86,68;2,06;132,89
17/04/2026;02:26:19;0,12;25,78;363,20;901,01;18,68;86,77;3,33;126,91
17/04/2026;02:36:19;0,12;25,78;363,20;900,92;18,65;86,90;1,91;89,64
17/04/2026;02:46:19;0,11;25,78;363,20;900,83;18,55;87,12;1,80;98,43
17/04/2026;02:56:19;0,12;25,78;363,20;900,78;18,48;87,30;1,34;116,36
17/04/2026;03:06:19;0,12;25,77;363,20;900,82;18,35;87,60;1,67;125,15
17/04/2026;03:16:19;0,10;25,77;363,20;900,77;18,27;87,84;1,46;112,14
17/04/2026;03:26:19;0,10;25,78;363,20;900,80;18,21;88,03;1,48;110,03
17/04/2026;03:36:19;0,10;25,77;363,20;900,87;18,19;88,25;1,79;133,59
17/04/2026;03:46:19;0,11;25,78;363,20;900,90;18,15;88,27;1,22;130,42
17/04/2026;03:56:19;0,11;25,78;363,20;900,98;18,08;88,32;1,36;140,97
17/04/2026;04:06:19;0,09;25,78;363,20;900,90;18,00;88,57;2,14;147,65
17/04/2026;04:16:19;0,11;25,78;363,20;900,91;17,99;88,73;2,19;106,52
17/04/2026;04:26:19;0,11;25,77;363,20;900,90;18,04;89,04;2,02;138,86
17/04/2026;04:36:19;0,11;25,78;363,20;900,96;18,00;88,99;2,20;122,69
17/04/2026;04:46:19;0,12;25,77;363,20;901,02;17,89;89,22;1,20;113,20
17/04/2026;04:56:19;0,10;25,78;363,20;901,13;17,92;89,44;2,21;125,15
17/04/2026;05:06:19;0,11;25,77;363,20;901,17;17,85;89,57;2,51;128,32
17/04/2026;05:16:19;0,11;25,77;363,20;901,02;17,85;89,77;2,13;127,96
17/04/2026;05:26:19;0,11;25,78;363,20;901,13;17,79;89,76;2,01;117,42
17/04/2026;05:36:19;0,29;25,78;363,20;901,15;17,68;89,89;2,16;166,64
17/04/2026;05:46:19;2,63;25,78;363,20;901,30;17,74;90,17;3,02;147,65
17/04/2026;05:56:19;6,63;25,77;363,20;901,44;17,85;89,96;2,66;123,75
17/04/2026;06:06:19;14,20;25,77;363,20;901,53;17,85;89,91;1,92;131,83
17/04/2026;06:16:19;28,22;25,77;363,20;901,68;17,90;89,93;2,05;80,85
17/04/2026;06:26:19;105,01;25,77;363,20;901,68;18,05;90,17;2,36;148,00
17/04/2026;06:36:19;169,30;25,78;363,20;901,73;18,26;90,21;3,06;103,35
17/04/2026;06:46:19;218,46;25,76;363,20;901,84;18,66;89,80;1,68;88,94
17/04/2026;06:56:19;260,03;25,78;363,20;901,93;19,07;88,88;2,96;73,82
17/04/2026;07:06:19;285,10;25,78;363,20;901,97;19,36;88,03;1,76;108,98
17/04/2026;07:16:19;236,26;25,77;363,20;902,16;19,74;87,44;2,14;112,50
17/04/2026;07:26:19;371,50;25,78;363,20;902,29;20,12;86,25;2,69;98,43
17/04/2026;07:36:19;405,11;25,78;363,20;902,47;20,57;85,55;1,48;128,32
17/04/2026;07:46:19;288,53;25,78;363,20;902,67;20,53;85,44;3,26;106,52
17/04/2026;07:56:19;501,52;25,78;363,20;902,76;20,60;85,05;2,18;123,39
17/04/2026;08:06:19;528,12;25,78;363,20;902,86;21,02;84,13;1,79;130,07
17/04/2026;08:16:19;563,47;25,78;363,20;902,96;21,51;83,46;3,78;108,28
17/04/2026;08:26:19;584,48;25,78;363,20;902,99;22,04;81,84;0,00;81,91
17/04/2026;08:36:19;626,76;25,79;363,20;902,90;22,28;81,58;2,97;95,27
17/04/2026;08:46:19;659,56;25,79;363,20;902,99;22,52;81,02;0,00;124,10
17/04/2026;08:56:19;682,08;25,80;363,20;903,12;22,90;80,04;0,00;83,32
17/04/2026;09:06:19;733,43;25,79;363,20;903,20;23,16;78,79;0,00;54,84
17/04/2026;09:16:19;728,12;25,79;363,20;903,24;23,65;78,58;2,10;58,71
17/04/2026;09:26:19;767,59;25,79;363,20;903,23;24,24;79,15;0,00;26,71
17/04/2026;09:36:19;827,10;25,79;363,20;903,04;24,11;76,20;0,00;45,35
17/04/2026;09:46:19;850,00;25,80;363,20;903,02;24,68;75,50;0,00;47,10
17/04/2026;09:56:19;864,01;25,78;363,20;902,92;24,77;74,68;3,77;39,72
17/04/2026;10:06:19;859,85;25,78;363,20;902,83;25,33;75,88;0,00;100,19
17/04/2026;10:16:19;874,02;25,76;363,20;902,70;25,27;73,89;0,38;43,24
17/04/2026;10:26:19;908,56;25,76;363,20;902,70;25,35;72,03;0,00;21,44
17/04/2026;10:36:19;1028,47;25,76;363,20;902,56;25,86;70,32;0,00;71,01
17/04/2026;10:46:19;966,07;25,76;363,20;902,36;25,82;68,87;0,00;97,38
17/04/2026;10:56:19;1062,84;25,74;363,20;902,23;25,89;68,60;0,34;54,49
17/04/2026;11:06:19;1015,95;25,74;363,20;902,10;26,77;66,30;0,00;341,36
17/04/2026;11:16:19;1033,55;25,75;363,20;902,04;26,53;66,63;0,00;23,90
17/04/2026;11:26:19;987,60;25,75;363,20;901,90;27,21;63,31;0,46;71,01
17/04/2026;11:36:19;1022,30;25,74;363,20;901,81;27,31;63,93;0,00;338,90
17/04/2026;11:46:19;1011,31;25,74;363,20;901,72;28,12;61,61;0,37;343,82
17/04/2026;11:56:19;1060,86;25,74;363,20;901,62;27,59;61,28;0,00;31,99
17/04/2026;12:06:19;1023,17;25,74;363,20;901,47;27,95;61,11;0,00;27,77
17/04/2026;12:16:19;1006,82;25,75;363,20;901,29;28,43;59,60;0,00;32,69
17/04/2026;12:26:19;1047,06;25,74;363,20;901,14;28,32;61,31;2,24;46,40
17/04/2026;12:36:19;679,24;25,75;363,20;901,03;28,56;58,95;0,00;54,14
17/04/2026;12:46:19;1006,67;25,74;363,20;900,84;28,10;59,16;0,00;144,14
17/04/2026;12:56:19;965,92;25,75;363,20;900,76;27,90;62,59;0,00;75,58
17/04/2026;13:06:19;398,50;25,74;363,20;900,70;28,17;60,01;0,00;123,39
17/04/2026;13:16:19;656,17;25,74;363,20;900,53;28,18;60,60;2,23;88,59
17/04/2026;13:26:19;461,95;25,75;363,20;900,50;27,91;58,98;0,00;118,47
17/04/2026;13:36:19;236,45;25,74;363,20;900,36;28,01;61,93;0,00;132,18
17/04/2026;13:46:19;381,48;25,75;363,20;900,19;27,17;65,79;0,00;139,92
17/04/2026;13:56:19;206,52;25,75;363,20;899,99;28,41;61,70;0,00;114,60
17/04/2026;14:06:19;241,77;25,74;363,20;899,95;27,46;62,37;0,00;52,38
17/04/2026;14:16:19;177,96;25,74;363,20;899,86;27,81;63,95;0,00;321,67
17/04/2026;14:26:19;204,97;25,74;363,20;899,79;27,21;66,00;0,00;109,68
17/04/2026;14:36:19;131,18;25,74;363,20;899,76;26,82;68,75;0,00;166,28
17/04/2026;14:46:19;123,77;25,76;363,20;899,63;26,50;71,16;0,00;193,71
17/04/2026;14:56:19;392,67;25,76;363,20;899,56;26,51;72,05;0,00;129,72
17/04/2026;15:06:19;204,04;25,76;363,20;899,53;27,19;66,38;0,37;135,00
17/04/2026;15:16:19;144,84;25,76;363,20;899,53;26,39;68,90;0,37;179,29
17/04/2026;15:26:19;245,91;25,76;363,20;899,53;26,70;69,75;0,00;159,60
17/04/2026;15:36:19;542,74;25,76;363,20;899,40;27,63;65,98;0,00;152,22
17/04/2026;15:46:19;422,93;25,76;363,20;899,33;27,69;62,50;3,04;187,03
17/04/2026;15:56:19;203,91;25,76;363,20;899,32;27,64;61,57;2,53;162,77
17/04/2026;16:06:19;384,27;25,76;363,20;899,40;27,83;60,34;2,91;151,52
17/04/2026;16:16:19;166,43;25,76;363,20;899,51;27,66;62,85;0,00;184,57
17/04/2026;16:26:19;307,19;25,76;363,20;899,54;27,10;65,14;0,33;136,40
17/04/2026;16:36:19;185,35;25,76;363,20;899,56;27,53;65,95;0,00;42,89
17/04/2026;16:46:19;45,67;25,75;363,20;899,56;26,79;66,86;2,09;143,43
17/04/2026;16:56:19;109,66;25,76;363,20;899,63;25,90;69,84;0,00;167,69
17/04/2026;17:06:19;65,40;25,77;363,20;899,58;25,84;69,90;0,00;159,96
17/04/2026;17:16:19;23,34;25,75;363,20;899,56;25,31;72,09;0,00;158,90
17/04/2026;17:26:19;15,40;25,75;363,20;899,50;24,69;74,70;0,00;159,60
17/04/2026;17:36:19;8,93;25,75;363,20;899,63;24,28;75,55;0,00;180,00
17/04/2026;17:46:19;3,78;25,74;363,20;899,61;24,05;76,05;0,00;170,50
17/04/2026;17:56:19;0,28;25,74;363,20;899,63;23,98;75,78;0,00;139,57
17/04/2026;18:06:19;0,11;25,75;363,20;899,70;24,04;75,28;0,00;138,51
17/04/2026;18:16:19;0,12;25,76;363,20;899,77;23,70;76,88;0,00;155,39
17/04/2026;18:26:19;0,11;25,76;363,20;899,94;23,73;76,47;0,00;154,68
17/04/2026;18:36:19;0,11;25,76;363,20;900,03;24,04;75,00;0,00;140,27
17/04/2026;18:46:19;0,12;25,76;363,20;900,19;23,64;77,02;0,00;75,93
17/04/2026;18:56:19;0,11;25,76;363,20;900,31;23,44;77,74;0,00;63,98
17/04/2026;19:06:19;0,12;25,76;363,20;900,42;23,44;77,52;0,00;94,21
17/04/2026;19:16:19;0,11;25,76;363,20;900,47;23,23;78,25;0,00;110,74
17/04/2026;19:26:19;0,10;25,75;363,20;900,64;22,86;78,82;0,00;93,86
17/04/2026;19:36:19;0,11;25,76;363,20;900,63;22,70;79,08;0,00;89,29
17/04/2026;19:46:19;0,11;25,76;363,20;900,75;22,47;79,72;0,00;112,50
17/04/2026;19:56:19;0,10;25,76;363,20;900,80;22,22;80,35;0,00;108,98
17/04/2026;20:06:19;0,11;25,77;363,20;900,91;21,97;80,78;0,00;112,85
17/04/2026;20:16:19;0,11;25,76;363,20;901,06;21,87;81,07;0,00;115,66
17/04/2026;20:26:19;0,11;25,76;363,20;901,03;21,81;81,21;0,00;125,15
17/04/2026;20:36:19;0,11;25,76;363,20;901,09;21,61;81,54;0,00;102,30
17/04/2026;20:46:19;0,12;25,75;363,20;901,25;21,58;81,74;0,00;124,80
17/04/2026;20:56:19;0,11;25,75;363,20;901,39;21,34;82,25;0,00;122,34
17/04/2026;21:06:19;0,12;25,76;363,20;901,32;21,40;82,13;0,00;114,96
17/04/2026;21:16:19;0,10;25,75;363,20;901,25;21,34;82,13;0,00;102,65
17/04/2026;21:26:19;0,13;25,76;363,20;901,40;21,21;82,46;0,00;102,30
17/04/2026;21:36:19;0,13;25,75;363,20;901,40;21,02;82,85;0,00;120,93
17/04/2026;21:46:19;0,11;25,75;363,20;901,51;21,00;82,88;0,00;103,35
17/04/2026;21:56:19;0,11;25,75;363,20;901,61;20,65;83,65;0,00;148,35
17/04/2026;22:06:19;0,10;25,74;363,20;901,53;20,26;84,49;0,00;126,91
17/04/2026;22:16:19;0,13;25,75;363,20;901,51;20,29;84,34;0,00;129,37
17/04/2026;22:26:19;0,13;25,75;363,20;901,57;20,59;83,49;0,00;113,55
17/04/2026;22:36:19;0,10;25,74;363,20;901,59;20,91;82,97;0,00;123,39
17/04/2026;22:46:19;0,12;25,75;363,20;901,62;20,92;83,03;0,00;103,71
17/04/2026;22:56:19;0,11;25,75;363,20;901,62;20,50;83,97;0,00;67,14
17/04/2026;23:06:19;0,10;25,74;363,20;901,63;20,45;84,44;0,00;124,10
17/04/2026;23:16:19;0,11;25,75;363,20;901,63;20,21;84,86;0,00;125,50
17/04/2026;23:26:19;0,11;25,74;363,20;901,67;20,34;84,95;0,00;90,70
17/04/2026;23:36:19;0,11;25,74;363,20;901,68;20,30;85,23;0,00;121,28
17/04/2026;23:46:19;0,12;25,74;363,20;901,69;20,29;85,39;3,22;130,78
17/04/2026;23:56:19;0,11;25,74;363,20;901,73;20,51;85,22;2,10;171,56
18/04/2026;00:06:19;0,12;25,74;363,20;901,59;20,62;85,13;2,34;136,40
18/04/2026;00:16:19;0,10;25,74;363,20;901,53;20,55;85,30;1,73;110,03
18/04/2026;00:26:19;0,11;25,74;363,20;901,58;20,40;85,62;1,33;97,03
18/04/2026;00:36:19;0,10;25,74;363,20;901,37;20,21;86,03;1,06;129,37
18/04/2026;00:46:19;0,11;25,74;363,20;901,23;20,26;86,05;2,92;124,10
18/04/2026;00:56:19;0,12;25,75;363,20;901,07;20,17;86,25;2,67;125,50
18/04/2026;01:06:19;0,11;25,74;363,20;901,05;19,90;86,64;2,67;142,03
18/04/2026;01:16:19;0,10;25,74;363,20;900,92;19,86;86,89;2,98;97,03
18/04/2026;01:26:19;0,11;25,74;363,20;900,95;19,90;86,91;2,93;144,14
18/04/2026;01:36:19;0,12;25,74;363,20;900,72;19,82;87,16;2,75;154,33
18/04/2026;01:46:19;0,13;25,74;363,20;900,50;19,68;87,28;1,99;171,56
18/04/2026;01:56:19;0,12;25,74;363,20;900,47;19,59;87,54;2,49;125,50
18/04/2026;02:06:19;0,10;25,74;363,20;900,53;19,46;87,83;4,69;118,82
18/04/2026;02:16:19;0,12;25,74;363,20;900,55;19,50;87,80;2,30;92,46
18/04/2026;02:26:19;0,11;25,74;363,20;900,52;19,53;87,74;1,11;102,30
18/04/2026;02:36:19;0,12;25,73;363,20;900,45;19,41;88,05;1,70;99,49
18/04/2026;02:46:19;0,13;25,74;363,20;900,39;19,35;88,23;2,24;114,96
18/04/2026;02:56:19;0,13;25,74;363,20;900,51;19,24;88,37;1,78;116,36
18/04/2026;03:06:19;0,12;25,74;363,20;900,37;19,13;88,66;1,26;124,45
18/04/2026;03:16:19;0,10;25,74;363,20;900,30;19,12;88,71;2,95;107,22
18/04/2026;03:26:19;0,11;25,73;363,20;900,38;19,13;88,88;2,16;125,15
18/04/2026;03:36:19;0,12;25,73;363,20;900,36;19,23;88,83;2,00;122,34
18/04/2026;03:46:19;0,11;25,73;363,20;900,42;19,35;88,70;0,95;88,94
18/04/2026;03:56:19;0,11;25,74;363,20;900,24;19,36;88,59;2,76;131,83
18/04/2026;04:06:19;0,12;25,74;363,20;900,32;19,43;88,63;1,19;161,01
18/04/2026;04:16:19;0,11;25,74;363,20;900,30;19,57;88,44;2,25;142,38
18/04/2026;04:26:19;0,11;25,74;363,20;900,33;19,60;88,31;1,35;158,20
18/04/2026;04:36:19;0,11;25,74;363,20;900,34;19,62;88,25;2,40;148,35
18/04/2026;04:46:19;0,12;25,74;363,20;900,32;19,63;88,22;1,43;123,39
18/04/2026;04:56:19;0,11;25,74;363,20;900,27;19,56;88,36;2,19;119,53
18/04/2026;05:06:19;0,14;25,74;363,20;900,40;19,48;88,57;1,99;117,42
18/04/2026;05:16:19;0,12;25,74;363,20;900,45;19,53;88,68;0,63;109,33
18/04/2026;05:26:19;0,11;25,74;363,20;900,37;19,51;88,76;1,19;103,35
18/04/2026;05:36:19;0,15;25,74;363,20;900,57;19,53;88,71;0,00;104,06
18/04/2026;05:46:19;1,38;25,74;363,20;900,51;19,52;88,83;1,80;128,32
18/04/2026;05:56:19;4,97;25,73;363,20;900,66;19,56;88,73;0,00;142,38
18/04/2026;06:06:19;8,90;25,73;363,20;900,82;19,53;88,83;0,00;142,73
18/04/2026;06:16:19;13,45;25,74;363,20;900,72;19,60;88,81;1,27;97,03
18/04/2026;06:26:19;23,29;25,74;363,20;900,69;19,63;88,73;1,85;112,85
18/04/2026;06:36:19;43,51;25,73;363,20;900,89;19,69;88,75;1,26;113,90
18/04/2026;06:46:19;68,81;25,74;363,20;900,87;19,74;88,67;0,58;124,10
18/04/2026;06:56:19;96,06;25,74;363,20;900,97;20,00;88,51;1,52;91,75
18/04/2026;07:06:19;80,90;25,73;363,20;900,99;20,18;88,02;1,52;69,60
18/04/2026;07:16:19;89,44;25,74;363,20;901,05;20,30;87,84;0,48;56,95
18/04/2026;07:26:19;107,70;25,74;363,20;901,28;20,37;87,73;1,25;68,90
18/04/2026;07:36:19;129,22;25,73;363,20;901,41;20,48;87,66;2,13;98,43
18/04/2026;07:46:19;158,68;25,74;363,20;901,57;20,56;87,44;2,10;101,95
18/04/2026;07:56:19;194,57;25,74;363,20;901,72;20,74;87,29;0,99;129,37
18/04/2026;08:06:19;242,14;25,75;363,20;901,61;20,92;87,12;1,95;102,30
18/04/2026;08:16:19;270,29;25,74;363,20;901,70;21,25;86,05;1,90;120,58
18/04/2026;08:26:19;328,77;25,74;363,20;901,87;21,49;85,58;2,67;121,64
18/04/2026;08:36:19;236,35;25,74;363,20;902,11;21,74;85,19;2,01;108,98
18/04/2026;08:46:19;285,79;25,74;363,20;902,22;22,21;83,93;2,13;101,60
18/04/2026;08:56:19;624,64;25,74;363,20;902,34;22,21;83,98;1,91;114,60
18/04/2026;09:06:19;355,65;25,74;363,20;902,33;22,32;83,59;0,90;90,00
18/04/2026;09:16:19;763,00;25,75;363,20;902,32;22,94;83,32;0,00;118,82
18/04/2026;09:26:19;1017,69;25,76;363,20;902,24;24,13;81,81;0,00;114,96
18/04/2026;09:36:19;699,38;25,75;363,20;902,25;23,68;79,66;0,00;112,50
18/04/2026;09:46:19;753,84;25,75;363,20;902,30;23,79;80,43;0,38;84,72
18/04/2026;09:56:19;836,90;25,75;363,20;902,39;23,97;80,98;0,00;75,23
18/04/2026;10:06:19;1062,08;25,76;363,20;902,31;23,79;79,81;0,00;76,99
18/04/2026;10:16:19;1090,72;25,75;363,20;902,31;24,51;78,27;3,56;126,56
18/04/2026;10:26:19;1090,81;25,71;363,20;902,30;24,93;78,21;0,00;20,03
18/04/2026;10:36:19;600,96;25,69;363,20;902,27;24,98;77,32;0,00;84,37
18/04/2026;10:46:19;696,91;25,69;363,20;902,18;24,93;75,77;0,00;77,34
18/04/2026;10:56:19;861,40;25,69;363,20;902,09;25,35;72,83;0,00;99,84
18/04/2026;11:06:19;670,89;25,69;363,20;901,96;25,44;73,50;0,00;155,39
18/04/2026;11:16:19;588,38;25,70;363,20;901,83;25,48;74,06;0,00;181,05
18/04/2026;11:26:19;532,93;25,69;363,20;901,67;25,73;72,41;0,00;71,36
18/04/2026;11:36:19;905,02;25,69;363,20;901,60;26,21;73,83;0,00;136,05
18/04/2026;11:46:19;315,33;25,69;363,20;901,48;25,86;73,32;0,42;190,54
18/04/2026;11:56:19;594,41;25,69;363,20;901,37;25,72;75,32;0,00;169,10
18/04/2026;12:06:19;481,83;25,68;363,20;901,16;26,03;71,58;0,00;131,48
18/04/2026;12:16:19;653,61;25,69;363,20;901,06;26,13;74,33;0,00;73,47
18/04/2026;12:26:19;411,87;25,68;363,20;901,01;26,12;72,74;0,00;155,74
18/04/2026;12:36:19;976,91;25,69;363,20;900,86;26,04;71,38;0,00;108,63
18/04/2026;12:46:19;683,56;25,69;363,20;900,71;26,35;70,79;0,00;151,17
18/04/2026;12:56:19;809,01;25,69;363,20;900,54;27,20;67,21;0,00;153,98
18/04/2026;13:06:19;455,67;25,69;363,20;900,51;26,82;70,15;1,18;136,40
18/04/2026;13:16:19;500,81;25,69;363,20;900,42;26,43;70,79;3,02;203,20
18/04/2026;13:26:19;675,67;25,69;363,20;900,31;26,73;71,34;3,86;164,88
18/04/2026;13:36:19;341,15;25,69;363,20;900,22;26,08;73,19;4,45;149,41
18/04/2026;13:46:19;468,79;25,68;363,20;900,06;25,65;73,80;5,67;162,07
18/04/2026;13:56:19;472,31;25,69;363,20;899,90;26,65;72,22;0,00;123,75
18/04/2026;14:06:19;506,78;25,69;363,20;899,82;25,87;73,70;0,45;206,01
18/04/2026;14:16:19;430,49;25,69;363,20;899,84;25,60;75,03;1,31;174,02
18/04/2026;14:26:19;160,77;25,69;363,20;899,80;25,12;75,42;0,00;189,84
18/04/2026;14:36:19;209,23;25,69;363,20;899,69;24,62;77,62;3,76;177,89
18/04/2026;14:46:19;309,58;25,68;363,20;899,42;24,75;76,66;0,42;150,46
18/04/2026;14:56:19;417,50;25,69;363,20;899,43;25,32;75,55;5,56;192,65
18/04/2026;15:06:19;253,97;25,69;363,20;899,31;25,12;75,23;4,66;163,82
18/04/2026;15:16:19;172,63;25,69;363,20;899,43;24,47;77,80;4,83;163,82
18/04/2026;15:26:19;282,62;25,68;363,20;899,38;24,25;78,69;4,05;178,59
18/04/2026;15:36:19;570,95;25,69;363,20;899,11;24,24;79,39;2,04;226,40
18/04/2026;15:46:19;584,56;25,69;363,20;899,19;25,15;77,99;2,32;128,32
18/04/2026;15:56:19;316,16;25,69;363,20;899,40;24,51;78,98;0,45;153,28
18/04/2026;16:06:19;150,26;25,69;363,20;899,56;23,83;79,75;0,00;135,35
18/04/2026;16:16:19;158,13;25,69;363,20;899,53;23,76;79,42;0,00;114,96
18/04/2026;16:26:19;157,59;25,69;363,20;899,38;23,95;80,11;0,00;39,02
18/04/2026;16:36:19;87,06;25,74;363,20;899,36;23,60;80,47;0,00;104,06
18/04/2026;16:46:19;187,17;25,76;363,20;899,37;23,52;81,13;0,00;151,52
18/04/2026;16:56:19;142,93;25,75;363,20;899,40;23,98;79,60;0,41;157,50
18/04/2026;17:06:19;86,66;25,75;363,20;899,48;23,53;81,21;0,39;105,46
18/04/2026;17:16:19;31,71;25,76;363,20;899,52;23,13;82,05;0,00;145,54
18/04/2026;17:26:19;20,43;25,76;363,20;899,66;23,01;82,44;0,00;126,91
18/04/2026;17:36:19;5,39;25,77;363,20;899,72;22,58;83,20;0,00;159,25
18/04/2026;17:46:19;1,33;25,76;363,20;899,69;22,25;83,87;0,00;136,05
18/04/2026;17:56:19;0,19;25,77;363,20;899,64;21,94;84,45;0,00;107,92
18/04/2026;18:06:19;0,12;25,77;363,20;899,71;21,69;84,90;0,00;146,95
18/04/2026;18:16:19;0,11;25,77;363,20;899,55;21,55;85,11;0,00;113,90
18/04/2026;18:26:19;0,11;25,77;363,20;899,59;21,36;85,51;0,00;128,67
18/04/2026;18:36:19;0,12;25,77;363,20;899,46;21,35;85,17;0,00;138,16
18/04/2026;18:46:19;0,12;25,77;363,20;899,56;21,16;85,18;0,00;125,50
18/04/2026;18:56:19;0,12;25,75;363,20;899,59;20,91;85,51;0,00;120,23
18/04/2026;19:06:19;0,10;25,76;363,20;899,71;20,88;85,15;0,00;104,06
18/04/2026;19:16:19;0,11;25,76;363,20;899,77;20,63;85,35;0,00;64,33
18/04/2026;19:26:19;0,13;25,75;363,20;899,89;20,62;85,07;0,00;114,25
18/04/2026;19:36:19;0,11;25,75;363,20;900,09;20,60;84,83;0,00;63,63
18/04/2026;19:46:19;0,12;25,76;363,20;899,90;20,43;84,84;0,00;104,76
18/04/2026;19:56:19;0,11;25,76;363,20;900,08;20,39;84,93;0,00;97,38
18/04/2026;20:06:19;0,12;25,75;363,20;900,11;20,32;85,06;0,00;100,19
18/04/2026;20:16:19;0,12;25,75;363,20;900,31;20,44;84,93;0,00;113,90
18/04/2026;20:26:19;0,11;25,76;363,20;900,38;20,26;85,42;0,00;129,72
18/04/2026;20:36:19;0,11;25,75;363,20;900,31;20,19;85,27;0,00;118,12
18/04/2026;20:46:19;0,11;25,75;363,20;900,38;20,13;85,52;0,00;122,34
18/04/2026;20:56:19;0,11;25,76;363,20;900,46;20,24;85,64;0,00;116,36
18/04/2026;21:06:19;0,11;25,75;363,20;900,61;20,26;85,69;0,00;95,27
18/04/2026;21:16:19;0,11;25,75;363,20;900,80;20,30;85,84;0,00;114,60
18/04/2026;21:26:19;0,12;25,75;363,20;900,85;20,35;85,95;0,00;114,96
18/04/2026;21:36:19;0,12;25,75;363,20;900,77;20,46;86,05;0,00;126,56
18/04/2026;21:46:19;0,09;25,75;363,20;900,94;20,58;85,88;0,00;129,72
18/04/2026;21:56:19;0,11;25,75;363,20;901,07;20,62;85,87;0,00;121,99
18/04/2026;22:06:19;0,12;25,75;363,20;901,17;20,57;85,94;0,00;134,64
18/04/2026;22:16:19;0,11;25,75;363,20;901,32;20,29;86,23;0,00;142,38
18/04/2026;22:26:19;0,12;25,75;363,20;901,34;20,05;86,70;0,00;146,25
18/04/2026;22:36:19;0,12;25,75;363,20;901,28;20,13;86,71;0,00;137,46
18/04/2026;22:46:19;0,10;25,75;363,20;901,22;20,05;86,62;0,00;142,38
18/04/2026;22:56:19;0,12;25,75;363,20;901,27;20,10;86,71;0,00;119,53
18/04/2026;23:06:19;0,11;25,75;363,20;901,28;19,86;86,86;0,00;131,48
18/04/2026;23:16:19;0,12;25,75;363,20;901,28;19,52;87,64;0,00;131,48
18/04/2026;23:26:19;0,11;25,74;363,20;901,20;19,59;87,31;0,00;99,49
18/04/2026;23:36:19;0,12;25,75;363,20;901,42;19,53;87,80;0,00;82,96
18/04/2026;23:46:19;0,12;25,75;363,20;901,47;19,43;87,99;0,00;135,70
18/04/2026;23:56:19;0,11;25,74;363,20;901,48;19,42;88,57;1,98;138,16
19/04/2026;00:06:19;0,10;25,74;363,20;901,52;19,66;88,22;2,00;104,06
19/04/2026;00:16:19;0,11;25,74;363,20;901,54;19,74;87,98;0,00;156,44
19/04/2026;00:26:19;0,11;25,75;363,20;901,54;19,74;87,98;1,22;140,97
19/04/2026;00:36:19;0,11;25,74;363,20;901,46;19,74;88,12;1,92;129,72
19/04/2026;00:46:19;0,10;25,74;363,20;901,35;19,71;88,39;2,95;150,46
19/04/2026;00:56:19;0,12;25,75;363,20;901,25;19,82;88,35;1,54;117,07
19/04/2026;01:06:19;0,13;25,75;363,20;901,29;19,91;88,05;2,66;129,37
19/04/2026;01:16:19;0,10;25,75;363,20;901,29;19,89;88,05;1,18;168,39
19/04/2026;01:26:19;0,11;25,74;363,20;901,27;19,92;88,10;2,48;161,01
19/04/2026;01:36:19;0,12;25,75;363,20;901,31;19,92;88,02;2,08;164,17
19/04/2026;01:46:19;0,12;25,75;363,20;901,33;19,97;87,95;1,78;165,23
19/04/2026;01:56:19;0,11;25,74;363,20;901,39;19,96;88,01;1,66;112,14
19/04/2026;02:06:19;0,10;25,75;363,20;901,41;19,90;87,99;1,53;132,18
19/04/2026;02:16:19;0,11;25,75;363,20;901,33;19,74;88,25;0,00;140,27
19/04/2026;02:26:19;0,11;25,74;363,20;901,26;19,59;88,59;0,00;133,94
19/04/2026;02:36:19;0,10;25,75;363,20;901,18;19,72;88,81;1,03;139,92
19/04/2026;02:46:19;0,11;25,75;363,20;901,20;19,74;88,47;0,00;66,79
19/04/2026;02:56:19;0,12;25,75;363,20;901,15;19,65;88,75;0,00;123,04
19/04/2026;03:06:19;0,10;25,74;363,20;901,13;19,60;88,86;0,00;93,16
19/04/2026;03:16:19;0,13;25,74;363,20;901,15;19,44;89,02;2,02;131,13
19/04/2026;03:26:19;0,12;25,74;363,20;900,99;19,33;89,28;0,00;84,72
19/04/2026;03:36:19;0,11;25,74;363,20;901,04;19,13;89,32;1,74;48,86
19/04/2026;03:46:19;0,12;25,75;363,20;900,99;18,94;89,72;1,35;72,07
19/04/2026;03:56:19;0,11;25,74;363,20;901,01;18,93;89,94;0,00;67,50
19/04/2026;04:06:19;0,11;25,75;363,20;901,04;18,82;89,92;1,61;67,50
19/04/2026;04:16:19;0,12;25,74;363,20;901,14;18,77;90,06;1,39;87,18
19/04/2026;04:26:19;0,10;25,75;363,20;901,17;18,64;90,02;0,00;87,18
19/04/2026;04:36:19;0,11;25,75;363,20;901,15;18,51;90,12;1,26;116,36
19/04/2026;04:46:19;0,12;25,75;363,20;901,25;18,51;90,47;1,39;123,04
19/04/2026;04:56:19;0,13;25,74;363,20;901,42;18,30;90,27;1,45;148,00
19/04/2026;05:06:19;0,13;25,73;363,20;901,37;18,55;90,60;2,04;129,37
19/04/2026;05:16:19;0,13;25,73;363,20;901,47;18,63;90,66;1,99;122,34
19/04/2026;05:26:19;0,12;25,74;363,20;901,50;18,67;90,69;1,33;146,95
19/04/2026;05:36:19;0,18;25,72;363,20;901,51;18,77;90,79;2,14;133,94
19/04/2026;05:46:19;0,63;25,73;363,20;901,71;18,94;90,88;0,00;162,42
19/04/2026;05:56:19;2,38;25,74;363,20;901,85;19,14;91,04;0,00;191,60
19/04/2026;06:06:19;6,78;25,73;363,20;901,87;19,18;91,01;0,00;152,92
19/04/2026;06:16:19;8,93;25,73;363,20;901,93;19,22;91,08;0,00;121,99
19/04/2026;06:26:19;19,42;25,73;363,20;902,00;19,26;91,13;0,44;93,86
19/04/2026;06:36:19;43,00;25,74;363,20;902,09;19,41;91,23;1,67;111,09
19/04/2026;06:46:19;54,46;25,73;363,20;902,18;19,52;91,23;1,83;136,40
19/04/2026;06:56:19;111,20;25,73;363,20;902,41;19,56;91,16;0,98;141,32
19/04/2026;07:06:19;69,94;25,73;363,20;902,53;19,77;91,02;1,75;101,60
19/04/2026;07:16:19;118,59;25,73;363,20;902,59;19,94;90,84;2,54;72,42
19/04/2026;07:26:19;140,35;25,74;363,20;902,68;19,96;90,50;0,76;38,32
19/04/2026;07:36:19;117,22;25,73;363,20;902,76;19,90;90,49;1,25;69,96
19/04/2026;07:46:19;174,65;25,73;363,20;902,77;20,01;90,37;2,06;46,40
19/04/2026;07:56:19;149,18;25,73;363,20;902,85;20,06;89,95;1,32;61,17
19/04/2026;08:06:19;200,24;25,73;363,20;902,97;20,07;89,81;3,48;62,22
19/04/2026;08:16:19;248,34;25,74;363,20;903,13;20,19;89,55;1,69;104,41
19/04/2026;08:26:19;221,66;25,73;363,20;903,22;20,63;89,24;1,57;91,40
19/04/2026;08:36:19;211,29;25,74;363,20;903,46;20,73;88,24;2,97;96,67
19/04/2026;08:46:19;179,26;25,74;363,20;903,51;20,99;87,86;1,31;85,78
19/04/2026;08:56:19;208,42;25,73;363,20;903,61;20,96;87,64;1,45;114,60
19/04/2026;09:06:19;240,95;25,73;363,20;903,63;21,37;86,79;0,92;34,80
19/04/2026;09:16:19;190,71;25,74;363,20;903,71;21,40;86,65;2,40;44,29
19/04/2026;09:26:19;264,27;25,74;363,20;903,87;21,48;86,51;0,67;86,13
19/04/2026;09:36:19;312,87;25,75;363,20;903,87;21,96;85,40;1,53;144,14
19/04/2026;09:46:19;241,92;25,74;363,20;903,99;22,31;84,60;1,88;127,61
19/04/2026;09:56:19;509,55;25,74;363,20;903,98;22,41;83,55;1,82;131,83
19/04/2026;10:06:19;409,81;25,74;363,20;903,98;22,65;84,05;1,25;151,87
19/04/2026;10:16:19;626,12;25,74;363,20;904,03;22,86;83,05;1,47;99,14
19/04/2026;10:26:19;587,66;25,74;363,20;903,90;23,54;81,30;2,84;74,53
19/04/2026;10:36:19;473,28;25,74;363,20;903,80;23,67;81,14;1,95;158,55
19/04/2026;10:46:19;1216,14;25,74;363,20;903,69;24,31;78,89;1,18;132,53
19/04/2026;10:56:19;1189,11;25,74;363,20;903,56;24,46;77,66;2,66;61,17
19/04/2026;11:06:19;1125,48;25,74;363,20;903,49;23,91;79,24;1,68;149,76
19/04/2026;11:16:19;396,18;25,75;363,20;903,30;25,31;74,02;0,00;129,37
19/04/2026;11:26:19;1064,84;25,73;363,20;903,12;25,49;76,25;0,00;101,60
19/04/2026;11:36:19;1223,87;25,72;363,20;903,01;26,69;71,22;0,38;91,75
19/04/2026;11:46:19;1167,00;25,73;363,20;902,94;26,16;71,06;0,00;129,02
19/04/2026;11:56:19;324,03;25,73;363,20;902,86;25,90;73,15;0,00;66,09
19/04/2026;12:06:19;306,73;25,73;363,20;902,81;25,94;69,26;0,00;122,34
19/04/2026;12:16:19;212,91;25,73;363,20;902,73;25,73;72,36;0,00;145,54
19/04/2026;12:26:19;1123,04;25,71;363,20;902,64;25,34;72,29;0,00;135,70
19/04/2026;12:36:19;1118,43;25,71;363,20;902,57;26,91;67,75;0,00;102,65
19/04/2026;12:46:19;1001,94;25,72;363,20;902,44;27,05;64,49;0,00;184,92
19/04/2026;12:56:19;1048,79;25,71;363,20;902,30;27,30;64,58;0,00;190,19
19/04/2026;13:06:19;994,68;25,72;363,20;902,13;26,82;66,61;0,00;61,52
19/04/2026;13:16:19;876,53;25,72;363,20;901,95;27,49;60,48;0,00;136,75
19/04/2026;13:26:19;271,44;25,71;363,20;901,81;26,52;64,69;0,00;229,57
19/04/2026;13:36:19;908,46;25,72;363,20;901,65;27,81;59,75;0,00;102,30
19/04/2026;13:46:19;839,72;25,72;363,20;901,47;28,59;58,80;0,00;201,44
19/04/2026;13:56:19;809,80;25,71;363,20;901,41;28,78;54,53;0,00;190,19
19/04/2026;14:06:19;759,05;25,72;363,20;901,29;28,71;54,80;0,00;172,26
19/04/2026;14:16:19;723,13;25,73;363,20;901,19;28,40;55,31;0,00;174,72
19/04/2026;14:26:19;674,33;25,72;363,20;901,01;28,01;55,93;0,00;166,64
19/04/2026;14:36:19;635,79;25,72;363,20;900,86;28,49;52,97;0,00;50,62
19/04/2026;14:46:19;604,15;25,73;363,20;900,74;28,86;52,69;0,00;183,51
19/04/2026;14:56:19;563,77;25,72;363,20;900,71;28,65;50,63;0,00;158,90
19/04/2026;15:06:19;396,36;25,73;363,20;900,61;28,97;50,10;0,00;228,51
19/04/2026;15:16:19;405,16;25,72;363,20;900,56;28,64;50,96;0,50;204,25
19/04/2026;15:26:19;454,30;25,72;363,20;900,61;28,94;50,47;0,00;154,68
19/04/2026;15:36:19;411,56;25,72;363,20;900,58;28,93;49,30;0,00;204,96
19/04/2026;15:46:19;371,99;25,72;363,20;900,60;28,57;49,65;0,00;145,54
19/04/2026;15:56:19;324,09;25,73;363,20;900,65;28,54;51,45;0,00;155,74
19/04/2026;16:06:19;288,12;25,72;363,20;900,59;28,40;49,79;0,00;156,44
19/04/2026;16:16:19;246,14;25,71;363,20;900,66;28,14;52,26;0,00;157,85
19/04/2026;16:26:19;212,91;25,71;363,20;900,69;28,04;51,34;0,00;157,50
19/04/2026;16:36:19;174,97;25,70;363,20;900,80;28,04;52,62;0,00;119,53
19/04/2026;16:46:19;141,45;25,77;363,20;900,79;27,47;55,26;0,00;146,25
19/04/2026;16:56:19;109,41;25,78;363,20;900,92;27,07;57,39;0,00;169,80
19/04/2026;17:06:19;70,61;25,79;363,20;900,95;26,51;59,86;0,41;144,14
19/04/2026;17:16:19;50,73;25,78;363,20;900,99;25,92;62,32;0,00;161,01
19/04/2026;17:26:19;31,99;25,78;363,20;901,02;25,33;64,45;0,00;156,79
19/04/2026;17:36:19;9,34;25,78;363,20;901,04;24,60;67,07;0,00;172,26
19/04/2026;17:46:19;3,00;25,77;363,20;901,21;24,00;69,28;0,00;162,42
19/04/2026;17:56:19;0,30;25,78;363,20;901,26;23,58;71,02;0,00;192,30
19/04/2026;18:06:19;0,12;25,77;363,20;901,35;23,25;72,09;0,00;177,89
19/04/2026;18:16:19;0,10;25,77;363,20;901,44;23,20;72,39;0,00;125,50
19/04/2026;18:26:19;0,13;25,78;363,20;901,49;23,35;71,77;0,00;133,24
19/04/2026;18:36:19;0,11;25,78;363,20;901,56;22,69;74,51;0,00;96,67
19/04/2026;18:46:19;0,11;25,78;363,20;901,60;22,72;74,97;0,00;123,04
19/04/2026;18:56:19;0,11;25,78;363,20;901,69;22,83;74,92;0,00;127,26
19/04/2026;19:06:19;0,10;25,78;363,20;901,81;22,66;75,81;0,41;139,57
19/04/2026;19:16:19;0,12;25,78;363,20;901,87;22,38;76,89;0,00;129,37
19/04/2026;19:26:19;0,13;25,78;363,20;902,04;22,12;77,90;0,00;91,75
19/04/2026;19:36:19;0,12;25,77;363,20;902,25;21,96;78,54;0,00;102,65
19/04/2026;19:46:19;0,12;25,77;363,20;902,40;21,50;79,95;0,00;87,89
19/04/2026;19:56:19;0,12;25,77;363,20;902,54;21,28;80,39;0,00;75,23
19/04/2026;20:06:19;0,11;25,77;363,20;902,72;21,48;80,01;0,00;85,78
19/04/2026;20:16:19;0,11;25,77;363,20;902,83;21,52;80,04;0,00;86,48
19/04/2026;20:26:19;0,12;25,76;363,20;902,95;20,81;81,59;0,00;106,52
19/04/2026;20:36:19;0,11;25,76;363,20;903,07;20,20;82,78;0,00;114,60
19/04/2026;20:46:19;0,13;25,76;363,20;903,13;20,99;81,55;0,00;91,75
19/04/2026;20:56:19;0,12;25,77;363,20;903,26;21,44;80,38;0,00;88,24
19/04/2026;21:06:19;0,11;25,77;363,20;903,35;20,96;81,32;0,00;78,39
19/04/2026;21:16:19;0,11;25,77;363,20;903,39;19,89;83,17;0,00;78,39
19/04/2026;21:26:19;0,11;25,76;363,20;903,48;20,35;82,76;0,00;65,03
19/04/2026;21:36:19;0,10;25,76;363,20;903,55;20,31;82,70;0,00;72,42
19/04/2026;21:46:19;0,12;25,76;363,20;903,54;20,92;81,75;0,00;81,91
19/04/2026;21:56:19;0,12;25,77;363,20;903,55;20,47;82,80;0,00;83,32
19/04/2026;22:06:19;0,11;25,76;363,20;903,60;20,09;82,96;0,00;75,93
19/04/2026;22:16:19;0,13;25,76;363,20;903,65;19,29;84,52;0,00;75,93
19/04/2026;22:26:19;0,12;25,76;363,20;903,66;19,22;84,93;0,00;123,75
19/04/2026;22:36:19;0,11;25,76;363,20;903,67;19,11;85,06;0,00;119,88
19/04/2026;22:46:19;0,11;25,76;363,20;903,70;18,93;85,63;0,00;119,88
19/04/2026;22:56:19;0,12;25,76;363,20;903,64;19,22;85,48;0,00;119,88
19/04/2026;23:06:19;0,10;25,76;363,20;903,61;19,31;85,29;0,00;119,88
19/04/2026;23:16:19;0,11;25,76;363,20;903,62;20,21;83,41;0,00;120,58
19/04/2026;23:26:19;0,12;25,76;363,20;903,67;20,04;83,49;0,00;116,01
19/04/2026;23:36:19;0,12;25,76;363,20;903,73;19,50;84,23;0,00;120,23
19/04/2026;23:46:19;0,11;25,76;363,20;903,73;19,12;84,90;0,00;126,56
19/04/2026;23:56:19;0,11;25,76;363,20;903,66;19,40;84,81;0,00;141,67
20/04/2026;00:06:19;0,12;25,76;363,20;903,62;19,85;84,39;0,00;128,32
20/04/2026;00:16:19;0,11;25,76;363,20;903,58;20,66;82,43;0,00;146,25
20/04/2026;00:26:19;0,11;25,76;363,20;903,48;20,55;82,61;0,00;123,04
20/04/2026;00:36:19;0,11;25,76;363,20;903,47;20,56;82,61;0,00;118,47
20/04/2026;00:46:19;0,12;25,75;363,20;903,39;20,20;83,27;0,00;117,07
20/04/2026;00:56:19;0,11;25,76;363,20;903,28;20,05;83,87;0,00;116,36
20/04/2026;01:06:19;0,12;25,76;363,20;903,19;19,94;84,32;0,00;135,00
20/04/2026;01:16:19;0,11;25,76;363,20;903,17;19,76;84,61;0,00;138,86
20/04/2026;01:26:19;0,12;25,76;363,20;903,20;19,47;85,39;0,00;146,60
20/04/2026;01:36:19;0,12;25,76;363,20;903,18;19,65;85,15;0,00;115,31
20/04/2026;01:46:19;0,10;25,75;363,20;903,24;19,65;85,48;1,20;115,31
20/04/2026;01:56:19;0,12;25,76;363,20;903,16;19,41;85,92;1,93;115,66
20/04/2026;02:06:19;0,11;25,76;363,20;903,08;19,40;86,19;1,79;123,39
20/04/2026;02:16:19;0,11;25,76;363,20;903,07;19,16;86,61;1,69;139,21
20/04/2026;02:26:19;0,09;25,76;363,20;903,10;19,07;87,03;1,81;134,64
20/04/2026;02:36:19;0,11;25,76;363,20;903,03;19,13;86,61;1,71;133,94
20/04/2026;02:46:19;0,12;25,76;363,20;903,01;18,76;86,97;0,87;123,04
20/04/2026;02:56:19;0,12;25,75;363,20;903,02;18,61;87,21;2,00;146,25
20/04/2026;03:06:19;0,11;25,76;363,20;903,10;18,40;87,47;1,24;135,35
20/04/2026;03:16:19;0,11;25,76;363,20;903,09;18,34;88,12;1,74;124,80
20/04/2026;03:26:19;0,10;25,75;363,20;903,08;18,30;88,37;1,80;124,80
20/04/2026;03:36:19;0,12;25,75;363,20;903,14;18,46;87,99;2,15;125,15
20/04/2026;03:46:19;0,11;25,75;363,20;903,16;18,72;87,66;2,17;134,64
20/04/2026;03:56:19;0,13;25,76;363,20;903,15;18,55;87,64;2,43;131,83
20/04/2026;04:06:19;0,12;25,76;363,20;903,11;18,55;87,79;2,39;124,45
20/04/2026;04:16:19;0,12;25,75;363,20;903,15;18,56;87,95;2,23;143,78
20/04/2026;04:26:19;0,12;25,75;363,20;903,15;18,71;88,22;2,43;131,83
20/04/2026;04:36:19;0,13;25,75;363,20;903,08;18,61;88,39;2,30;123,39
20/04/2026;04:46:19;0,12;25,75;363,20;903,06;18,65;88,61;2,58;127,26
20/04/2026;04:56:19;0,12;25,76;363,20;903,15;18,58;88,61;2,56;133,59
20/04/2026;05:06:19;0,12;25,76;363,20;903,25;18,54;88,81;2,76;136,40
20/04/2026;05:16:19;0,10;25,76;363,20;903,18;18,46;88,96;2,65;140,62
20/04/2026;05:26:19;0,11;25,75;363,20;903,30;18,44;89,21;1,83;129,37
20/04/2026;05:36:19;0,20;25,75;363,20;903,36;18,38;89,62;2,39;146,25
20/04/2026;05:46:19;1,83;25,75;363,20;903,45;18,46;89,79;2,42;149,06
20/04/2026;05:56:19;8,83;25,75;363,20;903,59;18,59;89,69;2,15;145,54
20/04/2026;06:06:19;18,28;25,75;363,20;903,71;18,65;89,50;0,00;140,27
20/04/2026;06:16:19;28,26;25,75;363,20;903,74;18,71;89,18;0,00;133,94
20/04/2026;06:26:19;132,87;25,76;363,20;903,89;19,08;88,91;0,00;124,45
20/04/2026;06:36:19;160,62;25,75;363,20;903,98;19,63;87,83;0,00;124,80
20/04/2026;06:46:19;184,78;25,76;363,20;904,01;19,97;87,18;0,00;138,51
20/04/2026;06:56:19;235,90;25,76;363,20;904,17;20,33;86,81;0,00;120,58
20/04/2026;07:06:19;267,20;25,77;363,20;904,33;20,77;86,35;0,00;106,87
20/04/2026;07:16:19;318,69;25,76;363,20;904,48;21,03;85,75;0,00;111,79
20/04/2026;07:26:19;355,77;25,76;363,20;904,52;21,50;85,50;0,00;117,77
20/04/2026;07:36:19;404,46;25,77;363,20;904,71;21,66;85,38;0,00;121,28
20/04/2026;07:46:19;456,08;25,77;363,20;904,83;21,60;85,19;0,00;120,58
20/04/2026;07:56:19;317,54;25,76;363,20;904,96;21,97;84,92;0,00;132,53
20/04/2026;08:06:19;672,35;25,77;363,20;904,97;22,38;83,94;0,00;84,72
20/04/2026;08:16:19;432,63;25,77;363,20;905,02;22,52;83,82;0,00;145,54
20/04/2026;08:26:19;592,31;25,77;363,20;905,03;22,44;83,86;0,00;59,06
20/04/2026;08:36:19;629,33;25,78;363,20;905,05;22,77;83,23;0,00;162,42
20/04/2026;08:46:19;661,51;25,78;363,20;905,08;23,44;81,13;0,00;80,85
20/04/2026;08:56:19;700,80;25,78;363,20;905,18;23,62;81,59;0,00;82,26
20/04/2026;09:06:19;747,81;25,78;363,20;905,15;24,02;79,72;0,00;121,28
20/04/2026;09:16:19;757,66;25,78;363,20;905,14;24,01;80,28;0,00;101,25
20/04/2026;09:26:19;616,87;25,79;363,20;905,13;24,59;77,82;0,35;87,18
20/04/2026;09:36:19;840,75;25,78;363,20;905,16;24,97;77,18;0,00;80,15
20/04/2026;09:46:19;847,76;25,78;363,20;905,22;25,22;75,81;0,36;113,55
20/04/2026;09:56:19;907,10;25,78;363,20;905,21;25,43;73,39;0,53;87,18
20/04/2026;10:06:19;890,97;25,78;363,20;905,14;25,54;72,60;0,00;33,04
20/04/2026;10:16:19;922,77;25,78;363,20;905,10;25,77;70,97;0,00;99,14
20/04/2026;10:26:19;957,87;25,79;363,20;905,01;26,09;67,49;0,80;114,60
20/04/2026;10:36:19;986,55;25,79;363,20;904,92;26,90;65,34;3,09;117,77
20/04/2026;10:46:19;1012,29;25,78;363,20;904,87;26,51;66,55;1,28;86,83
20/04/2026;10:56:19;984,07;25,78;363,20;904,82;26,48;62,15;3,28;122,34
20/04/2026;11:06:19;985,96;25,78;363,20;904,67;26,33;65,62;3,18;144,84
20/04/2026;11:16:19;1002,78;25,78;363,20;904,55;26,19;67,36;0,51;80,15
20/04/2026;11:26:19;1019,09;25,78;363,20;904,60;26,81;63,45;4,78;157,50
20/04/2026;11:36:19;991,66;25,78;363,20;904,46;26,56;63,74;3,02;144,49
20/04/2026;11:46:19;1102,27;25,78;363,20;904,35;27,31;62,96;4,90;120,93
20/04/2026;11:56:19;935,74;25,78;363,20;904,14;26,61;63,07;0,39;116,71
20/04/2026;12:06:19;959,66;25,78;363,20;904,09;27,42;57,56;4,60;142,73
20/04/2026;12:16:19;952,08;25,78;363,20;903,91;27,83;60,99;1,99;139,57
20/04/2026;12:26:19;1004,80;25,78;363,20;903,78;27,36;61,16;0,00;179,29
20/04/2026;12:36:19;968,79;25,78;363,20;903,66;27,45;60,51;0,00;83,67
20/04/2026;12:46:19;960,87;25,77;363,20;903,65;28,09;57,77;3,48;132,18
20/04/2026;12:56:19;957,25;25,78;363,20;903,46;27,50;63,94;2,05;146,60
20/04/2026;13:06:19;622,13;25,78;363,20;903,37;28,35;61,50;0,00;87,89
20/04/2026;13:16:19;198,85;25,78;363,20;903,31;28,11;62,15;1,76;152,22
20/04/2026;13:26:19;933,31;25,77;363,20;903,29;28,11;59,42;0,46;105,11
20/04/2026;13:36:19;849,37;25,77;363,20;903,18;27,84;56,26;5,08;110,74
20/04/2026;13:46:19;809,58;25,77;363,20;903,05;28,39;57,88;0,00;158,55
20/04/2026;13:56:19;767,08;25,78;363,20;902,92;28,11;54,84;1,70;127,61
20/04/2026;14:06:19;751,59;25,78;363,20;902,74;28,15;52,23;0,81;159,60
20/04/2026;14:16:19;702,98;25,77;363,20;902,68;28,08;53,39;1,00;143,43
20/04/2026;14:26:19;666,73;25,78;363,20;902,53;28,31;53,05;3,42;79,10
20/04/2026;14:36:19;640,10;25,78;363,20;902,41;28,34;53,41;1,35;147,30
20/04/2026;14:46:19;639,60;25,77;363,20;902,42;28,17;55,22;0,00;121,99
20/04/2026;14:56:19;84,06;25,78;363,20;902,41;27,85;55,40;0,00;138,86
20/04/2026;15:06:19;511,62;25,77;363,20;902,32;28,47;53,68;0,00;163,82
20/04/2026;15:16:19;95,86;25,78;363,20;902,27;27,93;55,10;1,25;112,50
20/04/2026;15:26:19;477,01;25,77;363,20;902,24;26,43;59,15;0,00;129,02
20/04/2026;15:36:19;437,51;25,77;363,20;902,26;27,96;53,15;3,43;165,23
20/04/2026;15:46:19;385,55;25,77;363,20;902,22;28,17;51,31;3,10;131,13
20/04/2026;15:56:19;338,06;25,77;363,20;902,12;28,04;52,46;4,14;176,83
20/04/2026;16:06:19;306,27;25,77;363,20;902,14;27,91;54,63;0,00;116,01
20/04/2026;16:16:19;295,56;25,77;363,20;902,10;28,13;54,15;0,40;145,54
20/04/2026;16:26:19;227,95;25,77;363,20;902,12;27,55;53,87;3,88;106,17
20/04/2026;16:36:19;175,03;25,77;363,20;902,20;27,20;54,28;0,00;122,69
20/04/2026;16:46:19;145,13;25,79;363,20;902,18;26,93;55,26;0,00;163,82
20/04/2026;16:56:19;154,95;25,80;363,20;902,25;26,89;56,79;0,00;103,71
20/04/2026;17:06:19;88,16;25,80;363,20;902,34;26,64;59,35;1,40;125,85
20/04/2026;17:16:19;49,99;25,79;363,20;902,50;25,75;62,31;0,00;126,91
20/04/2026;17:26:19;25,29;25,79;363,20;902,50;25,15;64,71;0,00;93,86
20/04/2026;17:36:19;7,00;25,79;363,20;902,50;24,47;67,37;0,00;118,12
20/04/2026;17:46:19;1,98;25,76;363,20;902,45;23,82;69,35;0,00;107,22
20/04/2026;17:56:19;0,33;25,77;363,20;902,52;23,44;69,71;0,00;114,96
20/04/2026;18:06:19;0,13;25,77;363,20;902,55;23,21;71,00;0,00;98,78
20/04/2026;18:16:19;0,11;25,77;363,20;902,59;22,84;71,87;0,00;118,82
20/04/2026;18:26:19;0,12;25,77;363,20;902,73;22,42;74,12;0,00;121,99
20/04/2026;18:36:19;0,12;25,77;363,20;902,86;22,19;74,28;0,00;131,83
20/04/2026;18:46:19;0,10;25,77;363,20;902,98;22,19;74,30;0,00;114,25
20/04/2026;18:56:19;0,12;25,78;363,20;903,12;22,08;74,73;0,00;130,78
20/04/2026;19:06:19;0,12;25,78;363,20;903,23;21,98;75,16;0,00;121,99
20/04/2026;19:16:19;0,11;25,77;363,20;903,34;21,79;75,71;0,00;139,92
20/04/2026;19:26:19;0,10;25,77;363,20;903,46;21,64;76,40;0,00;101,60
20/04/2026;19:36:19;0,11;25,77;363,20;903,56;21,58;76,55;0,00;90,70
20/04/2026;19:46:19;0,12;25,77;363,20;903,66;21,49;76,79;0,00;100,19
20/04/2026;19:56:19;0,11;25,76;363,20;903,75;21,49;76,79;0,00;110,03
20/04/2026;20:06:19;0,11;25,77;363,20;903,87;21,29;77,31;0,00;122,69
20/04/2026;20:16:19;0,11;25,77;363,20;903,94;21,27;77,37;0,00;93,86
20/04/2026;20:26:19;0,11;25,77;363,20;904,03;21,23;77,50;0,00;98,78
20/04/2026;20:36:19;0,11;25,77;363,20;904,13;21,15;77,85;0,00;103,35
20/04/2026;20:46:19;0,12;25,78;363,20;904,23;21,20;77,80;0,00;96,67
20/04/2026;20:52:32;0,10;25,78;363,20;904,19;21,14;78,06;0,00;110,74
20/04/2026;21:02:32;0,10;25,76;363,20;904,22;21,13;78,22;0,00;130,07
20/04/2026;21:12:32;0,12;25,77;363,20;904,30;20,96;78,88;0,00;114,96
20/04/2026;21:22:32;0,12;25,77;363,20;904,36;20,85;79,41;0,00;144,84
20/04/2026;21:32:32;0,12;25,76;363,20;904,38;20,95;79,30;0,00;151,17
20/04/2026;21:42:32;0,11;25,77;363,20;904,27;20,87;79,69;0,00;100,54
20/04/2026;21:52:32;0,13;25,77;363,20;904,30;20,74;80,24;0,00;142,38
20/04/2026;22:02:32;0,14;25,77;363,20;904,38;20,65;80,73;0,00;119,17
20/04/2026;22:12:32;0,11;25,77;363,20;904,40;20,69;80,95;0,33;101,25
20/04/2026;22:22:32;0,12;25,76;363,20;904,46;20,72;80,87;0,00;82,61
20/04/2026;22:32:32;0,12;25,76;363,20;904,51;20,66;80,98;0,00;116,36
20/04/2026;22:42:32;0,11;25,77;363,20;904,43;20,48;81,22;0,00;108,28
20/04/2026;22:52:32;0,11;25,77;363,20;904,34;20,49;80,99;0,00;155,74
20/04/2026;23:02:32;0,11;25,76;363,20;904,31;20,39;81,20;3,02;110,74
20/04/2026;23:12:32;0,12;25,76;363,20;904,24;20,16;81,78;2,37;128,67
20/04/2026;23:22:32;0,11;25,76;363,20;904,18;19,98;82,29;1,14;118,47
20/04/2026;23:32:32;0,12;25,76;363,20;904,09;19,88;82,56;0,00;105,11
20/04/2026;23:42:32;0,12;25,76;363,20;904,04;19,83;82,67;0,00;127,96
20/04/2026;23:52:32;0,11;25,76;363,20;904,04;19,65;83,13;2,49;126,56
21/04/2026;00:02:32;0,10;25,76;363,20;903,93;19,53;83,29;1,50;77,69
21/04/2026;00:12:32;0,12;25,76;363,20;904,00;19,50;83,37;2,84;127,26
21/04/2026;00:22:32;0,10;25,76;363,20;904,08;19,39;83,59;1,23;108,63
21/04/2026;00:32:32;0,11;25,76;363,20;903,93;19,40;83,61;2,67;115,31
21/04/2026;00:42:32;0,11;25,76;363,20;903,96;19,47;83,48;2,15;121,99
21/04/2026;00:52:32;0,11;25,76;363,20;903,98;19,18;84,12;2,63;139,57
21/04/2026;01:02:32;0,11;25,76;363,20;903,96;19,02;84,47;1,90;110,03
21/04/2026;01:12:32;0,11;25,75;363,20;903,90;18,94;84,74;1,46;130,07
21/04/2026;01:22:32;0,12;25,76;363,20;903,78;18,65;85,22;1,90;115,31
21/04/2026;01:32:32;0,12;25,76;363,20;903,61;18,50;85,79;2,32;108,28
21/04/2026;01:42:32;0,11;25,75;363,20;903,45;18,53;85,99;2,74;127,96
21/04/2026;01:52:32;0,12;25,76;363,20;903,35;18,40;86,53;2,62;142,03
21/04/2026;02:02:32;0,11;25,76;363,20;903,26;18,44;86,72;3,04;133,24
21/04/2026;02:12:32;0,11;25,76;363,20;903,21;18,35;87,15;2,35;168,39
21/04/2026;02:22:32;0,13;25,76;363,20;903,22;18,40;87,44;5,85;133,94
21/04/2026;02:32:32;0,10;25,77;363,20;903,30;18,40;87,69;2,90;175,07
21/04/2026;02:42:32;0,12;25,75;363,20;903,36;18,39;87,88;1,15;152,57
21/04/2026;02:52:32;0,10;25,76;363,20;903,40;18,35;88,17;3,07;153,63
21/04/2026;03:02:32;0,12;25,75;363,20;903,54;18,33;88,51;3,86;94,92
21/04/2026;03:12:32;0,12;25,75;363,20;903,62;18,29;88,89;3,56;120,58
21/04/2026;03:22:32;0,11;25,75;363,20;903,63;18,28;89,19;3,60;97,03
21/04/2026;03:32:32;0,12;25,76;363,20;903,58;18,22;89,50;3,02;155,03
21/04/2026;03:42:32;0,11;25,75;363,20;903,67;18,14;89,76;3,50;121,28
21/04/2026;03:52:32;0,10;25,75;363,20;903,70;18,14;89,98;2,45;159,60
21/04/2026;04:02:32;0,13;25,75;363,20;903,69;18,29;90,10;3,44;126,56
21/04/2026;04:12:32;0,12;25,75;363,20;903,72;18,24;89,88;2,20;129,72
21/04/2026;04:22:32;0,11;25,75;363,20;903,75;18,32;89,99;2,77;152,92
21/04/2026;04:32:32;0,12;25,75;363,20;903,82;18,39;89,82;4,27;80,15
21/04/2026;04:42:32;0,11;25,75;363,20;903,94;18,39;89,43;3,39;125,15
21/04/2026;04:52:32;0,10;25,75;363,20;903,96;18,30;89,11;3,82;114,25
21/04/2026;05:02:32;0,11;25,75;363,20;904,06;18,15;89,15;4,30;106,17
21/04/2026;05:12:32;0,10;25,75;363,20;904,01;18,02;89,29;2,88;111,44
21/04/2026;05:22:32;0,09;25,75;363,20;904,14;17,89;89,44;3,76;120,93
21/04/2026;05:32:32;0,15;25,76;363,20;904,29;17,78;89,57;3,06;130,42
21/04/2026;05:42:32;0,76;25,75;363,20;904,34;17,70;89,70;4,12;114,60
21/04/2026;05:52:32;4,56;25,75;363,20;904,49;17,63;89,85;4,20;123,39
21/04/2026;06:02:32;14,72;25,75;363,20;904,56;17,66;90,12;2,86;130,07
21/04/2026;06:12:32;22,11;25,75;363,20;904,58;17,76;90,25;3,77;128,67
21/04/2026;06:22:32;82,41;25,75;363,20;904,73;17,83;90,02;4,52;112,50
21/04/2026;06:32:32;130,80;25,75;363,20;904,76;18,02;89,95;5,19;123,75
21/04/2026;06:42:32;239,45;25,74;363,20;904,98;18,23;89,52;3,84;83,67
21/04/2026;06:52:32;271,27;25,77;363,20;905,11;18,49;88,76;3,34;113,20
21/04/2026;07:02:32;285,09;25,75;363,20;905,29;18,81;87,86;5,20;90,35
21/04/2026;07:12:32;333,57;25,75;363,20;905,37;18,93;87,21;4,23;125,15
21/04/2026;07:22:32;320,95;25,75;363,20;905,60;19,09;86,09;6,66;104,06
21/04/2026;07:32:32;268,61;25,76;363,20;905,79;19,46;85,92;5,49;92,10
21/04/2026;07:42:32;258,80;25,77;363,20;905,84;19,74;85,18;6,85;124,45
21/04/2026;07:52:32;527,80;25,76;363,20;905,95;20,15;84,08;5,87;123,39
21/04/2026;08:02:32;471,91;25,77;363,20;905,89;20,45;82,71;4,77;153,28
21/04/2026;08:12:32;551,73;25,77;363,20;905,92;20,35;82,34;4,74;134,64
21/04/2026;08:22:32;589,83;25,77;363,20;905,92;20,74;81,34;3,25;141,67
21/04/2026;08:32:32;632,54;25,77;363,20;906,00;20,90;81,08;5,30;93,51
21/04/2026;08:42:32;775,80;25,77;363,20;906,10;21,06;81,04;4,26;130,78
21/04/2026;08:52:32;848,44;25,77;363,20;906,26;21,61;79,89;4,92;72,07
21/04/2026;09:02:32;815,97;25,77;363,20;906,37;21,30;80,46;3,50;134,64
21/04/2026;09:12:32;755,27;25,77;363,20;906,45;22,03;77,08;3,80;94,21
21/04/2026;09:22:32;282,37;25,77;363,20;906,51;22,19;76,85;5,20;87,53
21/04/2026;09:32:32;815,91;25,77;363,20;906,43;22,20;76,82;2,96;71,36
21/04/2026;09:42:32;970,91;25,77;363,20;906,54;22,57;76,11;4,25;99,49
21/04/2026;09:52:32;868,59;25,77;363,20;906,47;22,75;74,70;5,68;113,90
21/04/2026;10:02:32;899,81;25,77;363,20;906,42;23,09;74,75;4,72;113,20
21/04/2026;10:12:32;1009,36;25,78;363,20;906,43;23,40;74,69;3,37;149,06
21/04/2026;10:22:32;950,48;25,77;363,20;906,29;23,45;73,32;2,41;157,85
21/04/2026;10:32:32;961,67;25,77;363,20;906,23;23,92;70,60;6,74;101,60
21/04/2026;10:42:32;955,82;25,78;363,20;906,18;24,30;71,42;2,25;119,88
21/04/2026;10:52:32;969,65;25,79;363,20;906,10;24,15;69,81;5,95;85,78
21/04/2026;11:02:32;995,72;25,78;363,20;906,09;24,12;70,30;5,73;98,08
21/04/2026;11:12:32;291,91;25,78;363,20;905,84;24,83;67,85;3,56;158,20
21/04/2026;11:22:32;1025,97;25,78;363,20;905,66;25,00;69,20;2,80;178,24
21/04/2026;11:32:32;998,23;25,79;363,20;905,50;24,93;67,97;4,09;95,27
21/04/2026;11:42:32;783,02;25,79;363,20;905,36;25,31;67,63;6,30;114,25
21/04/2026;11:52:32;1050,66;25,77;363,20;905,29;25,57;64,57;3,82;139,92
21/04/2026;12:02:32;1004,56;25,76;363,20;905,34;25,33;64,98;8,17;104,76
21/04/2026;12:12:32;1008,19;25,76;363,20;905,30;25,96;62,99;6,40;100,89
21/04/2026;12:22:32;947,51;25,76;363,20;905,02;26,10;64,41;2,29;85,78
21/04/2026;12:32:32;924,11;25,76;363,20;905,01;26,11;61,56;3,71;130,07
21/04/2026;12:42:32;857,17;25,76;363,20;904,89;26,15;61,35;4,02;132,18
21/04/2026;12:52:32;873,07;25,76;363,20;904,71;26,39;60,68;5,56;97,73
21/04/2026;13:02:32;881,37;25,76;363,20;904,57;26,05;60,70;4,17;116,36
21/04/2026;13:12:32;846,54;25,76;363,20;904,47;26,54;58,53;5,13;116,71
21/04/2026;13:22:32;817,95;25,77;363,20;904,32;26,13;58,58;7,39;122,34
21/04/2026;13:32:32;806,74;25,77;363,20;904,20;26,47;58,88;3,44;83,32
21/04/2026;13:42:32;804,70;25,77;363,20;904,09;26,40;58,82;2,74;50,97
21/04/2026;13:52:32;786,37;25,77;363,20;903,89;26,58;59,50;3,46;96,32
21/04/2026;14:02:32;734,40;25,77;363,20;903,90;26,54;59,48;1,82;95,27
21/04/2026;14:12:32;388,43;25,76;363,20;903,73;26,83;57,32;3,24;151,52
21/04/2026;14:22:32;700,19;25,76;363,20;903,73;26,71;56,64;5,80;108,98
21/04/2026;14:32:32;411,18;25,77;363,20;903,53;26,92;57,32;0,40;125,85
21/04/2026;14:42:32;658,10;25,77;363,20;903,49;26,68;58,00;2,21;74,88
21/04/2026;14:52:32;598,62;25,77;363,20;903,44;26,67;57,97;6,04;82,96
21/04/2026;15:02:32;559,48;25,77;363,20;903,37;26,57;57,96;0,60;106,52
21/04/2026;15:12:32;405,29;25,77;363,20;903,28;26,31;59,29;3,80;137,46
21/04/2026;15:22:32;114,89;25,77;363,20;903,30;26,51;58,77;3,96;94,21
21/04/2026;15:32:32;431,80;25,77;363,20;903,27;26,28;59,26;0,39;90,00
21/04/2026;15:42:32;401,05;25,76;363,20;903,31;26,45;60,09;1,86;80,50
21/04/2026;15:52:32;344,46;25,76;363,20;903,37;26,06;60,85;4,54;72,42
21/04/2026;16:02:32;283,66;25,76;363,20;903,37;26,05;58,14;4,23;113,20
21/04/2026;16:12:32;237,53;25,76;363,20;903,37;25,81;60,41;0,57;112,85
21/04/2026;16:22:32;227,04;25,76;363,20;903,48;25,58;60,70;4,35;102,65
21/04/2026;16:32:32;190,83;25,77;363,20;903,45;25,35;61,60;0,00;112,50
21/04/2026;16:42:32;157,39;25,81;363,20;903,57;25,29;61,37;0,00;47,46
21/04/2026;16:52:32;130,02;25,79;363,20;903,55;25,08;62,48;0,00;90,70
21/04/2026;17:02:32;90,46;25,81;363,20;903,61;24,88;62,38;0,00;79,10
21/04/2026;17:12:32;68,50;25,81;363,20;903,66;24,49;63,67;0,00;131,83
21/04/2026;17:22:32;45,57;25,80;363,20;903,59;24,12;65,47;0,00;105,11
21/04/2026;17:32:32;19,40;25,79;363,20;903,66;23,55;67,11;0,00;110,39
21/04/2026;17:42:32;5,21;25,77;363,20;903,68;23,00;69,09;0,00;136,40
21/04/2026;17:52:32;1,11;25,77;363,20;903,72;22,61;70,41;0,00;132,89
21/04/2026;18:02:32;0,17;25,78;363,20;903,81;22,36;71,47;0,00;133,59
21/04/2026;18:12:32;0,10;25,78;363,20;903,78;22,07;72,54;0,00;135,00
21/04/2026;18:22:32;0,11;25,79;363,20;903,84;21,80;73,80;0,00;104,06
21/04/2026;18:32:32;0,12;25,78;363,20;903,93;21,62;74,47;0,00;136,05
21/04/2026;18:42:32;0,12;25,78;363,20;903,97;21,47;75,22;0,00;105,46
21/04/2026;18:52:32;0,12;25,78;363,20;904,06;21,39;75,55;0,00;143,43
21/04/2026;19:02:32;0,10;25,77;363,20;904,21;21,42;75,55;0,00;94,57
21/04/2026;19:12:32;0,12;25,78;363,20;904,28;21,30;76,24;0,00;65,74
21/04/2026;19:22:32;0,12;25,78;363,20;904,42;21,10;76,94;0,00;123,39
21/04/2026;19:32:32;0,12;25,78;363,20;904,51;20,92;77,77;0,35;117,42
21/04/2026;19:42:32;0,12;25,78;363,20;904,61;20,81;77,96;0,00;91,75
21/04/2026;19:52:32;0,11;25,78;363,20;904,71;20,85;77,88;0,00;101,60
21/04/2026;20:02:32;0,13;25,77;363,20;904,90;20,83;77,96;0,00;125,15
21/04/2026;20:12:32;0,13;25,77;363,20;904,96;20,96;77,73;0,00;126,21
21/04/2026;20:22:32;0,12;25,77;363,20;905,00;20,83;78,29;0,00;130,07
21/04/2026;20:32:32;0,12;25,77;363,20;905,06;20,63;78,98;0,00;95,27
21/04/2026;20:42:32;0,11;25,76;363,20;905,16;20,42;79,68;0,00;116,01
21/04/2026;20:52:32;0,11;25,76;363,20;905,29;20,30;80,06;0,00;106,87
21/04/2026;21:02:32;0,11;25,77;363,20;905,41;20,26;80,22;0,00;131,13
21/04/2026;21:12:32;0,12;25,77;363,20;905,40;20,20;80,59;0,00;111,44
21/04/2026;21:22:32;0,12;25,77;363,20;905,49;20,13;80,89;0,00;103,71
21/04/2026;21:32:32;0,12;25,76;363,20;905,55;20,13;81,00;0,00;122,34
21/04/2026;21:42:32;0,11;25,76;363,20;905,57;20,27;80,56;0,00;118,47
21/04/2026;21:52:32;0,12;25,76;363,20;905,54;19,89;81,51;0,00;80,15
21/04/2026;22:02:32;0,11;25,76;363,20;905,51;19,74;81,83;0,00;126,21
21/04/2026;22:12:32;0,12;25,76;363,20;905,56;19,74;81,83;0,00;108,98
21/04/2026;22:22:32;0,10;25,76;363,20;905,52;19,56;82,05;0,00;91,75
21/04/2026;22:32:32;0,11;25,76;363,20;905,55;19,50;82,01;0,00;121,99
21/04/2026;22:42:32;0,15;25,76;363,20;905,47;19,74;81,19;0,46;122,34
21/04/2026;22:52:32;0,10;25,77;363,20;905,52;19,66;81,19;0,00;83,32
21/04/2026;23:02:32;0,10;25,76;363,20;905,48;19,38;81,75;0,00;107,57
21/04/2026;23:12:32;0,11;25,76;363,20;905,44;19,22;82,08;0,00;81,21
21/04/2026;23:22:32;0,10;25,76;363,20;905,39;19,09;82,38;0,00;78,75
21/04/2026;23:32:32;0,10;25,75;363,20;905,29;19,05;82,65;0,00;148,00
21/04/2026;23:42:32;0,11;25,76;363,20;905,16;19,09;82,74;0,00;95,97
21/04/2026;23:52:32;0,11;25,76;363,20;905,19;19,17;82,57;0,00;53,08
22/04/2026;00:02:32;0,11;25,77;363,20;905,13;19,06;82,82;0,50;46,40
22/04/2026;00:12:32;0,13;25,76;363,20;905,05;18,81;83,32;0,00;98,08
22/04/2026;00:22:32;0,10;25,75;363,20;904,97;18,66;83,70;0,00;64,68
22/04/2026;00:32:32;0,10;25,76;363,20;904,87;18,47;84,07;0,00;137,81
22/04/2026;00:42:32;0,11;25,76;363,20;904,84;18,57;84,19;0,00;126,91
22/04/2026;00:52:32;0,11;25,76;363,20;904,78;18,49;84,38;0,00;105,82
22/04/2026;01:02:32;0,11;25,76;363,20;904,78;18,40;84,68;0,00;115,31
22/04/2026;01:12:32;0,13;25,75;363,20;904,69;18,36;84,96;0,00;124,10
22/04/2026;01:22:32;0,11;25,76;363,20;904,66;18,30;85,11;2,91;116,71
22/04/2026;01:32:32;0,11;25,76;363,20;904,57;18,34;85,09;2,47;137,46
22/04/2026;01:42:32;0,12;25,75;363,20;904,57;18,21;85,50;1,67;90,35
22/04/2026;01:52:32;0,13;25,75;363,20;904,52;18,05;85,90;1,81;89,29
22/04/2026;02:02:32;0,12;25,76;363,20;904,52;17,93;86,27;1,67;98,08
22/04/2026;02:12:32;0,11;25,76;363,20;904,56;17,88;86,66;2,95;149,06
22/04/2026;02:22:32;0,11;25,75;363,20;904,54;17,83;86,93;3,93;133,59
22/04/2026;02:32:32;0,11;25,76;363,20;904,58;17,85;87,04;1,71;116,01
22/04/2026;02:42:32;0,12;25,75;363,20;904,63;17,87;87,07;3,09;101,25
22/04/2026;02:52:32;0,11;25,76;363,20;904,65;17,77;87,31;2,58;139,21
22/04/2026;03:02:32;0,10;25,75;363,20;904,66;17,79;87,31;2,00;106,52
22/04/2026;03:12:32;0,12;25,75;363,20;904,64;17,79;87,36;2,12;117,42
22/04/2026;03:22:32;0,12;25,76;363,20;904,57;17,72;87,50;2,36;93,16
22/04/2026;03:32:32;0,12;25,76;363,20;904,66;17,67;87,44;1,18;84,02
22/04/2026;03:42:32;0,10;25,76;363,20;904,68;17,64;86,96;3,48;108,98
22/04/2026;03:52:32;0,11;25,75;363,20;904,68;17,54;86,03;1,82;136,75
22/04/2026;04:02:32;0,12;25,75;363,20;904,66;17,40;86,48;1,69;92,46
22/04/2026;04:12:32;0,09;25,75;363,20;904,68;17,40;86,57;1,82;105,46
22/04/2026;04:22:32;0,12;25,75;363,20;904,77;17,30;86,96;3,43;111,09
22/04/2026;04:32:32;0,11;25,75;363,20;904,87;17,19;87,24;2,11;87,53
22/04/2026;04:42:32;0,13;25,77;363,20;904,72;17,01;87,55;3,33;118,12
22/04/2026;04:52:32;0,11;25,77;363,20;904,72;17,01;87,47;1,95;112,14
22/04/2026;05:02:32;0,10;25,76;363,20;904,73;16,96;87,25;2,80;119,53
22/04/2026;05:12:32;0,11;25,76;363,20;904,81;16,85;87,13;1,46;132,89
22/04/2026;05:22:32;0,11;25,76;363,20;904,91;16,74;86,93;2,42;156,79
22/04/2026;05:32:32;0,15;25,76;363,20;905,03;16,69;86,62;2,28;121,28
22/04/2026;05:42:32;0,80;25,76;363,20;905,05;16,59;86,55;2,01;96,67
22/04/2026;05:52:32;3,66;25,76;363,20;905,22;16,45;86,69;1,50;121,28
22/04/2026;06:02:32;10,49;25,76;363,20;905,33;16,45;86,72;3,07;150,82
22/04/2026;06:12:32;17,34;25,75;363,20;905,55;16,42;86,93;2,17;124,80
22/04/2026;06:22:32;37,60;25,77;363,20;905,79;16,71;86,76;2,28;130,07
22/04/2026;06:32:32;172,52;25,76;363,20;905,86;17,05;86,21;2,31;111,44
22/04/2026;06:42:32;210,81;25,76;363,20;905,91;17,58;85,20;2,94;132,18
22/04/2026;06:52:32;247,38;25,77;363,20;906,06;17,99;84,66;5,32;114,60
22/04/2026;07:02:32;263,64;25,76;363,20;906,34;18,33;84,20;4,79;135,35
22/04/2026;07:12:32;304,44;25,77;363,20;906,44;18,67;83,65;1,08;73,82
22/04/2026;07:22:32;341,36;25,77;363,20;906,56;18,86;83,45;5,69;126,91
22/04/2026;07:32:32;390,78;25,78;363,20;906,64;19,28;82,78;2,36;109,68
22/04/2026;07:42:32;430,16;25,77;363,20;906,77;19,61;81,91;6,05;133,59
22/04/2026;07:52:32;470,70;25,77;363,20;906,92;19,91;81,04;3,08;104,41
22/04/2026;08:02:32;514,41;25,77;363,20;906,98;20,10;80,67;3,34;117,42
22/04/2026;08:12:32;562,36;25,78;363,20;907,19;20,34;79,92;2,12;115,31
22/04/2026;08:22:32;553,63;25,78;363,20;907,35;20,31;79,51;5,57;116,01
22/04/2026;08:32:32;715,10;25,78;363,20;907,48;21,03;78,06;3,81;104,06
22/04/2026;08:42:32;206,09;25,78;363,20;907,57;20,60;78,61;5,88;144,14
22/04/2026;08:52:32;775,05;25,79;363,20;907,61;21,27;78,89;4,31;124,80
22/04/2026;09:02:32;772,71;25,78;363,20;907,62;21,47;76,66;3,22;138,16
22/04/2026;09:12:32;864,25;25,78;363,20;907,67;21,67;77,30;3,78;144,14
22/04/2026;09:22:32;803,36;25,79;363,20;907,61;21,90;75,62;3,72;79,45
22/04/2026;09:32:32;829,44;25,79;363,20;907,63;21,94;76,60;4,94;118,47
22/04/2026;09:42:32;636,60;25,79;363,20;907,71;22,52;74,30;3,30;106,87
22/04/2026;09:52:32;1016,90;25,79;363,20;907,66;22,34;75,21;4,63;132,89
22/04/2026;10:02:32;935,83;25,79;363,20;907,57;22,52;74,41;5,18;102,65
22/04/2026;10:12:32;1027,71;25,79;363,20;907,50;22,83;73,73;1,17;110,03
22/04/2026;10:22:32;616,97;25,78;363,20;907,53;22,88;72,93;6,63;95,62
22/04/2026;10:32:32;1021,02;25,79;363,20;907,44;23,49;70,76;3,12;130,07
22/04/2026;10:42:32;1092,35;25,80;363,20;907,26;24,06;69,70;6,31;114,60
22/04/2026;10:52:32;371,59;25,78;363,20;907,15;23,85;69,07;3,58;120,58
22/04/2026;11:02:32;636,90;25,78;363,20;906,99;23,26;70,97;3,18;146,25
22/04/2026;11:12:32;1069,63;25,78;363,20;906,85;24,00;70,43;4,30;120,58
22/04/2026;11:22:32;1080,32;25,78;363,20;906,67;24,60;67,85;1,84;108,98
22/04/2026;11:32:32;1074,79;25,78;363,20;906,56;23,89;68,03;5,08;126,56
22/04/2026;11:42:32;1058,68;25,78;363,20;906,36;24,75;65,11;5,71;125,15
22/04/2026;11:52:32;297,20;25,77;363,20;906,18;24,64;67,24;5,13;88,94
22/04/2026;12:02:32;745,39;25,77;363,20;905,98;24,68;66,47;3,93;106,17
22/04/2026;12:12:32;1101,56;25,77;363,20;905,99;25,05;65,50;6,46;131,13
22/04/2026;12:22:32;184,88;25,78;363,20;905,82;25,27;63,42;4,49;141,32
22/04/2026;12:32:32;1016,31;25,78;363,20;905,70;25,44;64,54;2,44;105,11
22/04/2026;12:42:32;1000,92;25,77;363,20;905,55;25,29;64,30;4,85;139,57
22/04/2026;12:52:32;750,02;25,78;363,20;905,39;25,51;63,05;2,87;158,55
22/04/2026;13:02:32;965,38;25,77;363,20;905,23;25,72;61,93;5,69;98,78
22/04/2026;13:12:32;981,32;25,77;363,20;905,13;25,90;62,44;0,00;129,72
22/04/2026;13:22:32;949,60;25,77;363,20;905,07;25,74;61,93;5,21;113,55
22/04/2026;13:32:32;876,18;25,78;363,20;904,89;25,76;60,38;7,39;143,78
22/04/2026;13:42:32;852,65;25,77;363,20;904,72;26,25;59,70;2,78;120,58
22/04/2026;13:52:32;874,32;25,78;363,20;904,57;26,17;59,67;5,07;124,80
22/04/2026;14:02:32;568,30;25,78;363,20;904,34;26,31;60,06;3,74;114,96
22/04/2026;14:12:32;776,94;25,78;363,20;904,21;26,58;59,50;2,41;111,09
22/04/2026;14:22:32;739,19;25,78;363,20;904,09;26,19;58,79;4,78;113,90
22/04/2026;14:32:32;517,46;25,78;363,20;903,96;26,12;59,35;4,85;86,48
22/04/2026;14:42:32;653,20;25,78;363,20;903,84;26,32;57,91;3,28;147,65
22/04/2026;14:52:32;527,08;25,78;363,20;903,69;26,31;57,82;3,02;132,53
22/04/2026;15:02:32;569,74;25,78;363,20;903,70;25,95;58,88;5,22;106,17
22/04/2026;15:12:32;440,73;25,78;363,20;903,56;26,15;58,56;3,52;112,85
22/04/2026;15:22:32;388,14;25,78;363,20;903,47;26,53;58,35;1,84;97,03
22/04/2026;15:32:32;439,25;25,78;363,20;903,34;26,28;57,29;2,37;100,19
22/04/2026;15:42:32;423,41;25,78;363,20;903,38;26,11;58,41;3,37;99,49
22/04/2026;15:52:32;361,43;25,78;363,20;903,53;26,05;58,91;0,00;120,93
22/04/2026;16:02:32;308,76;25,78;363,20;903,58;26,17;60,32;0,00;100,19
22/04/2026;16:12:32;264,82;25,78;363,20;903,60;25,84;59,14;0,00;86,83
22/04/2026;16:22:32;223,48;25,78;363,20;903,69;25,67;59,23;0,45;150,46
22/04/2026;16:32:32;183,29;25,78;363,20;903,77;25,37;60,40;0,92;126,91
22/04/2026;16:42:32;146,02;25,83;363,20;903,84;25,07;60,96;3,71;158,55
22/04/2026;16:52:32;113,56;25,84;363,20;903,89;24,90;61,92;0,00;111,09
22/04/2026;17:02:32;82,78;25,83;363,20;903,94;24,51;63,52;0,00;96,32
22/04/2026;17:12:32;54,82;25,83;363,20;903,99;24,14;64,98;0,00;126,56
22/04/2026;17:22:32;33,50;25,83;363,20;904,07;23,79;66,54;0,00;110,39
22/04/2026;17:32:32;15,57;25,83;363,20;904,11;23,15;68,38;0,00;98,08
22/04/2026;17:42:32;3,91;25,82;363,20;904,11;22,47;70,16;0,00;119,17
22/04/2026;17:52:32;0,90;25,82;363,20;904,17;22,10;71,15;0,00;131,48
22/04/2026;18:02:32;0,17;25,81;363,20;904,18;21,89;71,87;0,00;128,67
22/04/2026;18:12:32;0,12;25,81;363,20;904,26;21,65;72,28;0,00;112,50
22/04/2026;18:22:32;0,12;25,81;363,20;904,39;21,51;72,24;0,00;131,83
22/04/2026;18:32:32;0,11;25,81;363,20;904,49;21,43;72,36;0,00;123,04
22/04/2026;18:42:32;0,12;25,81;363,20;904,66;21,40;72,17;0,00;134,29
22/04/2026;18:52:32;0,11;25,81;363,20;904,78;21,42;71,60;0,00;139,21
22/04/2026;19:02:32;0,11;25,80;363,20;904,85;21,30;72,21;0,00;110,74
22/04/2026;19:12:32;0,12;25,80;363,20;904,97;21,16;72,51;0,00;116,36
22/04/2026;19:22:32;0,12;25,80;363,20;905,13;21,09;72,53;0,00;145,19
22/04/2026;19:32:32;0,11;25,80;363,20;905,20;20,99;73,10;0,00;127,26
22/04/2026;19:42:32;0,12;25,80;363,20;905,31;20,98;73,40;0,00;139,57
22/04/2026;19:52:32;0,11;25,80;363,20;905,43;20,75;74,92;0,00;105,46
22/04/2026;20:02:32;0,12;25,81;363,20;905,52;20,74;75,44;0,00;113,90
22/04/2026;20:12:32;0,10;25,80;363,20;905,57;20,87;75,41;0,00;119,17
22/04/2026;20:22:32;0,11;25,80;363,20;905,73;20,79;76,05;0,00;94,21
22/04/2026;20:32:32;0,12;25,80;363,20;905,79;20,66;77,05;0,00;94,92
22/04/2026;20:42:32;0,10;25,80;363,20;905,79;20,57;77,71;0,00;88,24
22/04/2026;20:52:32;0,12;25,80;363,20;905,82;20,68;77,92;0,42;99,14
22/04/2026;21:02:32;0,12;25,81;363,20;905,87;20,87;77,72;0,00;120,58
22/04/2026;21:12:32;0,12;25,81;363,20;905,87;20,78;78,08;0,00;113,20
22/04/2026;21:22:32;0,13;25,81;363,20;905,89;20,62;79,01;0,00;118,12
22/04/2026;21:32:32;0,12;25,80;363,20;905,87;20,53;79,55;0,38;117,77
22/04/2026;21:42:32;0,11;25,80;363,20;905,89;20,69;79,23;0,00;81,21
22/04/2026;21:52:32;0,11;25,80;363,20;905,83;20,63;79,48;1,77;104,06
22/04/2026;22:02:32;0,11;25,80;363,20;905,80;20,64;79,62;2,83;95,97
22/04/2026;22:12:32;0,11;25,80;363,20;905,81;20,41;80,29;0,94;109,33
22/04/2026;22:22:32;0,10;25,81;363,20;905,78;20,31;80,65;1,44;102,65
22/04/2026;22:32:32;0,10;25,80;363,20;905,75;20,09;81,23;2,70;121,28
22/04/2026;22:42:32;0,10;25,81;363,20;905,80;19,91;81,87;2,27;67,14
22/04/2026;22:52:32;0,11;25,80;363,20;905,76;19,97;82,04;3,54;116,36
22/04/2026;23:02:32;0,11;25,80;363,20;905,72;20,00;82,15;3,64;137,46
22/04/2026;23:12:32;0,12;25,80;363,20;905,71;19,95;82,32;1,68;102,65
22/04/2026;23:22:32;0,12;25,80;363,20;905,71;19,87;82,56;1,06;181,40
22/04/2026;23:32:32;0,12;25,81;363,20;905,68;19,89;82,73;3,58;107,57
22/04/2026;23:42:32;0,11;25,80;363,20;905,68;19,81;83,00;1,93;111,44
22/04/2026;23:52:32;0,12;25,80;363,20;905,48;19,74;83,24;2,30;108,98
23/04/2026;00:02:32;0,11;25,80;363,20;905,48;19,61;83,60;2,34;112,50
23/04/2026;00:12:32;0,10;25,80;363,20;905,44;19,56;83,82;1,39;90,70
23/04/2026;00:22:32;0,11;25,80;363,20;905,23;19,47;84,00;0,98;125,50
23/04/2026;00:32:32;0,13;25,80;363,20;905,17;19,33;84,35;3,13;108,63
23/04/2026;00:42:32;0,12;25,80;363,20;905,04;19,24;84,60;1,65;85,07
23/04/2026;00:52:32;0,11;25,80;363,20;904,96;19,09;84,95;2,10;112,85
23/04/2026;01:02:32;0,11;25,81;363,20;904,86;19,12;84,95;2,05;120,93
23/04/2026;01:12:32;0,12;25,80;363,20;904,82;19,00;85,24;3,33;101,95
23/04/2026;01:22:32;0,11;25,80;363,20;904,74;18,95;85,49;2,85;98,78
23/04/2026;01:32:32;0,10;25,80;363,20;904,68;19,00;85,63;3,17;125,15
23/04/2026;01:42:32;0,12;25,80;363,20;904,61;19,13;85,67;1,61;123,39
23/04/2026;01:52:32;0,12;25,80;363,20;904,58;19,33;85,26;3,74;135,00
23/04/2026;02:02:32;0,10;25,80;363,20;904,51;19,45;85,14;2,76;124,10
23/04/2026;02:12:32;0,12;25,80;363,20;904,44;19,45;85,14;1,39;87,18
23/04/2026;02:22:32;0,10;25,80;363,20;904,40;19,46;85,22;1,19;108,63
23/04/2026;02:32:32;0,10;25,80;363,20;904,45;19,43;85,33;1,09;74,53
23/04/2026;02:42:32;0,12;25,81;363,20;904,39;19,26;85,77;1,71;100,89
23/04/2026;02:52:32;0,12;25,80;363,20;904,25;18,97;86,26;3,91;96,32
23/04/2026;03:02:32;0,12;25,80;363,20;904,30;18,85;86,77;2,42;43,24
23/04/2026;03:12:32;0,12;25,80;363,20;904,24;18,82;86,75;3,94;110,74
23/04/2026;03:22:32;0,12;25,80;363,20;904,27;18,78;86,89;3,36;149,76
23/04/2026;03:32:32;0,10;25,80;363,20;904,20;18,89;86,84;2,74;86,48
23/04/2026;03:42:32;0,12;25,80;363,20;904,20;18,76;87,11;2,12;116,01
23/04/2026;03:52:32;0,11;25,80;363,20;904,23;18,58;87,54;1,90;85,78
23/04/2026;04:02:32;0,10;25,81;363,20;904,33;18,48;87,94;0,00;98,08
23/04/2026;04:12:32;0,12;25,79;363,20;904,33;18,36;88,22;2,54;135,35
23/04/2026;04:22:32;0,11;25,80;363,20;904,41;18,32;88,51;3,03;118,12
23/04/2026;04:32:32;0,11;25,80;363,20;904,51;18,32;88,56;4,22;124,45
23/04/2026;04:42:32;0,11;25,80;363,20;904,50;18,25;88,53;1,47;63,63
23/04/2026;04:52:32;0,13;25,80;363,20;904,46;18,12;88,93;2,34;93,16
23/04/2026;05:02:32;0,11;25,79;363,20;904,51;18,08;89,29;3,64;155,74
23/04/2026;05:12:32;0,11;25,80;363,20;904,53;18,08;89,09;2,10;137,81
23/04/2026;05:22:32;0,11;25,79;363,20;904,67;18,03;89,29;1,89;117,42
23/04/2026;05:32:32;0,13;25,79;363,20;904,79;17,94;89,30;2,04;130,42
23/04/2026;05:42:32;0,54;25,79;363,20;904,88;17,73;89,48;2,08;143,78
23/04/2026;05:52:32;3,23;25,79;363,20;905,02;17,48;89,42;3,68;149,76
23/04/2026;06:02:32;7,70;25,79;363,20;905,23;17,33;88,87;3,33;125,15
23/04/2026;06:12:32;18,04;25,79;363,20;905,30;17,24;88,78;3,52;133,94
23/04/2026;06:22:32;61,93;25,79;363,20;905,41;17,39;88,49;3,31;126,21
23/04/2026;06:32:32;45,93;25,79;363,20;905,52;17,40;88,32;1,42;102,30
23/04/2026;06:42:32;192,65;25,80;363,20;905,68;17,76;87,41;2,80;140,97
23/04/2026;06:52:32;213,91;25,79;363,20;905,78;18,28;86,32;2,36;118,82
23/04/2026;07:02:32;253,47;25,80;363,20;905,88;18,62;85,88;0,46;148,35
23/04/2026;07:12:32;311,33;25,80;363,20;906,07;18,79;85,26;4,38;118,82
23/04/2026;07:22:32;383,08;25,80;363,20;906,21;19,29;84,00;3,95;120,23
23/04/2026;07:32:32;209,77;25,80;363,20;906,38;19,05;84,34;0,37;42,53
23/04/2026;07:42:32;449,37;25,80;363,20;906,50;19,27;83,74;0,45;137,81
23/04/2026;07:52:32;459,90;25,81;363,20;906,57;19,90;82,01;3,86;132,18
23/04/2026;08:02:32;500,51;25,80;363,20;906,59;20,13;81,17;3,26;110,74
23/04/2026;08:12:32;526,82;25,80;363,20;906,72;20,42;79,70;5,78;107,92
23/04/2026;08:22:32;572,53;25,81;363,20;906,82;20,47;79,58;0,37;127,26
23/04/2026;08:32:32;609,59;25,81;363,20;906,89;20,91;79,36;3,81;139,92
23/04/2026;08:42:32;649,78;25,80;363,20;907,01;21,14;78,43;4,90;127,96
23/04/2026;08:52:32;680,98;25,81;363,20;907,03;21,54;77,31;3,69;103,00
23/04/2026;09:02:32;715,09;25,82;363,20;907,13;22,03;76,26;0,41;69,96
23/04/2026;09:12:32;747,54;25,81;363,20;907,22;22,12;73,38;5,36;87,53
23/04/2026;09:22:32;773,67;25,80;363,20;907,20;22,27;74,33;0,40;133,24
23/04/2026;09:32:32;799,84;25,81;363,20;907,28;22,53;71,48;3,44;84,72
23/04/2026;09:42:32;819,65;25,81;363,20;907,19;22,79;70,89;4,26;103,71
23/04/2026;09:52:32;839,92;25,81;363,20;907,18;23,14;70,52;0,00;78,04
23/04/2026;10:02:32;861,08;25,81;363,20;907,23;23,02;71,02;3,34;130,78
23/04/2026;10:08:17;871,71;25,82;363,20;907,13;22,98;69,69;3,33;125,85
23/04/2026;10:18:17;891,58;25,82;363,20;907,13;23,40;69,11;3,49;70,31
23/04/2026;10:28:17;908,00;25,83;363,20;907,06;23,75;68,08;0,89;61,87
23/04/2026;10:38:17;925,51;25,82;363,20;906,87;24,14;63,60;6,37;77,69
23/04/2026;10:48:17;935,46;25,83;363,20;906,77;24,73;61,18;1,91;91,05
23/04/2026;10:58:17;947,81;25,83;363,20;906,56;24,66;62,00;3,47;95,62
23/04/2026;11:08:17;956,85;25,83;363,20;906,37;24,87;62,97;0,76;140,97
23/04/2026;11:18:17;961,10;25,83;363,20;906,20;25,03;62,89;1,83;45,70
23/04/2026;11:28:17;965,54;25,83;363,20;906,04;25,01;62,10;1,04;51,32
23/04/2026;11:38:17;973,25;25,83;363,20;905,84;25,38;60,22;4,47;99,14
23/04/2026;11:48:17;971,99;25,84;363,20;905,76;25,54;60,76;1,37;80,50
23/04/2026;11:58:17;978,42;25,82;363,20;905,57;25,74;59,64;3,85;111,09
23/04/2026;12:08:17;974,45;25,83;363,20;905,36;26,32;59,32;0,00;81,56
23/04/2026;12:18:17;960,92;25,85;363,20;905,23;26,40;59,41;0,72;86,83
23/04/2026;12:28:17;953,64;25,84;363,20;905,06;26,32;58,17;0,00;105,11
23/04/2026;12:38:17;928,81;25,84;363,20;904,97;26,67;56,14;0,00;157,85
23/04/2026;12:48:17;918,90;25,84;363,20;904,86;26,91;54,40;4,31;116,36
23/04/2026;12:58:17;890,74;25,84;363,20;904,71;27,22;55,90;3,21;113,55
23/04/2026;13:08:17;866,21;25,84;363,20;904,50;27,07;56,64;0,00;137,46
23/04/2026;13:18:17;852,50;25,84;363,20;904,35;27,37;54,19;1,42;113,20
23/04/2026;13:28:17;827,63;25,84;363,20;904,21;27,43;54,78;3,63;86,48
23/04/2026;13:38:17;804,01;25,84;363,20;904,23;27,87;53,36;1,36;87,53
23/04/2026;13:48:17;775,66;25,84;363,20;904,00;27,67;54,10;5,08;64,33
23/04/2026;13:58:17;747,78;25,84;363,20;903,94;27,85;54,39;0,00;155,74
23/04/2026;14:08:17;716,78;25,84;363,20;903,76;27,97;54,07;2,38;117,42
23/04/2026;14:18:17;686,83;25,83;363,20;903,66;28,00;52,11;4,87;124,10
23/04/2026;14:28:17;656,88;25,84;363,20;903,55;27,93;52,85;3,37;82,96
23/04/2026;14:38:17;620,73;25,84;363,20;903,53;27,95;53,56;4,21;119,17
23/04/2026;14:48:17;583,70;25,84;363,20;903,54;28,04;53,30;2,74;96,32
23/04/2026;14:58:17;545,91;25,85;363,20;903,43;27,79;52,94;0,66;110,74
23/04/2026;15:08:17;505,77;25,85;363,20;903,39;28,09;54,10;0,00;92,10
23/04/2026;15:18:17;369,08;25,84;363,20;903,36;27,81;54,36;0,00;63,98
23/04/2026;15:28:17;361,64;25,84;363,20;903,31;27,98;52,33;4,19;132,53
23/04/2026;15:38:17;389,58;25,84;363,20;903,31;27,46;56,73;0,00;130,78
23/04/2026;15:48:17;347,88;25,84;363,20;903,33;27,32;56,64;0,00;122,69
23/04/2026;15:58:17;311,12;25,84;363,20;903,39;27,43;55,46;0,00;109,33
23/04/2026;16:08:17;278,24;25,85;363,20;903,53;27,26;55,23;0,51;97,03
23/04/2026;16:18:17;248,37;25,83;363,20;903,54;27,37;55,81;2,19;142,73
23/04/2026;16:28:17;200,42;25,84;363,20;903,62;27,05;56,91;5,13;108,28
23/04/2026;16:38:17;159,09;25,86;363,20;903,62;26,47;58,88;0,38;78,04
23/04/2026;16:48:17;125,24;25,85;363,20;903,71;26,20;60,12;0,43;144,84
23/04/2026;16:58:17;90,65;25,85;363,20;903,81;26,03;59,79;0,95;81,21
23/04/2026;17:08:17;64,57;25,84;363,20;903,84;25,64;61,76;0,00;106,17
23/04/2026;17:18:17;41,62;25,86;363,20;903,84;25,18;63,10;0,38;131,83
23/04/2026;17:28:17;21,02;25,85;363,20;903,94;24,70;64,90;0,00;84,72
23/04/2026;17:38:17;5,37;25,85;363,20;904,03;24,20;66,59;0,00;105,46
23/04/2026;17:48:17;1,81;25,85;363,20;904,03;23,89;67,65;0,00;89,64
23/04/2026;17:58:17;0,29;25,85;363,20;904,05;23,64;68,68;0,00;128,32
23/04/2026;18:08:17;0,11;25,85;363,20;904,09;23,52;69,39;0,00;107,22
23/04/2026;18:18:17;0,12;25,85;363,20;904,09;23,22;70,34;0,00;101,95
23/04/2026;18:28:17;0,11;25,84;363,20;904,14;23,16;70,19;0,00;116,01
23/04/2026;18:38:17;0,11;25,84;363,20;904,24;23,02;70,61;0,00;104,06
23/04/2026;18:48:17;0,11;25,84;363,20;904,35;22,97;70,73;0,00;118,82
23/04/2026;18:58:17;0,12;25,84;363,20;904,39;22,82;71,38;0,00;118,82
23/04/2026;19:08:17;0,12;25,83;363,20;904,41;22,91;71,28;2,05;126,91
23/04/2026;19:18:17;0,12;25,83;363,20;904,54;22,71;72,20;0,00;87,89
23/04/2026;19:28:17;0,10;25,84;363,20;904,74;22,52;73,23;0,34;108,98
23/04/2026;19:38:17;0,10;25,84;363,20;904,82;22,52;73,21;0,00;137,10
23/04/2026;19:48:17;0,11;25,84;363,20;904,89;22,39;74,26;0,58;106,52
23/04/2026;19:58:17;0,12;25,83;363,20;904,89;22,26;75,57;0,00;120,58
23/04/2026;20:08:17;0,12;25,84;363,20;905,03;22,39;75,83;0,00;135,35
23/04/2026;20:18:17;0,11;25,84;363,20;905,11;22,29;76,16;4,11;102,30
23/04/2026;20:28:17;0,12;25,84;363,20;905,20;22,20;76,24;5,70;93,16
23/04/2026;20:38:17;0,12;25,84;363,20;905,33;22,01;76,67;3,56;125,15
23/04/2026;20:48:17;0,12;25,84;363,20;905,46;21,85;76,85;3,42;148,35
23/04/2026;20:58:17;0,11;25,83;363,20;905,50;21,77;76,89;3,96;118,47
23/04/2026;21:08:17;0,11;25,83;363,20;905,50;21,60;77,34;4,89;117,42
23/04/2026;21:18:17;0,11;25,84;363,20;905,50;21,46;77,60;3,40;117,07
23/04/2026;21:28:17;0,11;25,84;363,20;905,49;21,39;77,68;3,49;100,19
23/04/2026;21:38:17;0,11;25,83;363,20;905,48;21,32;77,79;3,08;80,85
23/04/2026;21:48:17;0,11;25,84;363,20;905,52;21,15;78,29;2,29;75,93
23/04/2026;21:58:17;0,13;25,83;363,20;905,49;21,07;78,57;2,74;124,80
23/04/2026;22:08:17;0,12;25,83;363,20;905,48;21,03;78,93;2,98;99,49
23/04/2026;22:18:17;0,11;25,83;363,20;905,47;20,89;79,53;2,86;118,82
23/04/2026;22:28:17;0,12;25,83;363,20;905,46;20,81;79,91;4,88;73,12
23/04/2026;22:38:17;0,12;25,83;363,20;905,49;20,73;80,37;2,02;61,52
23/04/2026;22:48:17;0,12;25,84;363,20;905,48;20,70;80,56;4,28;142,03
23/04/2026;22:58:17;0,12;25,83;363,20;905,54;20,62;80,95;5,84;112,85
23/04/2026;23:08:17;0,11;25,84;363,20;905,61;20,56;81,36;3,02;97,38
23/04/2026;23:18:17;0,12;25,83;363,20;905,62;20,71;81,01;5,83;104,76
23/04/2026;23:28:17;0,10;25,83;363,20;905,58;20,70;81,15;6,57;95,62
23/04/2026;23:38:17;0,12;25,84;363,20;905,56;20,54;81,63;8,45;145,54
23/04/2026;23:48:17;0,12;25,84;363,20;905,58;20,39;82,04;4,26;74,53
23/04/2026;23:58:17;0,10;25,83;363,20;905,52;20,27;82,01;6,24;94,21
24/04/2026;00:08:17;0,13;25,83;363,20;905,54;20,19;81,55;5,87;108,28
24/04/2026;00:18:17;0,10;25,83;363,20;905,62;20,12;81,72;5,44;96,32
24/04/2026;00:28:17;0,11;25,84;363,20;905,50;20,01;81,49;4,91;113,90
24/04/2026;00:38:17;0,12;25,84;363,20;905,41;19,80;82,06;3,95;74,17
24/04/2026;00:48:17;0,12;25,83;363,20;905,40;19,74;82,27;2,99;87,53
24/04/2026;00:58:17;0,10;25,83;363,20;905,19;19,85;82,06;2,50;149,41
24/04/2026;01:08:17;0,12;25,83;363,20;905,09;19,76;82,29;2,97;125,50
24/04/2026;01:18:17;0,11;25,83;363,20;905,10;19,74;82,46;5,11;122,34
24/04/2026;01:28:17;0,12;25,84;363,20;904,94;19,66;82,52;3,13;114,25
24/04/2026;01:38:17;0,11;25,83;363,20;904,83;19,52;83,04;4,67;117,77
24/04/2026;01:48:17;0,12;25,83;363,20;904,74;19,44;83,56;4,34;138,51
24/04/2026;01:58:17;0,11;25,83;363,20;904,60;19,45;83,95;3,79;98,43
24/04/2026;02:08:17;0,10;25,83;363,20;904,57;19,39;84,44;4,59;112,14
24/04/2026;02:18:17;0,10;25,84;363,20;904,54;19,38;84,66;2,89;72,07
24/04/2026;02:28:17;0,12;25,83;363,20;904,58;19,38;84,93;2,59;120,23
24/04/2026;02:38:17;0,13;25,84;363,20;904,65;19,37;85,24;2,32;101,95
24/04/2026;02:48:17;0,09;25,83;363,20;904,64;19,32;85,46;3,90;143,43
24/04/2026;02:58:17;0,14;25,83;363,20;904,66;19,27;85,57;4,73;117,07
24/04/2026;03:08:17;0,11;25,83;363,20;904,70;19,24;85,71;4,68;55,89
24/04/2026;03:18:17;0,12;25,83;363,20;904,69;19,21;85,77;5,75;136,40
24/04/2026;03:28:17;0,12;25,83;363,20;904,70;19,17;85,78;2,48;141,32
24/04/2026;03:38:17;0,09;25,83;363,20;904,66;19,13;85,84;3,67;99,84
24/04/2026;03:48:17;0,12;25,83;363,20;904,65;18,84;86,56;4,92;120,58
24/04/2026;03:58:17;0,10;25,83;363,20;904,64;18,91;86,38;3,04;127,26
24/04/2026;04:08:17;0,13;25,83;363,20;904,73;18,91;86,32;1,31;137,46
24/04/2026;04:18:17;0,11;25,83;363,20;904,71;18,68;87,07;0,00;128,32
24/04/2026;04:28:17;0,12;25,84;363,20;904,71;18,53;87,12;0,00;150,46
24/04/2026;04:38:17;0,11;25,83;363,20;904,74;18,46;86,72;0,00;157,14
24/04/2026;04:48:17;0,11;25,84;363,20;904,72;18,50;86,39;4,00;131,48
24/04/2026;04:58:17;0,11;25,84;363,20;904,79;18,41;86,58;5,33;122,69
24/04/2026;05:08:17;0,12;25,83;363,20;904,98;18,27;87,04;0,50;128,32
24/04/2026;05:18:17;0,12;25,83;363,20;905,03;18,14;87,52;3,80;99,84
24/04/2026;05:28:17;0,12;25,83;363,20;905,11;18,21;87,29;2,05;106,52
24/04/2026;05:38:17;0,19;25,83;363,20;905,31;18,20;87,43;2,89;114,60
24/04/2026;05:48:17;1,04;25,83;363,20;905,46;18,17;87,72;2,47;202,14
24/04/2026;05:58:17;3,87;25,83;363,20;905,61;18,14;87,61;0,95;314,64
24/04/2026;06:08:17;7,01;25,83;363,20;905,78;18,12;87,77;5,78;126,21
24/04/2026;06:18:17;22,79;25,83;363,20;905,94;18,07;87,80;4,68;117,77
24/04/2026;06:28:17;115,12;25,84;363,20;906,00;18,15;87,64;3,54;129,37
24/04/2026;06:38:17;94,18;25,83;363,20;906,13;18,26;87,26;5,58;125,85
24/04/2026;06:48:17;75,46;25,83;363,20;906,22;18,29;87,15;2,07;150,82
24/04/2026;06:58:17;65,10;25,83;363,20;906,33;18,33;87,02;2,48;156,44
24/04/2026;07:08:17;95,24;25,83;363,20;906,38;18,39;87,03;4,87;117,07
24/04/2026;07:18:17;165,14;25,83;363,20;906,48;18,63;86,65;4,29;108,28
24/04/2026;07:28:17;254,28;25,83;363,20;906,53;18,97;85,96;4,65;117,42
24/04/2026;07:38:17;390,27;25,84;363,20;906,53;19,39;85,31;4,31;62,57
24/04/2026;07:48:17;114,97;25,83;363,20;906,64;19,39;84,93;2,36;155,74
24/04/2026;07:58:17;137,40;25,85;363,20;906,77;19,16;85,70;4,49;105,82
24/04/2026;08:08:17;140,17;25,84;363,20;906,74;19,41;85,50;2,66;126,56
24/04/2026;08:18:17;245,87;25,84;363,20;906,89;19,57;85,32;2,86;107,57
24/04/2026;08:28:17;268,25;25,84;363,20;906,99;19,87;84,45;4,08;119,53
24/04/2026;08:38:17;211,00;25,85;363,20;907,07;19,98;84,40;5,02;136,40
24/04/2026;08:48:17;196,77;25,84;363,20;907,13;20,09;84,32;3,73;145,19
24/04/2026;08:58:17;215,94;25,84;363,20;907,30;19,91;84,75;8,42;109,68
24/04/2026;09:08:17;230,49;25,85;363,20;907,38;19,66;86,01;3,78;107,22
24/04/2026;09:18:17;485,13;25,84;363,20;907,25;20,54;84,44;2,62;66,44
24/04/2026;09:28:17;1284,72;25,85;363,20;907,29;21,54;83,44;2,80;113,20
24/04/2026;09:38:17;467,54;25,85;363,20;907,23;22,20;81,07;3,41;56,25
24/04/2026;09:48:17;443,58;25,85;363,20;907,34;22,21;80,15;5,52;100,89
24/04/2026;09:58:17;568,29;25,85;363,20;907,31;21,84;81,35;3,00;135,00
24/04/2026;10:08:17;492,80;25,86;363,20;907,27;21,99;80,94;5,00;122,69
24/04/2026;10:18:17;513,75;25,85;363,20;907,29;21,84;80,73;6,26;129,37
24/04/2026;10:28:17;436,34;25,85;363,20;907,22;21,83;80,81;3,94;91,05
24/04/2026;10:38:17;335,57;25,86;363,20;907,11;22,43;80,02;5,07;108,63
24/04/2026;10:48:17;502,09;25,85;363,20;906,89;22,92;78,47;2,90;93,86
24/04/2026;10:58:17;810,40;25,86;363,20;906,77;23,70;75,92;2,57;95,62
24/04/2026;11:08:17;522,44;25,86;363,20;906,62;23,01;78,46;4,12;73,12
24/04/2026;11:18:17;521,16;25,86;363,20;906,54;23,37;77,24;2,20;102,65
24/04/2026;11:28:17;1263,18;25,86;363,20;906,39;23,64;76,88;3,83;99,49
24/04/2026;11:38:17;428,50;25,86;363,20;906,30;23,41;75,99;4,49;93,51
24/04/2026;11:48:17;427,96;25,86;363,20;906,14;23,52;76,26;3,76;120,58
24/04/2026;11:58:17;353,58;25,86;363,20;906,08;23,81;74,77;5,75;119,88
24/04/2026;12:08:17;704,02;25,86;363,20;905,89;23,84;75,63;7,62;120,23
24/04/2026;12:18:17;624,42;25,85;363,20;905,78;23,40;76,53;3,85;171,21
24/04/2026;12:28:17;442,17;25,86;363,20;905,61;23,51;77,24;6,33;110,03
24/04/2026;12:38:17;496,40;25,87;363,20;905,54;23,74;76,70;3,80;163,12
24/04/2026;12:48:17;415,11;25,86;363,20;905,44;23,69;75,72;3,35;133,94
24/04/2026;12:58:17;437,77;25,86;363,20;905,30;23,65;75,36;3,60;112,85
24/04/2026;13:08:17;486,83;25,87;363,20;905,14;23,77;76,09;2,88;69,60
24/04/2026;13:18:17;444,59;25,86;363,20;905,02;23,73;75,51;3,34;75,58
24/04/2026;13:28:17;612,29;25,87;363,20;904,95;24,14;75,10;4,20;79,45
24/04/2026;13:38:17;512,52;25,87;363,20;904,89;24,17;74,96;6,10;103,35
24/04/2026;13:48:17;309,39;25,87;363,20;904,79;24,16;75,34;3,23;101,95
24/04/2026;13:58:17;683,72;25,87;363,20;904,66;24,43;74,60;3,95;106,52
24/04/2026;14:08:17;338,97;25,87;363,20;904,56;24,33;73,79;2,08;117,42
24/04/2026;14:18:17;282,02;25,87;363,20;904,46;24,35;74,98;2,22;93,51
24/04/2026;14:28:17;198,56;25,87;363,20;904,46;23,86;75,71;1,56;118,47
24/04/2026;14:38:17;217,08;25,86;363,20;904,45;23,64;76,63;2,76;117,42
24/04/2026;14:48:17;248,77;25,87;363,20;904,44;23,86;75,76;2,19;116,71
24/04/2026;14:58:17;218,55;25,87;363,20;904,38;23,95;75,20;2,67;101,95
24/04/2026;15:08:17;232,26;25,86;363,20;904,38;23,99;75,61;1,73;120,58
24/04/2026;15:18:17;260,82;25,87;363,20;904,30;24,33;75,19;1,84;174,72
24/04/2026;15:28:17;223,16;25,87;363,20;904,30;24,26;74,35;3,24;120,23
24/04/2026;15:38:17;109,74;25,87;363,20;904,35;23,87;76,06;1,98;80,15
24/04/2026;15:48:17;133,03;25,87;363,20;904,29;23,91;76,14;1,36;110,74
24/04/2026;15:58:17;102,98;25,86;363,20;904,36;23,92;75,78;3,44;113,90
24/04/2026;16:08:17;87,05;25,87;363,20;904,35;23,41;77,69;2,77;118,47
24/04/2026;16:18:17;43,85;25,87;363,20;904,36;23,30;78,27;1,16;159,25
24/04/2026;16:28:17;75,03;25,87;363,20;904,42;23,34;78,17;1,56;117,42
24/04/2026;16:38:17;67,70;25,86;363,20;904,45;23,46;78,37;1,41;121,99
24/04/2026;16:48:17;55,83;25,86;363,20;904,52;23,49;77,85;2,53;91,40
24/04/2026;16:58:17;38,80;25,87;363,20;904,59;23,26;78,58;4,73;160,31
24/04/2026;17:08:17;28,51;25,87;363,20;904,61;22,88;79,29;3,38;125,85
24/04/2026;17:18:17;28,95;25,87;363,20;904,71;22,67;79,95;3,88;148,00
24/04/2026;17:28:17;17,13;25,87;363,20;904,73;22,71;80,17;2,49;160,66
24/04/2026;17:38:17;4,52;25,87;363,20;904,77;22,51;80,70;2,89;126,56
24/04/2026;17:48:17;0,52;25,87;363,20;904,73;21,93;82,21;1,98;134,29
24/04/2026;17:58:17;0,15;25,87;363,20;904,71;21,60;82,88;2,74;133,94
24/04/2026;18:08:17;0,12;25,87;363,20;904,75;21,54;83,10;1,30;158,90
24/04/2026;18:18:17;0,12;25,87;363,20;904,80;21,50;83,41;1,45;118,47
24/04/2026;18:28:17;0,14;25,87;363,20;904,89;21,58;83,32;1,43;103,35
24/04/2026;18:38:17;0,11;25,87;363,20;904,87;21,53;83,32;1,40;134,29
24/04/2026;18:48:17;0,11;25,87;363,20;905,01;21,54;83,27;2,69;118,82
24/04/2026;18:58:17;0,11;25,87;363,20;905,08;21,46;83,47;2,99;133,94
24/04/2026;19:08:17;0,11;25,87;363,20;905,19;21,34;83,70;2,47;118,47
24/04/2026;19:18:17;0,12;25,87;363,20;905,30;21,16;84,18;2,83;165,93
24/04/2026;19:28:17;0,11;25,87;363,20;905,48;20,99;84,83;2,38;128,67
24/04/2026;19:38:17;0,12;25,87;363,20;905,54;20,71;85,68;1,74;154,68
24/04/2026;19:48:17;0,10;25,87;363,20;905,54;20,64;85,99;1,65;155,03
24/04/2026;19:58:17;0,11;25,87;363,20;905,70;20,39;87,34;0,00;173,67
24/04/2026;20:08:17;0,11;25,87;363,20;905,75;20,30;87,61;2,03;112,50
24/04/2026;20:18:17;0,13;25,88;363,20;905,86;20,19;87,80;3,96;124,80
24/04/2026;20:28:17;0,12;25,87;363,20;905,89;19,91;88,52;5,29;134,64
24/04/2026;20:38:17;0,09;25,87;363,20;905,98;19,82;88,88;3,04;105,11
24/04/2026;20:48:17;0,12;25,87;363,20;906,05;19,83;89,08;0,00;71,36
24/04/2026;20:58:17;0,10;25,87;363,20;906,10;19,81;89,32;2,27;123,04
24/04/2026;21:08:17;0,11;25,87;363,20;906,13;19,83;89,60;2,14;71,01
24/04/2026;21:18:17;0,12;25,86;363,20;906,19;19,83;89,93;4,75;136,05
24/04/2026;21:28:17;0,11;25,87;363,20;906,27;19,74;90,22;3,22;76,64
24/04/2026;21:38:17;0,12;25,86;363,40;906,33;19,38;90,31;4,43;106,17
24/04/2026;21:48:17;0,13;25,86;363,60;906,35;19,15;90,53;3,07;97,03
24/04/2026;21:58:17;0,11;25,87;363,60;906,30;19,16;90,87;4,20;106,17
24/04/2026;22:08:17;0,13;25,86;363,60;906,23;19,24;90,99;4,55;88,24
24/04/2026;22:18:17;0,11;25,87;363,60;906,08;19,37;91,13;5,57;118,47
24/04/2026;22:28:17;0,11;25,87;363,60;906,13;19,35;91,05;3,21;140,97
24/04/2026;22:38:17;0,12;25,86;363,60;906,12;19,36;91,30;4,34;126,56
24/04/2026;22:48:17;0,12;25,86;363,60;906,09;19,31;91,38;3,80;129,37
24/04/2026;22:58:17;0,11;25,86;363,60;906,02;19,32;91,44;1,96;111,79
24/04/2026;23:08:17;0,12;25,86;363,60;906,04;19,36;91,52;0,40;125,15
24/04/2026;23:18:17;0,12;25,86;363,80;905,99;19,37;91,50;2,30;90,35
24/04/2026;23:28:17;0,10;25,86;364,00;905,93;19,41;91,62;3,34;150,11
24/04/2026;23:38:17;0,11;25,86;364,00;905,95;19,37;91,63;0,38;113,55
24/04/2026;23:48:17;0,12;25,86;364,00;905,83;19,30;91,57;4,49;69,25
24/04/2026;23:58:17;0,12;25,86;364,00;905,85;19,31;91,69;3,32;106,87
25/04/2026;00:08:17;0,12;25,86;364,00;905,79;19,32;91,77;3,08;108,28
25/04/2026;00:18:17;0,12;25,86;364,00;905,67;19,35;91,79;2,56;115,66
25/04/2026;00:28:17;0,11;25,88;364,20;905,53;19,35;91,82;3,81;93,51
25/04/2026;00:38:17;0,14;25,85;364,40;905,48;19,37;91,85;3,11;122,34
25/04/2026;00:48:17;0,10;25,86;364,40;905,41;19,29;91,82;3,13;162,07
25/04/2026;00:58:17;0,12;25,86;364,40;905,34;19,25;91,94;4,02;93,86
25/04/2026;01:08:17;0,11;25,86;364,80;905,29;19,22;91,99;1,65;88,24
25/04/2026;01:18:17;0,13;25,85;365,00;905,16;19,20;91,95;1,83;96,32
25/04/2026;01:28:17;0,12;25,86;365,20;905,02;19,20;92,05;6,62;94,57
25/04/2026;01:38:17;0,11;25,86;365,20;905,02;19,16;92,06;2,84;95,62
25/04/2026;01:48:17;0,11;25,86;365,40;904,94;19,15;92,14;2,00;74,17
25/04/2026;01:58:17;0,12;25,86;365,40;904,87;19,14;92,20;2,56;91,05
25/04/2026;02:08:17;0,11;25,86;365,60;904,88;18,97;92,01;3,95;108,28
25/04/2026;02:18:17;0,13;25,86;365,60;904,83;18,52;91,93;3,41;99,14
25/04/2026;02:28:17;0,11;25,86;365,60;904,85;18,26;91,98;3,14;92,81
25/04/2026;02:38:17;0,11;25,87;365,60;904,81;18,19;92,11;2,05;121,28
25/04/2026;02:48:17;0,11;25,86;365,60;904,74;18,11;92,10;0,47;121,99
25/04/2026;02:58:17;0,11;25,86;365,60;904,82;18,05;92,18;5,90;118,47
25/04/2026;03:08:17;0,11;25,85;365,60;904,79;18,05;92,18;3,55;102,30
25/04/2026;03:18:17;0,12;25,86;365,60;904,71;18,05;92,21;4,16;94,21
25/04/2026;03:28:17;0,12;25,85;365,60;904,74;18,05;92,21;2,68;94,57
25/04/2026;03:38:17;0,14;25,86;365,60;904,67;18,08;92,27;1,50;72,77
25/04/2026;03:48:17;0,11;25,85;365,60;904,54;18,09;92,27;3,71;92,10
25/04/2026;03:58:17;0,12;25,86;365,60;904,58;18,17;92,31;4,11;99,14
25/04/2026;04:08:17;0,12;25,86;365,60;904,58;18,21;92,31;1,64;111,79
25/04/2026;04:18:17;0,11;25,86;365,60;904,57;18,23;92,31;5,18;98,08
25/04/2026;04:28:17;0,12;25,86;365,60;904,59;18,22;92,28;4,90;116,71
25/04/2026;04:38:17;0,11;25,86;365,60;904,65;18,26;92,37;2,64;124,10
25/04/2026;04:48:17;0,11;25,86;365,60;904,66;18,29;92,34;1,44;67,85
25/04/2026;04:58:17;0,12;25,86;365,60;904,69;18,28;92,34;0,00;124,10
25/04/2026;05:08:17;0,12;25,86;365,60;904,75;18,23;92,34;4,43;90,35
25/04/2026;05:18:17;0,11;25,85;365,60;904,76;18,19;92,31;2,90;86,13
25/04/2026;05:28:17;0,11;25,85;365,60;904,78;18,15;92,27;0,00;91,75
25/04/2026;05:38:17;0,17;25,86;365,60;904,89;18,05;92,30;1,80;98,08
25/04/2026;05:48:17;0,92;25,85;365,60;904,93;17,98;92,27;2,73;83,32
25/04/2026;05:58:17;5,05;25,86;365,60;905,03;17,88;92,20;1,58;55,54
25/04/2026;06:08:17;14,08;25,85;365,60;905,20;17,76;92,26;0,00;74,17
25/04/2026;06:18:17;22,28;25,86;365,60;905,30;17,72;92,32;1,77;83,67
25/04/2026;06:28:17;25,73;25,85;365,60;905,43;17,68;92,37;3,62;92,81
25/04/2026;06:38:17;32,83;25,86;365,60;905,56;17,75;92,46;0,00;125,15
25/04/2026;06:48:17;42,39;25,85;365,60;905,67;17,85;92,53;3,19;101,25
25/04/2026;06:58:17;58,88;25,86;365,60;905,79;17,94;92,50;2,41;82,96
25/04/2026;07:08:17;75,97;25,85;365,60;905,88;17,99;92,39;2,12;46,05
25/04/2026;07:18:17;139,87;25,86;365,60;906,01;18,26;92,66;3,40;70,31
25/04/2026;07:28:17;142,01;25,85;365,60;906,11;18,21;92,40;0,48;91,05
25/04/2026;07:38:17;148,48;25,86;365,60;906,18;18,36;92,50;0,00;111,44
25/04/2026;07:48:17;173,35;25,86;365,60;906,27;18,53;92,48;0,44;122,69
25/04/2026;07:58:17;161,12;25,86;365,60;906,39;18,47;92,05;4,24;117,77
25/04/2026;08:08:17;193,53;25,85;365,60;906,51;18,56;92,12;0,00;83,32
25/04/2026;08:18:17;219,04;25,86;365,60;906,60;18,73;91,64;0,00;106,52
25/04/2026;08:28:17;256,81;25,85;365,80;906,70;18,94;90,08;4,64;95,27
25/04/2026;08:38:17;306,07;25,85;365,80;906,69;19,17;88,74;2,71;104,41
25/04/2026;08:48:17;342,19;25,87;365,80;906,82;19,39;87,96;2,32;93,51
25/04/2026;08:58:17;358,48;25,85;365,80;906,91;19,74;87,20;3,41;117,77
25/04/2026;09:08:17;385,26;25,86;365,80;906,97;19,89;86,38;2,54;136,75
25/04/2026;09:18:17;479,50;25,86;365,80;907,04;20,18;86,22;0,00;81,91
25/04/2026;09:28:17;566,24;25,86;365,80;907,04;20,66;84,65;4,53;86,48
25/04/2026;09:38:17;492,80;25,86;365,80;907,05;21,01;84,94;0,40;118,82
25/04/2026;09:48:17;362,93;25,87;365,80;907,03;21,06;83,91;0,00;84,02
25/04/2026;09:58:17;376,75;25,86;365,80;906,93;21,01;83,85;0,38;121,28
25/04/2026;10:08:17;450,97;25,86;365,80;906,78;21,61;83,44;0,34;103,35
25/04/2026;10:18:17;632,08;25,87;365,80;906,69;21,46;83,81;0,00;165,23
25/04/2026;10:28:17;375,32;25,87;365,80;906,56;22,34;82,32;0,00;125,85
25/04/2026;10:38:17;652,65;25,87;365,80;906,41;22,13;82,49;0,00;53,43
25/04/2026;10:48:17;1270,43;25,88;365,80;906,26;23,26;81,36;0,00;59,06
25/04/2026;10:58:17;537,72;25,87;365,80;906,11;23,22;79,43;0,37;131,48
25/04/2026;11:08:17;491,44;25,87;365,80;905,97;23,30;80,41;0,44;103,35
25/04/2026;11:18:17;987,34;25,87;365,80;905,77;22,91;80,66;0,39;95,27
25/04/2026;11:28:17;442,26;25,87;365,80;905,65;23,53;79,33;0,00;106,17
25/04/2026;11:38:17;1170,08;25,87;365,80;905,46;24,02;77,90;0,00;86,48
25/04/2026;11:48:17;365,35;25,88;365,80;905,35;23,65;76,93;1,56;65,39
25/04/2026;11:58:17;586,02;25,87;365,80;905,14;23,56;78,34;0,00;1,75
25/04/2026;12:08:17;592,41;25,87;365,80;904,95;23,84;78,27;0,00;55,19
25/04/2026;12:18:17;764,74;25,88;365,80;904,80;24,10;78,73;0,00;106,17
25/04/2026;12:28:17;359,44;25,88;365,80;904,67;24,35;75,89;0,00;107,57
25/04/2026;12:38:17;1036,47;25,87;365,80;904,55;24,35;76,60;0,00;20,74
25/04/2026;12:48:17;706,35;25,87;365,80;904,46;24,54;73,88;0,00;163,12
25/04/2026;12:58:17;918,68;25,84;365,80;904,20;25,63;71,67;0,37;39,72
25/04/2026;13:08:17;430,87;25,84;365,80;904,24;24,92;72,95;2,71;123,75
25/04/2026;13:18:17;583,80;25,85;365,80;904,06;24,88;75,23;0,00;85,07
25/04/2026;13:28:17;276,79;25,85;365,80;903,95;25,01;72,18;0,62;160,66
25/04/2026;13:38:17;361,65;25,85;365,80;903,86;24,54;73,86;3,01;82,61
25/04/2026;13:48:17;492,15;25,84;365,80;903,72;25,33;72,03;1,12;133,24
25/04/2026;13:58:17;953,46;25,84;365,80;903,66;25,09;72,08;0,00;152,57
25/04/2026;14:08:17;339,32;25,84;365,80;903,53;26,27;68,25;2,90;117,77
25/04/2026;14:18:17;310,02;25,85;365,80;903,50;24,97;72,06;1,35;102,65
25/04/2026;14:28:17;843,31;25,84;365,80;903,47;25,53;69,64;3,45;96,32
25/04/2026;14:38:17;361,32;25,84;365,80;903,40;24,94;70,85;0,00;91,05
25/04/2026;14:48:17;747,29;25,84;365,80;903,37;25,91;69,26;1,92;131,13
25/04/2026;14:58:17;246,51;25,84;365,80;903,39;25,89;66,82;4,74;100,19
25/04/2026;15:08:17;216,11;25,84;365,80;903,37;24,76;71,12;0,00;101,60
25/04/2026;15:18:17;564,88;25,85;365,80;903,30;25,80;68,65;0,37;82,61
25/04/2026;15:28:17;445,62;25,84;365,80;903,32;26,09;69,05;0,34;93,51
25/04/2026;15:38:17;192,81;25,84;365,80;903,36;25,29;69,02;1,85;132,89
25/04/2026;15:48:17;128,07;25,84;365,80;903,38;24,92;69,49;0,00;89,64
25/04/2026;15:58:17;138,08;25,86;365,80;903,47;24,56;70,90;0,00;147,65
25/04/2026;16:08:17;372,27;25,86;365,80;903,43;24,72;71,13;0,00;122,34
25/04/2026;16:18:17;233,02;25,86;365,80;903,50;25,64;68,39;0,00;95,97
25/04/2026;16:28:17;190,18;25,86;365,80;903,56;25,29;69,21;0,41;162,42
25/04/2026;16:38:17;155,18;25,86;365,80;903,63;25,34;69,71;0,00;117,77
25/04/2026;16:48:17;119,35;25,85;365,80;903,68;24,99;69,25;0,42;87,18
25/04/2026;16:58:17;91,72;25,86;365,80;903,71;24,72;70,55;0,00;101,95
25/04/2026;17:08:17;63,85;25,87;365,80;903,71;24,40;72,33;0,00;82,26
25/04/2026;17:18:17;39,45;25,86;365,80;903,67;23,87;74,02;0,00;95,97
25/04/2026;17:28:17;19,71;25,85;365,80;903,63;23,34;76,14;0,00;99,49
25/04/2026;17:38:17;4,39;25,85;365,80;903,62;22,69;78,21;0,00;99,84
25/04/2026;17:48:17;1,14;25,83;365,80;903,61;22,11;79,55;0,00;106,17
25/04/2026;17:58:17;0,17;25,84;365,80;903,59;21,78;80,33;0,00;106,17
25/04/2026;18:08:17;0,12;25,83;365,80;903,54;21,58;80,81;0,00;110,03
25/04/2026;18:18:17;0,12;25,82;365,80;903,59;21,39;80,97;0,00;119,53
25/04/2026;18:28:17;0,10;25,83;365,80;903,53;21,31;81,27;0,00;106,52
25/04/2026;18:38:17;0,11;25,83;365,80;903,56;21,15;81,70;0,00;110,39
25/04/2026;18:48:17;0,12;25,83;365,80;903,60;20,99;81,99;0,00;104,76
25/04/2026;18:58:17;0,11;25,83;365,80;903,64;20,85;82,28;0,00;115,66
25/04/2026;19:08:17;0,12;25,83;365,80;903,73;20,77;82,37;0,33;112,50
25/04/2026;19:18:17;0,12;25,82;365,80;903,73;20,62;82,93;0,81;89,29
25/04/2026;19:28:17;0,11;25,82;365,80;903,83;20,75;82,84;0,00;114,25
25/04/2026;19:38:17;0,11;25,82;365,80;903,94;20,60;83,30;0,00;117,42
25/04/2026;19:48:17;0,11;25,82;365,80;904,08;20,46;83,91;0,00;137,46
25/04/2026;19:58:17;0,13;25,83;365,80;904,21;20,46;84,41;0,00;139,92
25/04/2026;20:08:17;0,12;25,82;365,80;904,30;20,44;84,78;0,38;122,69
25/04/2026;20:18:17;0,11;25,83;365,80;904,47;20,48;85,00;0,00;120,93
25/04/2026;20:28:17;0,11;25,82;365,80;904,59;20,39;85,54;0,00;133,59
25/04/2026;20:38:17;0,12;25,82;365,80;904,66;20,39;85,64;0,00;112,50
25/04/2026;20:48:17;0,10;25,82;365,80;904,77;20,39;85,71;0,00;124,10
25/04/2026;20:58:17;0,12;25,82;365,80;904,78;20,30;85,95;0,00;110,74
25/04/2026;21:08:17;0,11;25,82;365,80;904,86;20,26;86,00;0,00;113,90
25/04/2026;21:18:17;0,11;25,82;365,80;904,82;20,13;86,33;0,00;90,70
25/04/2026;21:28:17;0,11;25,82;365,80;904,74;20,13;86,52;0,00;114,25
25/04/2026;21:38:17;0,11;25,81;365,80;904,69;20,07;86,70;0,87;126,91
25/04/2026;21:48:17;0,11;25,81;365,80;904,78;20,03;86,87;0,00;103,71
25/04/2026;21:58:17;0,11;25,81;365,80;904,73;20,04;86,93;0,00;109,33
25/04/2026;22:08:17;0,11;25,82;365,80;904,72;20,00;87,01;1,58;126,21
25/04/2026;22:18:17;0,13;25,82;365,80;904,72;19,98;87,15;2,44;108,63
25/04/2026;22:28:17;0,11;25,82;365,80;904,80;19,99;87,06;2,24;106,87
25/04/2026;22:38:17;0,10;25,81;365,80;904,82;20,01;87,06;2,57;110,74
25/04/2026;22:48:17;0,12;25,82;365,80;904,92;19,86;87,33;2,78;78,39
25/04/2026;22:58:17;0,11;25,82;365,80;904,96;19,74;87,51;1,96;130,07
25/04/2026;23:08:17;0,10;25,82;365,80;904,99;19,55;88,03;1,99;98,78
25/04/2026;23:18:17;0,11;25,81;365,80;904,95;19,46;88,52;2,09;112,14
25/04/2026;23:28:17;0,11;25,81;365,80;904,94;19,50;88,80;2,12;143,43
25/04/2026;23:38:17;0,11;25,81;365,80;904,82;19,48;88,88;2,58;151,87
25/04/2026;23:48:17;0,12;25,81;365,80;904,78;19,43;89,35;3,53;114,60
25/04/2026;23:58:17;0,11;25,82;365,80;904,81;19,40;89,54;1,87;130,42
26/04/2026;00:08:17;0,11;25,81;365,80;904,80;19,32;89,78;2,54;91,40
26/04/2026;00:18:17;0,12;25,81;365,80;904,74;19,30;90,05;2,52;110,39
26/04/2026;00:28:17;0,10;25,81;365,80;904,62;19,24;90,11;3,91;103,35
26/04/2026;00:38:17;0,11;25,81;365,80;904,50;19,13;90,15;2,74;108,98
26/04/2026;00:48:17;0,11;25,81;365,80;904,47;19,08;90,40;0,41;71,71
26/04/2026;00:58:17;0,12;25,80;365,80;904,39;19,09;90,65;2,09;111,09
26/04/2026;01:08:17;0,12;25,80;365,80;904,41;19,06;90,76;0,00;67,50
26/04/2026;01:18:17;0,10;25,80;365,80;904,40;18,97;90,82;2,12;109,68
26/04/2026;01:28:17;0,11;25,81;365,80;904,33;18,91;90,94;0,00;117,07
26/04/2026;01:38:17;0,12;25,80;365,80;904,15;18,84;91,00;0,00;110,03
26/04/2026;01:48:17;0,11;25,80;365,80;904,00;18,73;91,08;2,74;95,27
26/04/2026;01:58:17;0,11;25,80;365,80;903,94;18,61;91,18;0,00;140,97
26/04/2026;02:08:17;0,12;25,80;365,80;903,92;18,49;91,25;0,00;152,22
26/04/2026;02:18:17;0,13;25,81;365,80;903,80;18,44;91,27;0,00;145,89
26/04/2026;02:28:17;0,12;25,80;365,80;903,76;18,40;91,19;0,00;133,59
26/04/2026;02:38:17;0,09;25,79;365,80;903,83;18,39;91,03;0,00;115,66
26/04/2026;02:48:17;0,12;25,79;365,80;903,77;18,32;90,79;0,00;110,03
26/04/2026;02:58:17;0,11;25,79;365,80;903,80;18,29;90,57;0,00;137,46
26/04/2026;03:08:17;0,11;25,78;365,80;903,84;18,15;90,50;0,00;111,44
26/04/2026;03:18:17;0,11;25,79;365,80;903,88;18,09;90,61;0,00;125,15
26/04/2026;03:28:17;0,12;25,79;365,80;903,84;18,09;90,56;0,00;120,23
26/04/2026;03:38:17;0,11;25,79;365,80;903,84;18,05;90,42;0,00;122,69
26/04/2026;03:48:17;0,11;25,78;365,80;903,99;18,04;90,25;0,00;135,35
26/04/2026;03:58:17;0,12;25,79;365,80;903,99;17,96;90,05;0,00;137,10
26/04/2026;04:08:17;0,10;25,79;365,80;903,94;17,89;90,13;0,00;135,35
26/04/2026;04:18:17;0,11;25,78;365,80;904,01;17,79;90,12;0,00;166,64
26/04/2026;04:28:17;0,08;25,78;365,80;904,04;17,70;90,08;0,00;128,32
26/04/2026;04:38:17;0,12;25,78;365,80;904,09;17,68;89,98;0,00;144,84
26/04/2026;04:48:17;0,12;25,78;365,80;904,08;17,77;90,00;0,00;129,02
26/04/2026;04:58:17;0,12;25,78;365,80;904,14;17,74;89,84;0,00;123,75
26/04/2026;05:08:17;0,11;25,78;365,80;904,19;17,67;89,84;0,00;130,78
26/04/2026;05:18:17;0,12;25,78;365,80;904,26;17,61;89,93;0,00;114,25
26/04/2026;05:28:17;0,12;25,78;365,80;904,40;17,54;89,93;0,00;115,66
26/04/2026;05:38:17;0,17;25,78;365,80;904,47;17,50;90,05;0,00;130,07
26/04/2026;05:48:17;1,30;25,78;365,80;904,67;17,43;90,16;0,00;147,30
26/04/2026;05:58:17;6,26;25,78;365,80;904,78;17,51;90,32;0,00;136,75
26/04/2026;06:08:17;13,63;25,78;365,80;904,82;17,51;90,26;0,00;133,94
26/04/2026;06:18:17;20,16;25,77;365,80;904,93;17,60;90,29;0,00;126,91
26/04/2026;06:28:17;143,00;25,78;366,00;904,99;17,88;90,29;0,00;160,31
26/04/2026;06:38:17;185,25;25,78;366,00;905,06;18,25;89,93;0,00;139,57
26/04/2026;06:48:17;220,44;25,78;366,00;905,10;18,67;89,17;0,00;160,31
26/04/2026;06:58:17;279,18;25,79;366,00;905,17;19,17;88,35;0,00;122,34
26/04/2026;07:08:17;294,54;25,78;366,00;905,29;19,69;87,56;0,00;124,80
26/04/2026;07:18:17;331,12;25,78;366,00;905,50;20,09;86,61;0,00;89,29
26/04/2026;07:28:17;368,74;25,79;366,00;905,60;20,45;85,58;0,00;118,47
26/04/2026;07:38:17;406,16;25,79;366,00;905,68;20,46;85,80;0,00;116,01
26/04/2026;07:48:17;441,97;25,78;366,00;905,70;20,87;85,00;0,00;106,17
26/04/2026;07:58:17;481,04;25,79;366,00;905,80;21,27;83,62;0,00;95,97
26/04/2026;08:08:17;517,30;25,79;366,00;905,82;21,76;83,15;0,00;108,28
26/04/2026;08:18:17;554,93;25,79;366,00;905,91;22,05;81,73;0,00;106,17
26/04/2026;08:28:17;455,64;25,79;366,00;905,98;22,01;82,07;0,00;104,76
26/04/2026;08:38:17;623,64;25,80;366,00;906,06;22,14;81,78;4,41;98,78
26/04/2026;08:48:17;646,25;25,79;366,00;906,14;22,81;81,46;0,00;93,51
26/04/2026;08:58:17;689,91;25,79;366,00;906,19;23,01;80,40;0,00;169,45
26/04/2026;09:08:17;725,40;25,79;366,00;906,16;23,17;79,33;3,38;104,41
26/04/2026;09:18:17;761,21;25,80;366,00;906,14;23,31;78,44;0,42;117,07
26/04/2026;09:28:17;775,21;25,80;366,00;906,20;24,02;74,29;2,53;78,75
26/04/2026;09:38:17;792,92;25,79;366,00;906,19;23,85;74,86;0,00;89,29
26/04/2026;09:48:17;814,74;25,80;366,00;906,32;24,14;75,15;0,60;92,81
26/04/2026;09:58:17;824,41;25,80;366,00;906,28;24,55;71,37;0,46;66,79
26/04/2026;10:08:17;841,71;25,80;366,00;906,26;24,86;71,09;0,47;82,26
26/04/2026;10:18:17;859,26;25,81;366,00;906,13;24,62;70,55;4,47;78,04
26/04/2026;10:28:17;873,67;25,81;366,00;906,05;24,99;71,98;0,87;85,78
26/04/2026;10:38:17;896,44;25,78;366,00;905,83;25,63;70,09;0,00;85,78
26/04/2026;10:48:17;913,56;25,78;366,00;905,69;25,63;70,84;1,76;165,23
26/04/2026;10:58:17;925,70;25,78;366,00;905,58;25,83;67,65;0,00;138,16
26/04/2026;11:08:17;996,61;25,82;366,00;905,40;26,35;69,62;0,00;121,99
26/04/2026;11:18:17;1026,38;25,81;366,00;905,16;25,94;68,82;0,37;100,54
26/04/2026;11:28:17;1031,17;25,80;366,00;904,97;26,34;68,04;0,38;88,94
26/04/2026;11:38:17;1030,62;25,81;366,00;904,72;26,72;64,34;0,00;80,50
26/04/2026;11:48:17;1034,54;25,83;366,00;904,64;26,54;65,89;0,00;132,53
26/04/2026;11:58:17;1092,51;25,80;366,00;904,50;26,99;64,28;0,00;110,39
26/04/2026;12:08:17;1101,78;25,80;366,00;904,26;27,37;62,37;0,60;112,85
26/04/2026;12:18:17;976,70;25,79;366,00;904,08;26,37;65,92;0,00;146,95
26/04/2026;12:28:17;136,12;25,80;366,00;903,95;27,06;61,45;0,00;113,55
26/04/2026;12:38:17;475,16;25,80;366,00;903,71;27,13;63,25;0,00;110,39
26/04/2026;12:48:17;417,83;25,79;366,00;903,62;27,12;61,13;0,39;48,16
26/04/2026;12:58:17;993,48;25,79;366,00;903,41;28,25;58,27;0,48;110,03
26/04/2026;13:08:17;1038,04;25,79;366,00;903,26;28,38;58,32;0,35;56,60
26/04/2026;13:18:17;989,18;25,80;366,00;903,21;27,29;60,89;0,00;176,48
26/04/2026;13:21:44;0,00;0,00;366,00;655,35;0,00;0,00;0,00;0,00
26/04/2026;13:31:44;0,00;0,00;366,00;655,35;0,00;0,00;0,00;0,00
26/04/2026;13:41:44;0,00;0,00;366,00;655,35;0,00;0,00;0,00;0,00
26/04/2026;13:51:44;0,00;0,00;366,00;655,35;0,00;0,00;0,00;0,00
26/04/2026;14:01:44;0,00;0,00;366,00;655,35;0,00;0,00;0,00;0,00
26/04/2026;14:11:44;0,00;0,00;366,00;655,35;0,00;0,00;0,00;0,00
26/04/2026;14:21:44;0,00;0,00;366,00;655,35;0,00;0,00;0,00;0,00
26/04/2026;14:31:44;0,00;0,00;366,00;655,35;0,00;0,00;0,00;0,00
26/04/2026;14:41:44;0,00;0,00;366,00;655,35;0,00;0,00;0,00;0,00
26/04/2026;14:51:44;0,00;0,00;366,00;655,35;0,00;0,00;0,00;0,00
26/04/2026;15:01:44;0,00;0,00;366,00;655,35;0,00;0,00;0,00;0,00
26/04/2026;15:11:44;0,00;0,00;366,00;655,35;0,00;0,00;0,00;0,00
26/04/2026;15:21:44;0,00;0,00;366,00;655,35;0,00;0,00;0,00;0,00
26/04/2026;15:31:44;0,00;0,00;366,00;655,35;0,00;0,00;0,00;0,00
26/04/2026;15:41:44;0,00;0,00;366,00;655,35;0,00;0,00;0,00;0,00
26/04/2026;15:51:44;0,00;0,00;366,00;655,35;0,00;0,00;0,00;0,00
26/04/2026;13:21:44;0,00;0,00;366,00;655,35;0,00;0,00;0,00;0,00
26/04/2026;13:31:44;0,00;0,00;366,00;655,35;0,00;0,00;0,00;0,00
26/04/2026;13:41:44;0,00;0,00;366,00;655,35;0,00;0,00;0,00;0,00
26/04/2026;13:51:44;0,00;0,00;366,00;655,35;0,00;0,00;0,00;0,00
26/04/2026;14:01:44;0,00;0,00;366,00;655,35;0,00;0,00;0,00;0,00
26/04/2026;14:11:44;0,00;0,00;366,00;655,35;0,00;0,00;0,00;0,00
26/04/2026;14:21:44;0,00;0,00;366,00;655,35;0,00;0,00;0,00;0,00
26/04/2026;14:31:44;0,00;0,00;366,00;655,35;0,00;0,00;0,00;0,00
26/04/2026;14:41:44;0,00;0,00;366,00;655,35;0,00;0,00;0,00;0,00
26/04/2026;14:51:44;0,00;0,00;366,00;655,35;0,00;0,00;0,00;0,00
26/04/2026;15:01:44;0,00;0,00;366,00;655,35;0,00;0,00;0,00;0,00
26/04/2026;15:11:44;0,00;0,00;366,00;655,35;0,00;0,00;0,00;0,00
26/04/2026;15:21:44;0,00;0,00;366,00;655,35;0,00;0,00;0,00;0,00
26/04/2026;15:31:44;0,00;0,00;366,00;655,35;0,00;0,00;0,00;0,00
26/04/2026;15:41:44;0,00;0,00;366,00;655,35;0,00;0,00;0,00;0,00
26/04/2026;15:51:44;0,00;0,00;366,00;655,35;0,00;0,00;0,00;0,00
26/04/2026;13:21:44;0,00;0,00;366,00;655,35;0,00;0,00;0,00;0,00
26/04/2026;13:31:44;0,00;0,00;366,00;655,35;0,00;0,00;0,00;0,00
26/04/2026;13:41:44;0,00;0,00;366,00;655,35;0,00;0,00;0,00;0,00
26/04/2026;13:51:44;0,00;0,00;366,00;655,35;0,00;0,00;0,00;0,00
26/04/2026;14:01:44;0,00;0,00;366,00;655,35;0,00;0,00;0,00;0,00
26/04/2026;14:11:44;0,00;0,00;366,00;655,35;0,00;0,00;0,00;0,00
26/04/2026;14:21:44;0,00;0,00;366,00;655,35;0,00;0,00;0,00;0,00
26/04/2026;14:31:44;0,00;0,00;366,00;655,35;0,00;0,00;0,00;0,00
26/04/2026;14:41:44;0,00;0,00;366,00;655,35;0,00;0,00;0,00;0,00
26/04/2026;14:51:44;0,00;0,00;366,00;655,35;0,00;0,00;0,00;0,00
26/04/2026;15:01:44;0,00;0,00;366,00;655,35;0,00;0,00;0,00;0,00
26/04/2026;15:11:44;0,00;0,00;366,00;655,35;0,00;0,00;0,00;0,00
26/04/2026;15:21:44;0,00;0,00;366,00;655,35;0,00;0,00;0,00;0,00
26/04/2026;15:31:44;0,00;0,00;366,00;655,35;0,00;0,00;0,00;0,00
26/04/2026;15:41:44;0,00;0,00;366,00;655,35;0,00;0,00;0,00;0,00
26/04/2026;15:51:44;0,00;0,00;366,00;655,35;0,00;0,00;0,00;0,00
26/04/2026;13:21:44;0,00;0,00;366,00;655,35;0,00;0,00;0,00;0,00
26/04/2026;13:31:44;0,00;0,00;366,00;655,35;0,00;0,00;0,00;0,00
26/04/2026;13:41:44;0,00;0,00;366,00;655,35;0,00;0,00;0,00;0,00
26/04/2026;13:51:44;0,00;0,00;366,00;655,35;0,00;0,00;0,00;0,00
26/04/2026;14:01:44;0,00;0,00;366,00;655,35;0,00;0,00;0,00;0,00
26/04/2026;14:11:44;0,00;0,00;366,00;655,35;0,00;0,00;0,00;0,00
26/04/2026;14:21:44;0,00;0,00;366,00;655,35;0,00;0,00;0,00;0,00
26/04/2026;14:31:44;0,00;0,00;366,00;655,35;0,00;0,00;0,00;0,00
26/04/2026;14:41:44;0,00;0,00;366,00;655,35;0,00;0,00;0,00;0,00
26/04/2026;14:51:44;0,00;0,00;366,00;655,35;0,00;0,00;0,00;0,00
26/04/2026;15:01:44;0,00;0,00;366,00;655,35;0,00;0,00;0,00;0,00
26/04/2026;15:11:44;0,00;0,00;366,00;655,35;0,00;0,00;0,00;0,00
26/04/2026;15:21:44;0,00;0,00;366,00;655,35;0,00;0,00;0,00;0,00
26/04/2026;15:31:44;0,00;0,00;366,00;655,35;0,00;0,00;0,00;0,00
26/04/2026;15:41:44;0,00;0,00;366,00;655,35;0,00;0,00;0,00;0,00
26/04/2026;15:51:44;0,00;0,00;366,00;655,35;0,00;0,00;0,00;0,00
26/04/2026;13:21:56;949,89;25,80;366,00;903,16;27,67;59,03;0,00;136,75
26/04/2026;13:31:56;935,68;25,80;366,00;903,05;28,46;56,97;0,42;135,35
26/04/2026;13:41:56;917,05;25,80;366,00;903,03;27,41;57,06;0,00;135,00
26/04/2026;13:51:56;886,95;25,80;366,00;902,92;28,12;55,87;0,00;94,92
26/04/2026;14:01:56;801,20;25,79;366,00;902,74;28,04;53,80;0,00;116,01
26/04/2026;14:11:56;90,91;25,80;366,00;902,65;28,13;55,81;0,40;162,07
26/04/2026;14:21:56;703,75;25,79;366,00;902,59;28,05;56,64;0,00;173,32
26/04/2026;14:31:56;664,04;25,79;366,00;902,41;28,54;55,84;0,66;185,62
26/04/2026;14:41:56;668,69;25,80;366,00;902,43;28,88;53,73;0,00;110,03
26/04/2026;14:51:56;605,14;25,79;366,00;902,39;28,10;56,29;0,00;184,57
26/04/2026;15:01:56;544,51;25,79;366,00;902,34;27,95;57,47;0,00;96,32
26/04/2026;15:11:56;494,86;25,79;366,00;902,27;28,35;52,79;0,00;294,96
26/04/2026;15:21:56;416,66;25,79;366,00;902,15;28,47;53,50;0,00;246,09
26/04/2026;15:31:56;316,11;25,79;366,00;902,22;28,73;52,30;0,00;158,55
26/04/2026;15:41:56;312,19;25,79;366,00;902,21;28,38;52,37;0,00;168,04
26/04/2026;15:51:56;329,25;25,80;366,00;902,25;28,45;52,94;0,00;111,09
26/04/2026;16:01:56;292,79;25,79;366,00;902,22;28,44;54,48;0,00;129,37
26/04/2026;16:11:56;257,86;25,79;366,00;902,27;28,21;56,19;0,00;146,95
26/04/2026;16:12:47;0,00;0,00;366,00;655,35;0,00;0,00;0,00;0,00
26/04/2026;16:22:47;0,00;0,00;366,00;655,35;0,00;0,00;0,00;0,00
26/04/2026;16:32:47;0,00;0,00;366,00;655,35;0,00;0,00;0,00;0,00
26/04/2026;16:42:47;0,00;0,00;366,00;655,35;0,00;0,00;0,00;0,00
26/04/2026;16:52:47;0,00;0,00;366,00;655,35;0,00;0,00;0,00;0,00
26/04/2026;17:02:47;0,00;0,00;366,00;655,35;0,00;0,00;0,00;0,00
26/04/2026;17:12:47;0,00;0,00;366,00;655,35;0,00;0,00;0,00;0,00
26/04/2026;17:22:47;0,00;0,00;366,00;655,35;0,00;0,00;0,00;0,00
26/04/2026;17:32:47;0,00;0,00;366,00;655,35;0,00;0,00;0,00;0,00
26/04/2026;17:42:47;0,00;0,00;366,00;655,35;0,00;0,00;0,00;0,00
26/04/2026;17:52:47;0,00;0,00;366,00;655,35;0,00;0,00;0,00;0,00
26/04/2026;18:02:47;0,00;0,00;366,00;655,35;0,00;0,00;0,00;0,00
26/04/2026;18:12:47;0,00;0,00;366,00;655,35;0,00;0,00;0,00;0,00
26/04/2026;18:22:47;0,00;0,00;366,00;655,35;0,00;0,00;0,00;0,00
26/04/2026;18:32:47;0,00;0,00;366,00;655,35;0,00;0,00;0,00;0,00
26/04/2026;18:42:47;0,00;0,00;366,00;655,35;0,00;0,00;0,00;0,00
26/04/2026;16:12:47;0,00;0,00;366,00;655,35;0,00;0,00;0,00;0,00
26/04/2026;16:22:47;0,00;0,00;366,00;655,35;0,00;0,00;0,00;0,00
26/04/2026;16:32:47;0,00;0,00;366,00;655,35;0,00;0,00;0,00;0,00
26/04/2026;16:42:47;0,00;0,00;366,00;655,35;0,00;0,00;0,00;0,00
26/04/2026;16:52:47;0,00;0,00;366,00;655,35;0,00;0,00;0,00;0,00
26/04/2026;17:02:47;0,00;0,00;366,00;655,35;0,00;0,00;0,00;0,00
26/04/2026;17:12:47;0,00;0,00;366,00;655,35;0,00;0,00;0,00;0,00
26/04/2026;17:22:47;0,00;0,00;366,00;655,35;0,00;0,00;0,00;0,00
26/04/2026;17:32:47;0,00;0,00;366,00;655,35;0,00;0,00;0,00;0,00
26/04/2026;17:42:47;0,00;0,00;366,00;655,35;0,00;0,00;0,00;0,00
26/04/2026;17:52:47;0,00;0,00;366,00;655,35;0,00;0,00;0,00;0,00
26/04/2026;18:02:47;0,00;0,00;366,00;655,35;0,00;0,00;0,00;0,00
26/04/2026;18:12:47;0,00;0,00;366,00;655,35;0,00;0,00;0,00;0,00
26/04/2026;18:22:47;0,00;0,00;366,00;655,35;0,00;0,00;0,00;0,00
26/04/2026;18:32:47;0,00;0,00;366,00;655,35;0,00;0,00;0,00;0,00
26/04/2026;18:42:47;0,00;0,00;366,00;655,35;0,00;0,00;0,00;0,00
26/04/2026;16:12:47;0,00;0,00;366,00;655,35;0,00;0,00;0,00;0,00
26/04/2026;16:22:47;0,00;0,00;366,00;655,35;0,00;0,00;0,00;0,00
26/04/2026;16:32:47;0,00;0,00;366,00;655,35;0,00;0,00;0,00;0,00
26/04/2026;16:42:47;0,00;0,00;366,00;655,35;0,00;0,00;0,00;0,00
26/04/2026;16:52:47;0,00;0,00;366,00;655,35;0,00;0,00;0,00;0,00
26/04/2026;17:02:47;0,00;0,00;366,00;655,35;0,00;0,00;0,00;0,00
26/04/2026;17:12:47;0,00;0,00;366,00;655,35;0,00;0,00;0,00;0,00
26/04/2026;17:22:47;0,00;0,00;366,00;655,35;0,00;0,00;0,00;0,00
26/04/2026;17:32:47;0,00;0,00;366,00;655,35;0,00;0,00;0,00;0,00
26/04/2026;17:42:47;0,00;0,00;366,00;655,35;0,00;0,00;0,00;0,00
26/04/2026;17:52:47;0,00;0,00;366,00;655,35;0,00;0,00;0,00;0,00
26/04/2026;18:02:47;0,00;0,00;366,00;655,35;0,00;0,00;0,00;0,00
26/04/2026;18:12:47;0,00;0,00;366,00;655,35;0,00;0,00;0,00;0,00
26/04/2026;18:22:47;0,00;0,00;366,00;655,35;0,00;0,00;0,00;0,00
26/04/2026;18:32:47;0,00;0,00;366,00;655,35;0,00;0,00;0,00;0,00
26/04/2026;18:42:47;0,00;0,00;366,00;655,35;0,00;0,00;0,00;0,00
26/04/2026;16:12:58;253,71;25,78;366,00;902,28;28,27;54,45;0,00;164,17
26/04/2026;16:22:58;209,26;25,78;366,00;902,33;28,17;55,07;0,00;150,82
26/04/2026;16:32:58;175,56;25,82;366,00;902,45;27,80;57,62;1,81;126,56
26/04/2026;16:42:58;133,61;25,81;366,00;902,57;27,11;59,68;1,76;125,85
26/04/2026;16:52:58;108,62;25,81;366,00;902,64;26,69;61,30;0,00;183,16
26/04/2026;17:02:58;52,78;25,82;366,00;902,68;26,24;63,15;0,00;146,60
26/04/2026;17:12:58;16,89;25,82;366,00;902,76;25,45;65,80;0,00;124,10
26/04/2026;17:22:58;25,85;25,82;366,00;902,77;24,87;68,05;0,00;105,11
26/04/2026;17:32:58;6,97;25,82;366,00;902,80;24,51;69,28;0,00;146,60
26/04/2026;17:42:58;2,40;25,82;366,00;902,83;24,00;70,87;0,00;127,26
26/04/2026;17:52:58;0,35;25,82;366,00;902,90;23,58;72,09;0,00;107,57
26/04/2026;18:02:58;0,12;25,82;366,00;902,96;23,39;72,90;0,00;115,66
26/04/2026;18:12:58;0,11;25,81;366,00;903,06;23,26;72,87;0,00;122,69
26/04/2026;18:22:58;0,09;25,81;366,00;903,16;23,07;73,41;0,00;114,96
26/04/2026;18:32:58;0,11;25,81;366,00;903,31;22,99;73,06;0,00;124,45
26/04/2026;18:42:58;0,11;25,80;366,00;903,46;22,88;73,15;0,00;125,15
26/04/2026;18:52:58;0,12;25,81;366,00;903,54;22,72;73,82;0,66;134,64
26/04/2026;19:02:58;0,12;25,81;366,00;903,61;22,41;74,92;0,00;147,30
26/04/2026;19:12:58;0,12;25,80;366,00;903,68;22,44;74,89;0,00;121,64
26/04/2026;19:22:58;0,13;25,81;366,00;903,84;22,21;75,95;0,00;108,28
26/04/2026;19:32:58;0,11;25,80;366,00;903,91;21,88;77,02;0,00;111,44
26/04/2026;19:42:58;0,10;25,80;366,00;904,03;21,69;77,65;0,00;129,37
26/04/2026;19:52:58;0,11;25,80;366,00;904,13;21,49;78,49;0,00;132,53
26/04/2026;20:02:58;0,10;25,80;366,00;904,16;21,69;77,90;0,00;137,10
26/04/2026;20:12:58;0,11;25,81;366,00;904,35;21,84;77,69;0,00;135,35
26/04/2026;20:22:58;0,11;25,79;366,00;904,45;21,73;78,20;0,00;113,55
26/04/2026;20:32:58;0,14;25,79;366,00;904,53;21,59;78,70;0,00;121,64
26/04/2026;20:42:58;0,12;25,80;366,00;904,65;21,30;79,69;0,00;116,71
26/04/2026;20:52:58;0,12;25,80;366,00;904,66;20,94;80,75;0,00;116,01
26/04/2026;21:02:58;0,11;25,80;366,00;904,56;20,68;81,48;0,00;162,07
26/04/2026;21:12:58;0,12;25,79;366,00;904,62;20,41;82,17;0,00;61,87
26/04/2026;21:22:58;0,13;25,77;366,00;904,56;20,33;82,34;0,00;98,43
26/04/2026;21:32:58;0,11;25,77;366,00;904,54;20,56;81,97;0,00;101,25
26/04/2026;21:42:58;0,13;25,77;366,00;904,59;20,76;81,46;0,00;106,17
26/04/2026;21:52:58;0,12;25,76;366,00;904,61;20,62;81,73;0,00;103,71
26/04/2026;22:02:58;0,12;25,77;366,00;904,49;20,46;82,16;0,00;105,82
26/04/2026;22:12:58;0,10;25,76;366,00;904,46;20,35;82,29;0,00;89,64
26/04/2026;22:22:58;0,11;25,76;366,00;904,46;20,30;82,46;0,00;122,34
26/04/2026;22:32:58;0,13;25,76;366,00;904,45;20,10;83,10;0,00;121,28
26/04/2026;22:42:58;0,12;25,76;366,00;904,41;20,09;83,43;1,94;112,50
26/04/2026;22:52:58;0,12;25,76;366,00;904,43;20,15;83,55;0,00;130,07
26/04/2026;23:02:58;0,11;25,76;366,00;904,42;19,99;83,98;0,00;110,03
26/04/2026;23:12:58;0,12;25,76;366,00;904,49;19,92;84,17;0,00;135,35
26/04/2026;23:22:58;0,10;25,76;366,00;904,51;19,87;84,45;0,00;111,79
26/04/2026;23:32:58;0,12;25,76;366,00;904,49;19,85;84,67;0,00;139,92
26/04/2026;23:42:58;0,12;25,76;366,00;904,42;19,74;84,82;0,00;117,77
26/04/2026;23:52:58;0,11;25,76;366,00;904,37;19,74;85,01;0,00;126,56
27/04/2026;00:02:58;0,12;25,75;366,00;904,35;19,66;85,18;0,00;98,43
27/04/2026;00:12:58;0,11;25,76;366,00;904,24;19,56;85,45;0,00;105,46
27/04/2026;00:22:58;0,11;25,76;366,00;904,19;19,50;85,55;0,00;113,20
27/04/2026;00:32:58;0,12;25,75;366,00;904,01;19,43;85,70;0,00;132,53
27/04/2026;00:42:58;0,11;25,75;366,00;904,03;19,22;86,04;0,00;133,94
27/04/2026;00:52:58;0,11;25,74;366,00;903,94;19,25;86,18;0,00;125,15
27/04/2026;01:02:58;0,10;25,75;366,00;903,86;19,13;86,36;0,00;135,35
27/04/2026;01:12:58;0,10;25,75;366,00;903,76;19,17;86,48;0,00;133,24
27/04/2026;01:22:58;0,10;25,75;366,00;903,72;19,26;86,24;0,00;138,51
27/04/2026;01:32:58;0,11;25,74;366,00;903,72;19,27;86,29;0,00;138,86
27/04/2026;01:42:58;0,12;25,75;366,00;903,68;19,44;85,97;0,00;128,32
27/04/2026;01:52:58;0,11;25,74;366,00;903,67;19,29;86,04;0,00;128,32
27/04/2026;02:02:58;0,11;25,74;366,00;903,67;19,12;86,39;0,00;125,50
27/04/2026;02:12:58;0,12;25,75;366,00;903,67;19,02;86,54;0,00;125,85
27/04/2026;02:22:58;0,10;25,74;366,00;903,67;18,97;86,65;0,00;132,89
27/04/2026;02:32:58;0,12;25,74;366,00;903,73;18,92;86,70;0,00;121,28
27/04/2026;02:42:58;0,13;25,74;366,00;903,78;18,34;86,99;0,00;121,64
27/04/2026;02:52:58;0,12;25,74;366,00;903,77;18,07;88,10;0,00;147,30
27/04/2026;03:02:58;0,12;25,76;366,00;903,83;18,22;88,20;0,00;133,59
27/04/2026;03:12:58;0,13;25,75;366,00;903,80;18,07;88,41;0,00;138,16
27/04/2026;03:22:58;0,11;25,75;366,00;903,74;18,25;88,73;0,00;154,68
27/04/2026;03:32:58;0,12;25,75;366,00;903,82;18,43;88,63;0,00;138,16
27/04/2026;03:42:58;0,10;25,75;366,00;903,90;18,38;88,66;0,00;117,42
27/04/2026;03:52:58;0,11;25,76;366,00;903,95;18,27;88,70;0,00;130,42
27/04/2026;04:02:58;0,11;25,75;366,00;903,86;18,22;89,02;0,00;133,94
27/04/2026;04:12:58;0,12;25,75;366,00;903,93;18,36;89,18;2,80;164,17
27/04/2026;04:22:58;0,11;25,76;366,00;903,96;18,39;88,99;1,99;140,62
27/04/2026;04:32:58;0,12;25,75;366,00;903,99;18,36;89,04;2,42;160,66
27/04/2026;04:42:58;0,11;25,75;366,00;904,03;18,40;89,09;3,13;133,94
27/04/2026;04:52:58;0,10;25,75;366,00;904,15;18,39;88,90;0,60;151,52
27/04/2026;05:02:58;0,12;25,75;366,00;904,25;18,24;88,97;0,00;140,62
27/04/2026;05:12:58;0,12;25,75;366,00;904,39;18,00;89,18;0,00;118,82
27/04/2026;05:22:58;0,12;25,74;366,00;904,49;17,89;89,47;0,00;114,96
27/04/2026;05:32:58;0,16;25,74;366,00;904,67;17,91;89,79;0,00;137,46
27/04/2026;05:42:58;0,70;25,74;366,00;904,82;17,85;89,77;0,00;120,93
27/04/2026;05:52:58;3,23;25,74;366,00;904,92;17,87;89,88;0,00;117,77
27/04/2026;06:02:58;10,50;25,75;366,00;904,99;17,79;89,86;0,00;121,99
27/04/2026;06:12:58;17,82;25,74;366,00;905,04;17,79;90,28;0,00;124,45
27/04/2026;06:22:58;40,98;25,74;366,00;905,16;18,02;90,50;0,00;134,29
27/04/2026;06:32:58;160,43;25,74;366,00;905,34;18,35;90,37;0,00;140,62
27/04/2026;06:42:58;203,49;25,75;366,00;905,44;18,65;90,21;0,00;119,53
27/04/2026;06:52:58;246,57;25,75;366,00;905,62;19,05;89,71;0,00;117,07
27/04/2026;07:02:58;298,29;25,75;366,00;905,76;19,39;88,78;0,00;115,66
27/04/2026;07:12:58;290,69;25,76;366,00;905,87;19,61;88,14;0,00;107,57
27/04/2026;07:22:58;345,80;25,75;366,00;906,02;19,98;87,45;0,00;111,79
27/04/2026;07:32:58;383,00;25,76;366,00;906,21;20,44;86,15;0,00;93,86
27/04/2026;07:42:58;260,93;25,76;366,00;906,26;20,76;85,40;0,00;167,69
27/04/2026;07:52:58;565,23;25,76;366,00;906,34;21,24;84,77;0,00;240,46
27/04/2026;08:02:58;127,86;25,75;366,00;906,43;21,14;84,49;0,00;162,42
27/04/2026;08:12:58;303,87;25,77;366,00;906,50;21,03;85,08;0,00;133,59
27/04/2026;08:22:58;398,11;25,75;366,00;906,53;21,27;84,55;0,00;144,84
27/04/2026;08:32:58;657,95;25,76;366,00;906,55;22,50;82,60;0,00;99,49
27/04/2026;08:42:58;466,42;25,76;366,00;906,63;22,65;82,17;0,00;124,80
27/04/2026;08:52:58;738,53;25,77;366,00;906,68;22,57;81,78;2,07;170,15
27/04/2026;09:02:58;692,65;25,76;366,00;906,76;23,32;79,08;0,45;141,32
27/04/2026;09:12:58;739,51;25,76;366,00;906,78;22,96;79,24;0,00;85,78
27/04/2026;09:22:58;790,95;25,77;366,00;906,81;23,00;78,74;0,00;48,86
27/04/2026;09:32:58;778,90;25,77;366,00;906,84;23,69;77,37;0,00;76,99
27/04/2026;09:42:58;821,93;25,77;366,00;906,82;23,84;76,37;0,00;76,99
27/04/2026;09:52:58;861,28;25,77;366,00;906,76;24,30;75,41;0,36;133,94
27/04/2026;10:02:58;837,76;25,77;366,00;906,63;24,36;74,56;0,42;109,33
27/04/2026;10:12:58;852,53;25,76;366,00;906,63;24,66;72,90;4,79;126,91
27/04/2026;10:22:58;870,38;25,76;366,00;906,52;25,22;71,91;1,57;58,35
27/04/2026;10:32:58;893,36;25,76;366,00;906,48;25,27;69,75;3,23;70,66
27/04/2026;10:42:58;927,91;25,75;366,00;906,37;25,49;70,74;0,00;110,74
27/04/2026;10:52:58;997,85;25,74;366,00;906,30;25,29;69,82;0,64;123,04
27/04/2026;11:02:58;959,66;25,74;366,00;906,09;25,67;69,81;4,41;65,03
27/04/2026;11:12:58;978,79;25,74;366,00;906,02;25,57;67,84;1,89;129,02
27/04/2026;11:22:58;1056,18;25,73;366,00;905,88;25,59;69,16;4,44;83,67
27/04/2026;11:32:58;1073,42;25,78;366,00;905,63;26,12;66,64;0,00;65,03
27/04/2026;11:42:58;1019,00;25,78;366,00;905,58;26,21;64,97;4,31;92,81
27/04/2026;11:52:58;1017,27;25,78;366,00;905,43;26,08;64,73;0,00;133,59
27/04/2026;12:02:58;896,98;25,78;366,00;905,32;26,61;63,31;3,74;91,75
27/04/2026;12:12:58;1063,05;25,78;366,00;905,09;26,49;62,24;0,00;137,81
27/04/2026;12:22:58;959,23;25,78;366,00;904,90;27,10;63,28;0,00;153,63
27/04/2026;12:32:58;940,13;25,78;366,00;904,73;27,36;61,54;0,00;119,53
27/04/2026;12:42:58;927,16;25,79;366,00;904,56;27,68;56,41;0,00;188,78
27/04/2026;12:52:58;913,48;25,79;366,00;904,46;27,79;58,12;4,17;136,40
27/04/2026;13:02:58;916,90;25,78;366,00;904,29;28,10;56,79;4,03;85,42
27/04/2026;13:12:58;885,41;25,79;366,00;904,14;28,39;55,57;0,35;166,99
27/04/2026;13:22:58;906,38;25,79;366,00;903,98;28,10;56,76;2,83;134,29
27/04/2026;13:32:58;859,87;25,79;366,00;903,97;28,49;53,62;2,47;122,69
27/04/2026;13:42:58;901,56;25,80;366,00;903,86;28,33;52,64;0,00;114,96
27/04/2026;13:52:58;844,66;25,79;366,00;903,66;27,94;55,90;0,00;99,84
27/04/2026;14:02:58;845,71;25,80;366,00;903,55;29,11;48,88;3,13;86,13
27/04/2026;14:12:58;787,81;25,79;366,00;903,53;28,72;52,19;1,44;111,44
27/04/2026;14:22:58;558,41;25,79;366,00;903,39;28,97;49,93;3,81;139,92
27/04/2026;14:32:58;310,64;25,80;366,00;903,32;27,53;53,04;2,27;115,31
27/04/2026;14:42:58;683,38;25,80;366,00;903,23;28,06;50,98;0,00;113,55
27/04/2026;14:52:58;659,24;25,80;366,00;903,16;28,64;52,72;1,33;114,96
27/04/2026;15:02:58;84,46;25,80;366,00;903,17;28,29;51,82;0,00;181,75
27/04/2026;15:12:58;541,64;25,79;366,00;903,15;27,60;53,10;0,00;91,40
27/04/2026;15:22:58;474,41;25,79;366,00;903,11;28,21;53,20;0,00;127,96
27/04/2026;15:32:58;65,07;25,79;366,00;903,16;27,14;54,99;0,00;110,74
27/04/2026;15:42:58;353,08;25,79;366,00;903,18;27,57;53,65;0,57;130,07
27/04/2026;15:52:58;346,10;25,79;366,00;903,29;27,93;51,62;0,00;117,42
27/04/2026;16:02:58;297,08;25,79;366,00;903,27;27,65;53,42;0,00;128,67
27/04/2026;16:12:58;251,66;25,79;366,00;903,37;27,17;54,75;0,49;136,40
27/04/2026;16:22:58;212,49;25,79;366,00;903,46;27,32;55,43;1,02;110,39
27/04/2026;16:32:58;174,41;25,79;366,00;903,47;27,01;56,00;0,38;118,82
27/04/2026;16:42:58;138,83;25,78;366,00;903,47;26,80;57,29;0,37;106,17
27/04/2026;16:52:58;101,96;25,79;366,00;903,51;26,22;57,76;0,37;135,70
27/04/2026;17:02:58;75,73;25,78;366,00;903,61;25,90;59,35;0,38;132,18
27/04/2026;17:12:58;48,97;25,79;366,00;903,69;25,29;61,14;0,00;140,27
27/04/2026;17:22:58;26,37;25,78;366,00;903,83;24,85;62,56;0,00;134,64
27/04/2026;17:32:58;7,05;25,77;366,00;903,85;24,20;64,42;0,00;124,10
27/04/2026;17:42:58;1,69;25,77;366,00;903,92;23,71;66,24;0,00;136,75
27/04/2026;17:52:58;0,20;25,77;366,00;903,88;23,21;67,75;0,00;145,89
27/04/2026;18:02:58;0,12;25,75;366,00;904,00;22,95;68,26;0,00;131,13
27/04/2026;18:12:58;0,12;25,75;366,00;904,05;22,69;69,24;0,00;167,69
27/04/2026;18:22:58;0,13;25,75;366,00;903,99;22,42;70,13;0,00;130,07
27/04/2026;18:32:58;0,11;25,75;366,00;903,94;22,26;70,80;0,00;111,44
27/04/2026;18:42:58;0,11;25,76;366,00;903,97;22,12;71,15;0,00;120,23
27/04/2026;18:52:58;0,11;25,75;366,00;904,01;22,02;71,58;0,00;101,95
27/04/2026;19:02:58;0,11;25,75;366,00;904,07;21,66;73,15;0,00;103,71
27/04/2026;19:12:58;0,10;25,75;366,00;904,12;21,55;73,65;0,00;137,81
27/04/2026;19:22:58;0,12;25,74;366,00;904,26;21,46;73,42;0,00;125,85
27/04/2026;19:32:58;0,12;25,75;366,00;904,35;21,34;74,22;0,00;97,38
27/04/2026;19:42:58;0,12;25,75;366,00;904,47;20,96;75,39;0,00;101,25
27/04/2026;19:52:58;0,12;25,75;366,00;904,55;20,81;75,73;0,00;133,24
27/04/2026;20:02:58;0,10;25,74;366,00;904,62;21,01;75,17;0,00;112,85
27/04/2026;20:12:58;0,11;25,74;366,00;904,71;20,77;75,93;0,00;98,43
27/04/2026;20:22:58;0,11;25,74;366,00;904,71;21,08;75,09;0,00;106,52
27/04/2026;20:32:58;0,12;25,74;366,00;904,86;20,89;75,84;0,00;112,85
27/04/2026;20:42:58;0,12;25,74;366,00;905,02;20,12;78,86;0,00;131,13
27/04/2026;20:52:58;0,12;25,74;366,00;905,04;19,47;80,93;0,00;139,92
27/04/2026;21:02:58;0,11;25,74;366,00;905,06;19,18;81,49;0,00;80,15
27/04/2026;21:12:58;0,12;25,76;366,00;905,04;19,01;82,04;0,00;74,53
27/04/2026;21:22:58;0,11;25,75;366,00;905,11;18,69;82,76;0,00;93,16
27/04/2026;21:32:58;0,11;25,75;366,00;905,23;18,53;83,31;0,00;108,63
27/04/2026;21:42:58;0,12;25,75;366,00;905,36;18,39;83,66;0,00;110,74
27/04/2026;21:52:58;0,13;25,75;366,00;905,34;18,33;84,01;0,00;122,34
27/04/2026;22:02:58;0,12;25,75;366,00;905,52;18,37;84,16;0,00;149,76
27/04/2026;22:12:58;0,11;25,75;366,00;905,55;18,95;82,92;0,00;123,39
27/04/2026;22:22:58;0,12;25,75;366,00;905,58;19,32;82,08;0,00;137,46
27/04/2026;22:32:58;0,11;25,75;366,00;905,56;19,07;82,77;0,00;120,93
27/04/2026;22:42:58;0,11;25,74;366,00;905,59;19,60;81,61;0,00;115,66
27/04/2026;22:52:58;0,13;25,74;366,00;905,56;19,65;81,49;0,00;122,69
27/04/2026;23:02:58;0,11;25,74;366,00;905,58;19,68;81,58;0,00;126,91
27/04/2026;23:12:58;0,11;25,74;366,00;905,60;19,61;81,83;0,00;125,50
27/04/2026;23:22:58;0,11;25,74;366,00;905,71;19,57;81,99;0,00;131,83
27/04/2026;23:32:58;0,10;25,74;366,00;905,69;19,41;82,46;0,00;124,45
27/04/2026;23:42:58;0,10;25,74;366,00;905,60;19,26;82,97;0,00;145,89
27/04/2026;23:52:58;0,10;25,74;366,00;905,49;19,54;82,44;0,00;124,45
28/04/2026;00:02:58;0,12;25,74;366,00;905,45;19,74;82,10;0,00;112,50
28/04/2026;00:12:58;0,12;25,74;366,00;905,35;19,40;82,81;0,00;127,96
28/04/2026;00:22:58;0,11;25,74;366,00;905,35;19,22;83,30;0,00;130,42
28/04/2026;00:32:58;0,12;25,74;366,00;905,18;19,07;83,65;0,00;117,42
28/04/2026;00:42:58;0,12;25,75;366,00;905,03;18,92;84,06;0,00;133,24
28/04/2026;00:52:58;0,11;25,74;366,00;905,07;18,78;84,40;0,00;137,46
28/04/2026;01:02:58;0,12;25,75;366,00;905,00;18,68;84,62;0,00;136,40
28/04/2026;01:12:58;0,12;25,74;366,00;904,89;18,70;84,74;0,00;146,60
28/04/2026;01:22:58;0,12;25,74;366,00;904,75;18,65;84,81;0,00;150,82
28/04/2026;01:32:58;0,13;25,75;366,00;904,72;18,67;84,94;0,00;143,78
28/04/2026;01:42:58;0,11;25,74;366,00;904,68;18,79;84,81;0,00;120,23
28/04/2026;01:52:58;0,12;25,74;366,00;904,68;18,70;84,93;0,00;136,75
28/04/2026;02:02:58;0,12;25,74;366,00;904,70;18,49;85,29;0,00;142,38
28/04/2026;02:12:58;0,11;25,74;366,00;904,69;18,35;85,69;0,00;145,54
28/04/2026;02:22:58;0,10;25,74;366,00;904,64;18,28;85,83;0,00;136,05
28/04/2026;02:32:58;0,11;25,75;366,00;904,67;18,26;86,05;0,00;149,41
28/04/2026;02:42:58;0,10;25,74;366,00;904,68;18,29;86,05;0,00;144,84
28/04/2026;02:52:58;0,12;25,74;366,00;904,63;18,37;86,12;0,00;149,41
28/04/2026;03:02:58;0,10;25,74;366,00;904,61;18,34;86,32;0,00;160,31
28/04/2026;03:12:58;0,11;25,74;366,00;904,61;18,28;86,60;0,00;127,26
28/04/2026;03:22:58;0,10;25,74;366,00;904,65;18,23;86,77;0,00;149,06
28/04/2026;03:32:58;0,12;25,74;366,00;904,68;18,37;86,45;1,29;115,66
28/04/2026;03:42:58;0,11;25,74;366,00;904,75;18,40;86,58;1,63;130,78
28/04/2026;03:52:58;0,12;25,74;366,00;904,72;18,13;86,80;1,16;138,16
28/04/2026;04:02:58;0,12;25,74;366,00;904,64;18,05;87,19;1,34;124,10
28/04/2026;04:12:58;0,11;25,74;366,00;904,61;17,95;87,43;0,00;127,61
28/04/2026;04:22:58;0,08;25,75;366,00;904,61;18,07;87,69;2,69;165,58
28/04/2026;04:32:58;0,12;25,74;366,00;904,60;17,93;87,43;0,00;121,99
28/04/2026;04:42:58;0,13;25,74;366,00;904,61;17,89;87,98;0,00;95,62
28/04/2026;04:52:58;0,10;25,74;366,00;904,70;17,89;87,89;0,00;113,55
28/04/2026;05:02:58;0,12;25,74;366,00;904,60;17,62;88,28;0,00;116,01
28/04/2026;05:12:58;0,12;25,74;366,00;904,61;17,63;88,92;0,00;79,10
28/04/2026;05:22:58;0,12;25,74;366,00;904,62;17,49;89,00;0,00;106,87
28/04/2026;05:32:58;0,15;25,74;366,00;904,63;17,50;89,21;0,00;131,13
28/04/2026;05:42:58;0,93;25,74;366,00;904,70;17,54;89,33;3,62;111,09
28/04/2026;05:52:58;4,04;25,73;366,00;904,72;17,56;89,41;4,30;119,53
28/04/2026;06:02:58;10,74;25,74;366,00;904,83;17,53;89,55;0,41;114,25
28/04/2026;06:12:58;18,22;25,74;366,00;904,97;17,52;89,74;0,00;94,92
28/04/2026;06:22:58;59,79;25,74;366,00;905,11;17,67;89,89;0,40;119,17
28/04/2026;06:32:58;80,94;25,74;366,00;905,19;17,79;89,70;2,73;119,17
28/04/2026;06:42:58;80,72;25,74;366,00;905,28;17,92;89,66;3,70;80,50
28/04/2026;06:52:58;82,28;25,75;366,00;905,33;18,08;89,67;3,25;119,53
28/04/2026;07:02:58;115,12;25,75;366,00;905,48;18,25;89,38;3,75;103,00
28/04/2026;07:12:58;143,48;25,75;366,00;905,61;18,28;89,38;2,77;111,09
28/04/2026;07:22:58;199,53;25,74;366,00;905,83;18,56;89,50;2,99;127,61
28/04/2026;07:32:58;363,36;25,74;366,00;905,91;18,78;88,76;3,57;121,64
28/04/2026;07:42:58;347,42;25,75;366,00;905,93;19,43;88,18;1,91;136,40
28/04/2026;07:52:58;580,20;25,75;366,00;906,07;20,18;86,16;4,17;123,04
28/04/2026;08:02:58;579,10;25,75;366,00;906,17;20,47;85,27;3,74;115,66
28/04/2026;08:12:58;831,91;25,76;366,00;906,27;21,21;84,16;2,77;158,55
28/04/2026;08:22:58;237,07;25,75;366,00;906,37;20,74;84,18;2,63;122,69
28/04/2026;08:32:58;218,22;25,75;366,00;906,45;20,58;84,66;3,13;104,41
28/04/2026;08:42:58;220,19;25,76;366,00;906,51;20,72;84,40;2,03;152,57
28/04/2026;08:52:58;338,10;25,76;366,00;906,66;21,37;82,83;3,55;120,58
28/04/2026;09:02:58;259,97;25,76;366,00;906,70;21,48;82,33;3,08;126,21
28/04/2026;09:12:58;744,37;25,75;366,00;906,86;22,22;79,34;5,73;112,14
28/04/2026;09:22:58;768,71;25,77;366,00;906,95;22,39;79,78;2,71;103,00
28/04/2026;09:32:58;802,43;25,76;366,00;906,91;23,01;77,10;5,70;104,76
28/04/2026;09:42:58;846,15;25,77;366,00;906,83;23,18;75,46;2,53;117,42
28/04/2026;09:52:58;853,14;25,77;366,00;906,73;23,55;74,26;0,53;161,36
28/04/2026;10:02:58;893,61;25,77;366,00;906,78;23,55;73,55;6,45;87,53
28/04/2026;10:12:58;924,13;25,77;366,00;906,75;23,77;71,52;4,72;121,99
28/04/2026;10:22:58;942,14;25,77;366,00;906,64;24,32;70,98;3,54;95,97
28/04/2026;10:32:58;950,67;25,78;366,00;906,54;24,40;69,30;5,30;99,49
28/04/2026;10:42:58;959,07;25,78;366,00;906,40;24,80;67,63;4,42;84,02
28/04/2026;10:52:58;951,17;25,77;366,00;906,17;25,47;65,11;1,38;87,89
28/04/2026;11:02:58;945,54;25,77;366,00;905,96;25,49;64,37;1,46;90,70
28/04/2026;11:12:58;948,45;25,78;366,00;905,84;25,83;59,20;3,79;102,65
28/04/2026;11:22:58;961,14;25,78;366,00;905,66;25,97;62,20;2,62;131,13
28/04/2026;11:32:58;930,40;25,77;366,00;905,63;26,40;59,64;4,47;150,82
28/04/2026;11:42:58;932,53;25,77;366,00;905,46;26,32;55,97;1,65;154,68
28/04/2026;11:52:58;928,36;25,77;366,00;905,38;26,81;54,81;0,45;54,14
28/04/2026;12:02:58;596,48;25,78;366,00;905,19;26,73;56,08;0,42;209,88
28/04/2026;12:12:58;922,39;25,75;366,00;905,10;26,92;53,28;4,19;118,47
28/04/2026;12:22:58;944,10;25,74;366,00;905,03;26,98;53,84;3,87;116,71
28/04/2026;12:32:58;912,43;25,75;366,00;904,97;27,20;53,63;5,79;100,54
28/04/2026;12:42:58;890,66;25,74;366,00;904,67;27,50;52,59;6,22;97,38
28/04/2026;12:52:58;895,30;25,73;366,00;904,42;27,65;52,92;1,61;150,46
28/04/2026;13:02:58;855,28;25,73;366,00;904,43;27,57;51,38;1,11;71,71
28/04/2026;13:12:58;832,38;25,73;366,00;904,21;27,71;48,24;2,61;124,10
28/04/2026;13:22:58;813,60;25,72;366,00;904,21;27,79;49,15;5,39;113,20
28/04/2026;13:32:58;787,10;25,73;366,00;903,98;27,71;49,15;2,17;142,38
28/04/2026;13:42:58;764,50;25,72;366,00;903,83;28,12;47,66;0,47;146,60
28/04/2026;13:52:58;738,97;25,73;366,00;903,61;28,04;47,89;1,20;92,10
28/04/2026;14:02:58;710,46;25,73;366,00;903,62;27,99;47,33;3,51;125,15
28/04/2026;14:12:58;682,79;25,73;366,00;903,44;28,04;46,51;4,73;88,59
28/04/2026;14:22:58;651,87;25,73;366,00;903,46;27,43;45,55;3,90;152,57
28/04/2026;14:32:58;620,35;25,73;366,00;903,39;27,65;46,38;0,93;107,22
28/04/2026;14:42:58;587,19;25,73;366,00;903,38;27,93;46,49;4,07;136,40
28/04/2026;14:52:58;552,68;25,73;366,00;903,27;27,68;45,94;2,39;105,82
28/04/2026;15:02:58;516,58;25,74;366,00;903,21;27,73;45,67;0,00;142,03
28/04/2026;15:12:58;478,18;25,73;366,00;903,25;27,34;45,42;2,36;122,69
28/04/2026;15:22:58;438,89;25,73;366,00;903,21;27,29;45,59;2,35;142,73
28/04/2026;15:32:58;323,01;25,73;366,00;903,27;27,35;45,42;1,98;174,72
28/04/2026;15:42:58;327,62;25,74;366,00;903,21;27,22;45,96;0,41;111,09
28/04/2026;15:52:58;321,49;25,73;366,00;903,16;27,04;47,28;3,73;149,06
28/04/2026;16:02:58;281,25;25,73;366,00;903,28;26,82;46,62;0,00;158,55
28/04/2026;16:12:58;242,11;25,73;366,00;903,35;26,60;47,87;0,00;143,08
28/04/2026;16:22:58;203,58;25,80;366,00;903,48;26,35;49,15;0,41;142,03
28/04/2026;16:32:58;167,62;25,79;366,00;903,55;26,11;49,66;1,07;109,33
28/04/2026;16:42:58;133,32;25,79;366,00;903,61;25,86;49,74;0,45;176,48
28/04/2026;16:52:58;100,86;25,80;366,00;903,64;25,22;52,27;0,00;89,29
28/04/2026;17:02:58;72,48;25,78;366,00;903,69;24,78;53,21;0,00;175,78
28/04/2026;17:12:58;47,21;25,78;366,00;903,64;24,28;55,29;0,00;108,28
28/04/2026;17:22:58;25,85;25,76;366,00;903,70;23,80;56,93;0,00;144,14
28/04/2026;17:32:58;6,66;25,75;366,00;903,73;23,25;58,39;0,00;143,08
28/04/2026;17:42:58;1,94;25,76;366,00;903,75;22,78;59,38;0,00;124,10
28/04/2026;17:52:58;0,29;25,76;366,00;903,75;22,32;61,47;0,00;122,69
28/04/2026;18:02:58;0,13;25,76;366,00;903,87;22,09;61,67;0,00;41,48
28/04/2026;18:12:58;0,11;25,76;366,00;903,86;21,85;62,28;0,37;96,67
28/04/2026;18:22:58;0,11;25,76;366,00;903,94;21,77;62,91;0,33;106,17
28/04/2026;18:32:58;0,11;25,76;366,00;904,08;21,55;63,31;0,39;72,07
28/04/2026;18:42:58;0,11;25,76;366,00;904,11;21,23;64,76;0,00;102,30
28/04/2026;18:52:58;0,11;25,76;366,00;904,19;21,24;65,24;0,00;143,08
28/04/2026;19:02:58;0,12;25,76;366,00;904,29;21,42;65,59;0,00;127,26
28/04/2026;19:12:58;0,12;25,77;366,00;904,36;21,37;66,01;0,76;141,67
28/04/2026;19:22:58;0,11;25,77;366,00;904,45;21,38;66,27;0,00;167,69
28/04/2026;19:32:58;0,11;25,77;366,00;904,55;21,28;66,81;0,00;133,94
28/04/2026;19:42:58;0,13;25,77;366,00;904,64;21,00;68,33;0,44;152,57
28/04/2026;19:52:58;0,11;25,76;366,00;904,80;21,03;68,20;0,38;150,11
28/04/2026;20:02:58;0,09;25,77;366,00;904,90;20,92;69,00;0,00;116,01
28/04/2026;20:12:58;0,12;25,75;366,00;904,96;20,63;70,35;0,00;86,83
28/04/2026;20:22:58;0,11;25,76;366,00;905,00;20,41;71,45;0,53;117,07
28/04/2026;20:32:58;0,11;25,76;366,00;905,09;20,20;72,53;0,47;104,41
28/04/2026;20:42:58;0,10;25,76;366,00;905,12;20,24;72,59;1,05;121,64
28/04/2026;20:52:58;0,13;25,76;366,00;905,17;20,25;72,96;0,40;138,16
28/04/2026;21:02:58;0,12;25,76;366,00;905,14;20,14;73,83;0,00;137,10
28/04/2026;21:12:58;0,12;25,76;366,00;905,17;20,18;74,16;0,00;119,17
28/04/2026;21:22:58;0,11;25,76;366,00;905,17;20,07;74,67;0,00;134,29
28/04/2026;21:32:58;0,12;25,76;366,00;905,16;19,94;75,38;0,00;135,35
28/04/2026;21:42:58;0,12;25,76;366,00;905,14;19,76;76,09;0,00;115,66
28/04/2026;21:52:58;0,13;25,76;366,00;905,24;19,71;76,63;0,00;126,91
28/04/2026;22:02:58;0,11;25,76;366,00;905,22;19,74;76,69;0,00;86,48
28/04/2026;22:12:58;0,11;25,76;366,00;905,29;19,74;77,34;0,00;117,77
28/04/2026;22:22:58;0,11;25,76;366,00;905,31;19,70;78,45;0,00;144,84
28/04/2026;22:32:58;0,12;25,76;366,00;905,35;19,58;80,39;0,49;112,85
28/04/2026;22:42:58;0,10;25,76;366,00;905,43;19,50;81,30;0,64;156,09
28/04/2026;22:52:58;0,10;25,76;366,00;905,43;19,36;82,03;2,05;114,96
28/04/2026;23:02:58;0,10;25,76;366,00;905,48;19,23;83,00;2,00;136,40
28/04/2026;23:12:58;0,12;25,76;366,00;905,48;19,17;83,54;1,85;136,75
28/04/2026;23:22:58;0,12;25,76;366,00;905,55;19,10;84,23;3,60;128,67
28/04/2026;23:32:58;0,14;25,76;366,00;905,59;19,10;84,56;2,98;120,58
28/04/2026;23:42:58;0,12;25,76;366,00;905,51;19,00;84,91;0,00;103,71
28/04/2026;23:52:58;0,11;25,76;366,00;905,48;19,05;85,12;4,92;127,96
29/04/2026;00:02:58;0,11;25,76;366,00;905,43;18,92;85,41;2,07;113,20
29/04/2026;00:12:58;0,11;25,75;366,00;905,40;18,82;85,73;0,00;140,27
29/04/2026;00:22:58;0,13;25,76;366,00;905,42;18,71;85,97;1,48;105,11
29/04/2026;00:32:58;0,09;25,76;366,00;905,27;18,63;86,32;3,63;126,56
29/04/2026;00:42:58;0,12;25,76;366,00;905,28;18,52;86,63;0,90;112,85
29/04/2026;00:52:58;0,13;25,76;366,00;905,22;18,52;86,68;5,35;126,56
29/04/2026;01:02:58;0,12;25,75;366,00;905,18;18,35;86,88;2,41;125,85
29/04/2026;01:12:58;0,12;25,75;366,00;905,09;18,23;87,29;0,34;123,75
29/04/2026;01:22:58;0,10;25,75;366,00;905,02;18,19;87,40;2,47;114,96
29/04/2026;01:32:58;0,11;25,75;366,00;905,02;18,05;87,69;3,39;128,32
29/04/2026;01:42:58;0,12;25,75;366,00;904,94;17,94;87,96;2,01;103,00
29/04/2026;01:52:58;0,11;25,76;366,00;904,75;17,85;88,15;2,94;135,00
29/04/2026;02:02:58;0,11;25,76;366,00;904,65;17,78;88,22;2,63;143,43
29/04/2026;02:12:58;0,11;25,75;366,00;904,52;17,73;88,16;2,47;111,79
29/04/2026;02:22:58;0,12;25,75;366,00;904,49;17,61;88,25;2,84;125,50
29/04/2026;02:32:58;0,11;25,76;366,00;904,45;17,62;88,12;3,12;119,88
29/04/2026;02:42:58;0,11;25,75;366,00;904,42;17,46;88,13;3,99;114,96
29/04/2026;02:52:58;0,12;25,76;366,00;904,41;17,33;88,32;2,25;123,75
29/04/2026;03:02:58;0,12;25,75;366,00;904,30;17,37;88,35;3,89;113,20
29/04/2026;03:12:58;0,12;25,75;366,00;904,20;17,24;88,36;2,01;122,69
29/04/2026;03:22:58;0,12;25,75;366,00;904,17;17,18;88,34;2,56;111,09
29/04/2026;03:32:58;0,12;25,75;366,00;904,04;17,10;88,32;1,71;128,67
29/04/2026;03:42:58;0,10;25,75;366,00;904,03;17,06;88,29;2,55;130,78
29/04/2026;03:52:58;0,11;25,75;366,00;904,03;16,94;88,28;1,93;113,20
29/04/2026;04:02:58;0,11;25,75;366,00;904,08;16,84;88,20;2,24;110,03
29/04/2026;04:12:58;0,11;25,75;366,00;904,08;16,72;88,05;2,81;104,06
29/04/2026;04:22:58;0,11;25,75;366,00;904,07;16,77;87,83;2,17;108,98
29/04/2026;04:32:58;0,11;25,75;366,00;904,07;16,66;87,75;1,52;146,95
29/04/2026;04:42:58;0,12;25,75;366,00;904,09;16,47;87,81;2,25;132,89
29/04/2026;04:52:58;0,12;25,76;366,00;904,21;16,59;87,57;2,51;142,73
29/04/2026;05:02:58;0,10;25,76;366,00;904,29;16,70;87,20;3,06;116,36
29/04/2026;05:12:58;0,11;25,75;366,00;904,38;16,66;87,03;1,91;120,58
29/04/2026;05:22:58;0,10;25,76;366,00;904,44;16,52;87,27;0,00;129,37
29/04/2026;05:32:58;0,16;25,75;366,00;904,61;16,57;87,21;0,00;121,64
29/04/2026;05:42:58;0,93;25,75;366,00;904,73;16,49;87,21;0,00;122,69
29/04/2026;05:52:58;4,08;25,76;366,00;904,80;16,26;87,57;0,00;129,72
29/04/2026;06:02:58;10,94;25,76;366,00;904,86;16,13;88,00;0,00;130,42
29/04/2026;06:12:58;18,76;25,76;366,00;905,01;16,08;88,33;0,00;129,37
29/04/2026;06:22:58;47,50;25,76;366,00;905,20;16,46;88,01;0,00;139,92
29/04/2026;06:32:58;167,52;25,76;366,00;905,29;16,89;87,60;0,00;146,60
29/04/2026;06:42:58;215,61;25,76;366,00;905,38;17,33;86,92;0,00;135,00
29/04/2026;06:52:58;270,21;25,76;366,00;905,44;17,79;86,21;0,00;144,84
29/04/2026;07:02:58;285,29;25,77;366,00;905,48;18,20;85,58;0,00;127,96
29/04/2026;07:12:58;331,54;25,77;366,00;905,55;18,63;84,91;3,77;128,67
29/04/2026;07:22:58;329,69;25,77;366,00;905,65;19,05;84,42;4,07;142,73
29/04/2026;07:32:58;371,93;25,76;366,00;905,73;19,20;83,76;2,76;98,43
29/04/2026;07:42:58;413,09;25,77;366,00;905,80;19,43;83,07;5,26;144,49
29/04/2026;07:52:58;453,28;25,77;366,00;905,95;19,52;82,40;4,70;94,21
29/04/2026;08:02:58;491,13;25,77;366,00;906,11;19,74;82,46;3,13;153,63
29/04/2026;08:12:58;530,22;25,78;366,00;906,23;19,95;82,15;4,71;124,80
29/04/2026;08:22:58;566,80;25,78;366,00;906,26;20,28;81,01;2,89;169,45
29/04/2026;08:32:58;604,10;25,78;366,00;906,26;20,63;80,59;3,69;122,34
29/04/2026;08:42:58;647,74;25,78;366,00;906,32;21,06;79,46;3,38;101,60
29/04/2026;08:52:58;680,83;25,78;366,00;906,41;21,34;78,08;0,00;134,29
29/04/2026;09:02:58;707,41;25,79;366,00;906,39;21,72;77,30;3,11;157,50
29/04/2026;09:12:58;736,49;25,78;366,00;906,42;21,77;78,17;0,00;140,97
29/04/2026;09:22:58;754,53;25,79;366,00;906,40;22,29;75,70;2,92;144,14
29/04/2026;09:32:58;780,91;25,79;366,00;906,44;22,75;73,25;0,00;119,88
29/04/2026;09:42:58;813,63;25,79;366,00;906,48;23,00;74,38;2,76;83,32
29/04/2026;09:52:58;841,79;25,80;366,00;906,50;23,26;71,82;4,30;98,43
29/04/2026;10:02:58;863,01;25,79;366,00;906,49;23,41;70,62;3,94;105,11
29/04/2026;10:12:58;875,25;25,80;366,00;906,43;23,83;69,21;5,32;120,93
29/04/2026;10:22:58;892,70;25,80;366,00;906,40;23,84;68,39;4,83;126,21
29/04/2026;10:32:58;889,34;25,79;366,00;906,29;24,41;68,65;1,88;53,08
29/04/2026;10:42:58;913,10;25,79;366,00;906,27;24,12;70,80;0,57;49,21
29/04/2026;10:52:58;917,81;25,79;366,00;906,16;24,51;67,98;0,00;120,58
29/04/2026;11:02:58;973,88;25,80;366,00;906,00;24,88;67,11;1,01;106,17
29/04/2026;11:12:58;973,61;25,81;366,00;905,90;25,29;65,48;2,38;118,12
29/04/2026;11:22:58;955,01;25,80;366,00;905,83;25,44;64,69;0,00;97,73
29/04/2026;11:32:58;981,68;25,81;366,00;905,56;26,13;61,76;0,39;33,04
29/04/2026;11:42:58;983,75;25,80;366,00;905,31;25,44;62,54;0,00;106,87
29/04/2026;11:52:58;976,91;25,80;366,00;905,08;26,06;60,67;0,00;74,88
29/04/2026;12:02:58;678,19;25,80;366,00;904,92;26,26;59,50;0,34;58,00
29/04/2026;12:12:58;976,96;25,81;366,00;904,61;26,38;59,67;0,00;111,79
29/04/2026;12:22:58;966,47;25,80;366,00;904,39;26,87;57,12;0,37;78,04
29/04/2026;12:32:58;969,26;25,81;366,00;904,30;27,10;57,09;3,57;98,08
29/04/2026;12:42:58;930,46;25,81;366,00;904,27;27,44;55,81;6,02;122,34
29/04/2026;12:52:58;971,32;25,80;366,00;904,08;26,95;56,82;0,00;91,05
29/04/2026;13:02:58;905,04;25,78;366,00;903,97;27,70;55,49;1,42;136,40
29/04/2026;13:12:58;908,61;25,78;366,00;903,87;27,96;54,48;0,00;138,16
29/04/2026;13:22:58;958,81;25,77;366,00;903,66;27,58;55,40;0,00;111,79
29/04/2026;13:32:58;915,68;25,77;366,00;903,48;28,49;52,61;0,00;159,60
29/04/2026;13:42:58;957,56;25,78;366,00;903,38;28,44;53,53;0,46;105,82
29/04/2026;13:52:58;925,34;25,77;366,00;903,19;28,39;53,88;2,45;97,38
29/04/2026;14:02:58;970,71;25,78;366,00;903,00;28,67;53,46;1,28;76,99
29/04/2026;14:12:58;468,35;25,79;366,00;902,90;28,39;54,71;1,13;52,03
29/04/2026;14:22:58;783,54;25,78;366,00;902,78;27,87;55,31;1,20;85,78
29/04/2026;14:32:58;758,08;25,79;366,00;902,63;28,21;54,95;0,43;149,76
29/04/2026;14:42:58;634,90;25,78;366,00;902,57;28,42;55,36;0,00;119,88
29/04/2026;14:52:58;646,31;25,79;366,00;902,54;28,04;56,55;0,00;96,32
29/04/2026;15:02:58;257,62;25,78;366,00;902,50;28,09;55,81;0,52;111,09
29/04/2026;15:12:58;270,49;25,78;366,00;902,45;26,87;58,45;2,92;121,99
29/04/2026;15:22:58;137,06;25,81;366,00;902,45;26,26;60,41;3,42;106,87
29/04/2026;15:32:58;315,85;25,81;366,00;902,57;26,69;59,83;0,40;106,52
29/04/2026;15:42:58;331,39;25,81;366,00;902,64;27,68;58,00;1,38;128,32
29/04/2026;15:52:58;294,54;25,81;366,00;902,68;27,35;59,03;1,44;62,57
29/04/2026;16:02:58;365,35;25,80;366,00;902,77;26,98;60,71;3,23;82,26
29/04/2026;16:12:58;55,90;25,81;366,00;902,85;25,67;63,73;2,47;134,29
29/04/2026;16:22:58;200,40;25,81;366,00;902,81;25,67;64,76;0,40;91,05
29/04/2026;16:32:58;165,47;25,80;366,00;902,93;26,06;64,70;3,09;95,97
29/04/2026;16:42:58;128,57;25,80;366,00;902,99;25,58;66,34;1,80;104,41
29/04/2026;16:52:58;97,89;25,79;366,00;903,02;25,12;68,04;4,20;117,07
29/04/2026;17:02:58;69,92;25,79;366,00;902,98;24,75;69,29;3,57;117,77
29/04/2026;17:12:58;45,95;25,79;366,00;903,06;24,33;70,76;0,36;103,71
29/04/2026;17:22:58;23,05;25,77;366,00;903,05;23,95;72,03;0,38;121,64
29/04/2026;17:32:58;6,50;25,77;366,00;903,09;23,46;73,76;2,76;119,53
29/04/2026;17:42:58;2,14;25,77;366,00;903,18;23,18;74,72;0,39;112,85
29/04/2026;17:52:58;0,26;25,77;366,00;903,23;22,75;76,04;0,00;102,65
29/04/2026;18:02:58;0,12;25,77;366,00;903,31;22,50;76,83;0,00;120,93
29/04/2026;18:12:58;0,12;25,76;366,00;903,39;22,33;76,85;0,00;116,01
29/04/2026;18:22:58;0,11;25,76;366,00;903,39;22,11;77,54;0,00;101,95
29/04/2026;18:32:58;0,10;25,76;366,00;903,45;22,01;77,85;0,00;112,50
29/04/2026;18:42:58;0,11;25,76;366,00;903,47;21,73;78,80;0,00;174,02
29/04/2026;18:52:58;0,11;25,76;366,00;903,60;21,64;79,46;0,00;135,70
29/04/2026;19:02:58;0,10;25,76;366,00;903,67;21,45;80,16;0,00;122,34
29/04/2026;19:12:58;0,10;25,75;366,00;903,80;21,35;80,60;0,00;128,32
29/04/2026;19:22:58;0,12;25,75;366,00;903,97;21,19;81,14;0,00;109,68
29/04/2026;19:32:58;0,11;25,74;366,00;904,00;21,14;81,30;0,00;150,82
29/04/2026;19:42:58;0,11;25,75;366,00;904,10;20,99;81,77;0,00;71,01
29/04/2026;19:52:58;0,11;25,75;366,00;904,14;20,85;82,14;0,00;100,54
29/04/2026;20:02:58;0,13;25,75;366,00;904,16;20,63;82,59;0,00;79,10
29/04/2026;20:12:58;0,12;25,75;366,00;904,26;20,44;83,09;0,00;123,75
29/04/2026;20:22:58;0,10;25,75;366,00;904,29;20,34;83,32;0,00;111,79
29/04/2026;20:32:58;0,10;25,75;366,00;904,33;20,18;83,72;0,00;111,79
29/04/2026;20:42:58;0,12;25,76;366,00;904,36;20,04;84,10;0,00;123,04
29/04/2026;20:52:58;0,10;25,75;366,00;904,48;19,87;84,58;0,00;105,46
29/04/2026;21:02:58;0,13;25,75;366,00;904,51;19,80;84,84;0,00;132,18
29/04/2026;21:12:58;0,12;25,75;366,00;904,48;19,94;84,84;0,00;147,65
29/04/2026;21:22:58;0,12;25,76;366,00;904,49;19,84;85,14;0,00;133,59
29/04/2026;21:32:58;0,12;25,75;366,00;904,56;19,85;85,38;0,00;150,11
29/04/2026;21:42:58;0,11;25,75;366,00;904,67;19,92;85,64;0,00;120,93
29/04/2026;21:52:58;0,12;25,75;366,00;904,69;20,12;85,50;0,00;100,89
29/04/2026;22:02:58;0,11;25,75;366,00;904,71;19,94;85,79;0,00;359,29
29/04/2026;22:12:58;0,12;25,75;366,00;904,72;19,85;86,44;0,00;94,21
29/04/2026;22:22:58;0,11;25,74;366,00;904,74;20,00;86,64;1,70;106,17
29/04/2026;22:32:58;0,11;25,75;366,00;904,86;19,89;86,77;3,73;107,57
29/04/2026;22:42:58;0,12;25,75;366,00;904,83;19,90;86,69;2,31;75,93
29/04/2026;22:52:58;0,11;25,75;366,00;904,80;19,96;86,48;1,20;142,38
29/04/2026;23:02:58;0,09;25,75;366,00;904,65;19,94;86,35;0,60;130,78
29/04/2026;23:12:58;0,11;25,75;366,00;904,64;19,87;86,33;0,00;84,37
29/04/2026;23:22:58;0,12;25,75;366,00;904,66;19,77;85,69;1,89;118,47
29/04/2026;23:32:58;0,11;25,75;366,00;904,74;19,74;85,06;4,71;107,92
29/04/2026;23:42:58;0,10;25,74;366,00;904,66;19,65;84,45;0,00;107,57
29/04/2026;23:52:58;0,12;25,74;366,00;904,59;19,47;83,95;0,00;110,74
30/04/2026;00:02:58;0,12;25,75;366,00;904,52;19,12;84,26;0,00;183,16
30/04/2026;00:12:58;0,13;25,75;366,00;904,48;18,78;84,81;0,00;121,99
30/04/2026;00:22:58;0,10;25,74;366,00;904,41;18,50;85,32;0,00;94,57
30/04/2026;00:32:58;0,11;25,74;366,00;904,33;18,25;85,83;0,00;200,03
30/04/2026;00:42:58;0,11;25,75;366,00;904,25;18,08;86,18;0,00;122,34
30/04/2026;00:52:58;0,11;25,75;366,00;904,17;18,05;86,45;0,00;126,56
30/04/2026;01:02:58;0,10;25,75;366,00;904,12;18,09;86,67;0,00;116,36
30/04/2026;01:12:58;0,11;25,75;366,00;904,07;18,09;86,75;0,00;112,14
30/04/2026;01:22:58;0,13;25,74;366,00;904,05;18,03;86,95;0,00;101,25
30/04/2026;01:32:58;0,11;25,75;366,00;903,94;17,94;87,38;0,00;123,39
30/04/2026;01:42:58;0,11;25,74;366,00;903,91;17,89;87,79;0,00;98,08
30/04/2026;01:52:58;0,10;25,75;366,00;903,87;17,92;88,15;0,00;56,25
30/04/2026;02:02:58;0,13;25,75;366,00;903,77;17,93;88,34;0,00;101,60
30/04/2026;02:12:58;0,11;25,74;366,00;903,72;17,87;88,45;0,00;88,24
30/04/2026;02:22:58;0,11;25,75;366,00;903,65;17,72;88,68;0,00;108,98
30/04/2026;02:32:58;0,11;25,75;366,00;903,59;17,62;88,92;2,96;119,17
30/04/2026;02:42:58;0,11;25,74;366,00;903,51;17,48;89,21;3,27;136,75
30/04/2026;02:52:58;0,12;25,74;366,00;903,47;17,38;89,50;1,81;115,31
30/04/2026;03:02:58;0,11;25,75;366,00;903,52;17,33;89,70;1,27;110,03
30/04/2026;03:12:58;0,11;25,75;366,00;903,56;17,20;89,76;0,00;127,96
30/04/2026;03:22:58;0,10;25,74;366,00;903,59;17,24;89,90;2,45;127,61
30/04/2026;03:32:58;0,10;25,74;366,00;903,64;17,33;90,16;0,00;207,77
30/04/2026;03:42:58;0,10;25,75;366,00;903,68;17,31;90,08;0,00;136,05
30/04/2026;03:52:58;0,12;25,74;366,00;903,79;17,37;90,33;1,27;144,49
30/04/2026;04:02:58;0,10;25,75;366,00;903,88;17,38;90,22;1,57;130,42
30/04/2026;04:12:58;0,12;25,74;366,00;903,89;17,28;90,04;0,38;143,08
30/04/2026;04:22:58;0,11;25,75;366,00;903,99;17,28;90,12;3,09;109,68
30/04/2026;04:32:58;0,12;25,75;366,00;904,05;17,33;90,14;0,00;88,24
30/04/2026;04:42:58;0,11;25,75;366,00;904,19;17,37;90,22;0,00;85,07
30/04/2026;04:52:58;0,13;25,75;366,00;904,27;17,43;90,22;1,45;119,88
30/04/2026;05:02:58;0,11;25,74;366,00;904,35;17,39;90,14;1,03;102,65
30/04/2026;05:12:58;0,11;25,75;366,00;904,40;17,43;90,05;0,00;151,87
30/04/2026;05:22:58;0,11;25,74;366,00;904,40;17,43;89,95;0,00;123,75
30/04/2026;05:32:58;0,14;25,75;366,00;904,51;17,45;89,81;0,00;125,15
30/04/2026;05:42:58;0,55;25,74;366,00;904,68;17,43;89,86;0,00;116,71
30/04/2026;05:52:58;2,23;25,75;366,00;904,83;17,47;89,92;1,21;132,89
30/04/2026;06:02:58;9,22;25,75;366,00;905,03;17,46;89,92;2,72;94,21
30/04/2026;06:12:58;16,50;25,75;366,00;905,08;17,45;89,95;2,86;159,96
30/04/2026;06:22:58;47,57;25,75;366,00;905,27;17,49;89,93;2,50;105,46
30/04/2026;06:32:58;163,92;25,75;366,00;905,28;17,47;89,91;1,72;101,25
30/04/2026;06:42:58;120,40;25,75;366,00;905,36;17,63;89,66;2,23;103,00
30/04/2026;06:52:58;172,21;25,76;366,00;905,50;17,88;89,00;3,18;123,04
30/04/2026;07:02:58;160,25;25,76;366,00;905,64;18,19;88,53;3,04;106,87
30/04/2026;07:12:58;163,18;25,76;366,00;905,75;18,41;88,08;5,27;122,34
30/04/2026;07:22:58;232,82;25,75;366,00;905,86;18,63;87,67;1,95;104,76
30/04/2026;07:32:58;313,68;25,76;366,00;905,91;19,17;86,67;3,23;101,60
30/04/2026;07:42:58;226,51;25,75;366,00;906,12;19,13;86,14;5,94;112,14
30/04/2026;07:52:58;219,30;25,75;366,00;906,27;19,24;85,57;4,30;120,58
30/04/2026;08:02:58;551,13;25,76;366,00;906,35;19,74;84,54;1,31;67,85
30/04/2026;08:12:58;603,07;25,76;366,00;906,38;20,66;82,74;1,58;94,92
30/04/2026;08:22:58;745,86;25,77;366,00;906,55;21,06;80,79;4,92;88,59
30/04/2026;08:32:58;566,72;25,77;366,00;906,73;21,15;79,44;6,52;138,51
30/04/2026;08:42:58;287,95;25,76;366,00;906,84;20,47;81,24;4,11;114,96
30/04/2026;08:52:58;503,37;25,77;366,00;906,94;20,73;80,24;3,20;145,54
30/04/2026;09:02:58;262,30;25,77;366,00;907,08;20,64;80,73;3,84;99,84
30/04/2026;09:12:58;194,68;25,77;366,00;907,06;20,09;82,60;2,33;90,35
30/04/2026;09:22:58;92,59;25,76;366,00;907,17;19,97;82,74;3,76;91,75
30/04/2026;09:32:58;169,88;25,76;366,00;907,22;19,62;84,01;2,88;125,15
30/04/2026;09:42:58;212,06;25,76;366,00;907,22;19,92;83,84;3,23;129,72
30/04/2026;09:52:58;425,17;25,77;366,00;907,30;20,54;82,19;4,87;126,21
30/04/2026;09:57:02;526,49;25,77;366,00;907,28;20,81;82,06;2,48;108,63
30/04/2026;10:07:02;544,08;25,76;366,00;907,16;21,46;80,27;5,19;102,30
30/04/2026;10:17:02;669,30;25,76;366,00;907,15;22,23;76,93;4,40;106,52
30/04/2026;10:27:02;650,37;25,76;366,00;907,02;22,25;77,78;2,06;126,21
30/04/2026;10:37:02;406,36;25,76;366,00;906,95;22,60;75,40;3,69;108,63
30/04/2026;10:47:02;274,21;25,77;366,00;906,91;23,83;73,40;3,26;107,92
30/04/2026;10:57:02;1275,27;25,77;366,00;906,65;23,60;71,00;0,42;51,32
30/04/2026;11:07:02;1063,57;25,77;366,00;906,53;23,96;68,39;4,07;114,25
30/04/2026;11:17:02;1105,48;25,77;366,00;906,32;24,43;67,01;3,47;125,85
30/04/2026;11:27:02;1172,92;25,77;366,00;906,14;24,38;65,07;4,99;114,25
30/04/2026;11:37:02;1218,29;25,77;366,00;905,90;25,42;64,22;2,81;79,45
30/04/2026;11:47:02;257,62;25,77;366,00;905,81;25,44;61,75;4,92;104,41
30/04/2026;11:57:02;197,74;25,77;366,00;905,68;25,29;63,27;7,73;120,23
30/04/2026;12:07:02;1031,06;25,77;366,00;905,50;25,17;62,07;5,98;91,05
30/04/2026;12:17:02;1027,04;25,78;366,00;905,34;25,98;58,47;6,72;97,38
30/04/2026;12:27:02;733,95;25,77;366,00;905,30;25,66;59,32;6,22;119,88
30/04/2026;12:37:02;244,88;25,77;366,00;905,12;25,93;56,73;7,26;121,99
30/04/2026;12:47:02;1005,32;25,77;366,00;904,89;25,67;57,79;3,16;124,10
30/04/2026;12:57:02;966,11;25,78;366,00;904,83;25,75;55,29;4,60;140,62
30/04/2026;13:07:02;870,61;25,77;366,00;904,70;26,53;52,20;4,12;107,92
30/04/2026;13:17:02;854,77;25,78;366,00;904,62;26,50;52,20;2,80;66,44
30/04/2026;13:27:02;829,87;25,77;366,00;904,38;26,34;50,32;4,96;79,45
30/04/2026;13:37:02;795,94;25,78;366,00;904,37;26,55;50,92;6,51;113,90
30/04/2026;13:47:02;776,37;25,78;366,00;904,22;27,01;51,60;6,17;102,65
30/04/2026;13:57:02;749,40;25,78;366,00;904,11;26,89;52,13;6,40;112,85
30/04/2026;14:07:02;493,19;25,78;366,00;903,86;27,13;52,04;4,35;92,46
30/04/2026;14:17:02;723,22;25,78;366,00;903,75;27,22;53,04;5,00;99,84
30/04/2026;14:27:02;697,16;25,78;366,00;903,52;27,15;51,66;7,52;87,89
30/04/2026;14:37:02;652,95;25,77;366,00;903,65;27,19;51,59;5,16;92,81
30/04/2026;14:47:02;737,55;25,78;366,00;903,51;27,50;53,04;1,35;84,37
30/04/2026;14:57:02;584,53;25,79;366,00;903,56;26,39;54,40;3,93;96,67
30/04/2026;15:07:02;194,86;25,78;366,00;903,53;27,43;54,28;1,48;223,24
30/04/2026;15:17:02;332,70;25,79;366,00;903,71;25,60;59,58;5,66;93,16
30/04/2026;15:27:02;487,67;25,77;366,00;903,69;25,74;59,88;3,21;68,55
30/04/2026;15:37:02;370,48;25,78;366,00;903,56;26,70;58,15;5,09;83,32
30/04/2026;15:47:02;293,92;25,78;366,00;903,62;26,06;61,44;4,02;107,22
30/04/2026;15:57:02;74,22;25,77;366,00;903,61;26,04;61,50;2,42;93,16
30/04/2026;16:07:02;270,23;25,77;366,00;903,55;25,33;64,40;2,50;52,38
30/04/2026;16:17:02;233,36;25,78;366,00;903,44;25,37;65,13;1,65;82,96
30/04/2026;16:27:02;248,16;25,78;366,00;903,50;25,27;64,71;5,78;93,51
30/04/2026;16:37:02;218,35;25,78;366,00;903,61;25,02;65,00;5,34;106,17
30/04/2026;16:47:02;150,93;25,79;366,00;903,65;24,43;66,35;3,15;151,17
30/04/2026;16:57:02;128,73;25,78;366,00;903,70;24,49;66,88;2,84;71,01
30/04/2026;17:07:02;84,66;25,80;366,00;903,65;24,28;67,07;3,36;143,08
30/04/2026;17:17:02;47,65;25,79;366,00;903,67;23,86;67,12;4,07;118,82
30/04/2026;17:27:02;16,99;25,80;366,00;903,64;23,41;68,46;1,75;117,07
30/04/2026;17:37:02;3,87;25,81;366,00;903,67;22,90;70,19;1,28;59,76
30/04/2026;17:47:02;0,97;25,80;366,00;903,63;22,40;72,02;1,33;143,78
30/04/2026;17:57:02;0,17;25,80;366,00;903,57;22,09;73,28;1,57;114,96
30/04/2026;18:07:02;0,12;25,80;366,00;903,55;21,90;74,14;2,96;112,50
30/04/2026;18:17:02;0,11;25,79;366,00;903,60;21,66;75,19;1,65;145,89
30/04/2026;18:27:02;0,12;25,80;366,00;903,70;21,36;76,45;2,26;117,07
30/04/2026;18:37:02;0,13;25,80;366,00;903,80;21,13;77,32;1,15;82,96
30/04/2026;18:47:02;0,12;25,79;366,00;903,89;21,13;77,95;1,80;75,93
30/04/2026;18:57:02;0,11;25,80;366,00;903,97;21,30;77,56;1,32;114,60
30/04/2026;19:07:02;0,12;25,80;366,00;904,08;21,38;77,51;0,00;121,28
30/04/2026;19:17:02;0,11;25,80;366,00;904,11;21,52;77,15;2,40;110,74
30/04/2026;19:27:02;0,11;25,80;366,00;904,19;21,54;77,12;2,67;97,73
30/04/2026;19:37:02;0,13;25,79;366,00;904,33;21,53;76,85;3,43;104,41
30/04/2026;19:47:02;0,11;25,80;366,00;904,40;21,53;76,79;1,98;120,58
30/04/2026;19:57:02;0,10;25,80;366,00;904,45;21,50;76,95;1,80;99,49
30/04/2026;20:07:02;0,11;25,80;366,00;904,47;21,31;77,44;2,97;93,86
30/04/2026;20:17:02;0,11;25,80;366,00;904,56;20,80;78,88;2,33;116,01
30/04/2026;20:27:02;0,11;25,79;366,00;904,70;20,43;80,04;1,53;115,66
30/04/2026;20:37:02;0,10;25,79;366,00;904,77;20,15;80,81;2,60;109,33
30/04/2026;20:47:02;0,12;25,79;366,00;904,73;20,12;80,89;1,97;98,43
30/04/2026;20:57:02;0,13;25,77;366,00;904,78;20,05;81,01;2,21;99,14
30/04/2026;21:07:02;0,11;25,78;366,00;904,86;19,92;81,43;1,99;102,65
30/04/2026;21:17:02;0,13;25,77;366,00;904,96;19,81;81,76;1,72;86,48
30/04/2026;21:27:02;0,10;25,77;366,00;904,98;19,73;82,05;2,31;100,54
30/04/2026;21:37:02;0,13;25,78;366,00;905,03;19,60;82,33;2,12;81,91
30/04/2026;21:47:02;0,11;25,77;366,00;905,01;19,56;82,49;1,70;88,94
30/04/2026;21:57:02;0,11;25,78;366,00;904,95;19,48;82,71;2,82;108,63
30/04/2026;22:07:02;0,13;25,77;366,00;904,99;19,47;82,59;2,83;102,30
30/04/2026;22:17:02;0,11;25,77;366,00;905,10;19,31;82,94;1,94;49,92
30/04/2026;22:27:02;0,12;25,77;366,00;905,12;19,30;83,05;2,23;105,11
30/04/2026;22:37:02;0,11;25,77;366,00;905,22;19,50;82,68;1,51;61,52
30/04/2026;22:47:02;0,11;25,76;366,00;905,17;19,58;82,41;2,58;90,70
30/04/2026;22:57:02;0,10;25,77;366,00;905,21;19,44;82,73;2,31;125,15
30/04/2026;23:07:02;0,10;25,77;366,00;905,19;19,61;82,41;3,44;61,17
30/04/2026;23:17:02;0,11;25,77;366,00;905,12;19,71;82,10;3,59;115,66
30/04/2026;23:27:02;0,11;25,77;366,00;905,15;19,84;82,37;3,82;136,40
30/04/2026;23:37:02;0,11;25,77;366,00;905,18;19,95;82,23;3,03;87,89
30/04/2026;23:47:02;0,12;25,77;366,00;905,18;19,83;83,04;1,61;52,38
30/04/2026;23:57:02;0,12;25,77;366,00;905,31;19,66;83,60;2,51;95,62
01/05/2026;00:07:02;0,13;25,77;366,00;905,30;19,72;83,84;2,08;85,07
01/05/2026;00:17:02;0,11;25,77;366,00;905,22;19,80;83,84;1,16;74,88
01/05/2026;00:27:02;0,10;25,77;366,00;905,10;19,81;83,81;1,97;73,47
01/05/2026;00:37:02;0,11;25,77;366,00;905,05;19,76;83,81;2,00;136,75
01/05/2026;00:47:02;0,11;25,77;366,00;905,03;19,74;83,87;2,20;113,55
01/05/2026;00:57:02;0,12;25,77;366,00;904,99;19,69;83,93;3,52;122,69
01/05/2026;01:07:02;0,11;25,77;366,00;904,92;19,50;84,58;2,57;80,15
01/05/2026;01:17:02;0,10;25,77;366,00;904,80;19,28;85,74;2,21;97,73
01/05/2026;01:27:02;0,12;25,77;366,00;904,71;19,28;86,24;3,32;72,77
01/05/2026;01:37:02;0,12;25,77;366,00;904,59;19,35;86,29;1,50;118,82
01/05/2026;01:47:02;0,11;25,77;366,00;904,66;19,30;86,65;4,97;82,96
01/05/2026;01:57:02;0,11;25,77;366,00;904,68;19,28;87,18;3,74;113,90
01/05/2026;02:07:02;0,12;25,77;366,00;904,70;19,29;87,45;3,71;112,85
01/05/2026;02:17:02;0,11;25,77;366,00;904,72;19,24;87,67;3,92;114,96
01/05/2026;02:22:43;0,11;25,77;366,00;904,72;19,23;87,89;3,07;123,39
01/05/2026;02:32:43;0,11;25,76;366,00;904,78;19,18;87,96;6,49;120,23
01/05/2026;02:42:43;0,12;25,77;366,00;904,79;19,10;88,05;4,87;68,20
01/05/2026;02:52:43;0,11;25,76;366,00;904,91;19,02;88,12;2,22;126,91
01/05/2026;03:02:43;0,12;25,77;366,00;904,84;18,97;88,31;3,89;119,88
01/05/2026;03:12:43;0,11;25,77;366,00;904,87;18,88;88,51;1,60;126,91
01/05/2026;03:22:43;0,12;25,77;366,00;904,86;18,83;88,66;1,95;73,47
01/05/2026;03:32:43;0,11;25,76;366,00;904,83;18,77;88,80;2,24;78,75
01/05/2026;03:42:43;0,09;25,76;366,00;904,82;18,76;88,80;2,72;62,22
01/05/2026;03:52:43;0,12;25,77;366,00;904,78;18,72;88,96;1,19;134,64
01/05/2026;04:02:43;0,12;25,77;366,00;904,78;18,67;89,14;2,24;117,77
01/05/2026;04:12:43;0,12;25,77;366,00;904,87;18,65;89,41;2,88;95,97
01/05/2026;04:22:43;0,10;25,77;366,00;904,88;18,65;89,50;2,74;118,82
01/05/2026;04:32:43;0,12;25,78;366,00;904,92;18,59;89,61;2,34;95,27
01/05/2026;04:42:43;0,11;25,77;366,00;904,95;18,53;89,66;3,25;100,89
01/05/2026;04:52:43;0,13;25,77;366,00;904,97;18,48;89,70;1,24;101,25
01/05/2026;05:02:43;0,11;25,77;366,00;905,04;18,39;89,70;2,14;93,51
01/05/2026;05:12:43;0,10;25,77;366,00;905,09;18,35;89,72;3,29;111,79
01/05/2026;05:22:43;0,12;25,77;366,00;905,19;18,25;89,80;2,07;110,03
01/05/2026;05:32:43;0,14;25,77;366,00;905,30;18,07;89,92;0,00;108,63
01/05/2026;05:42:43;0,64;25,77;366,00;905,37;17,94;90,07;2,08;123,75
01/05/2026;05:52:43;3,18;25,77;366,00;905,48;17,91;90,29;2,19;131,83
01/05/2026;06:02:43;10,41;25,77;366,00;905,59;17,92;90,49;3,28;115,66
01/05/2026;06:12:43;17,32;25,77;366,00;905,72;17,99;90,60;2,82;123,75
01/05/2026;06:22:43;34,39;25,77;366,00;905,81;18,05;90,69;3,76;88,59
01/05/2026;06:32:43;70,19;25,76;366,00;905,88;18,08;90,53;3,83;97,03
01/05/2026;06:42:43;82,68;25,77;366,00;905,91;18,24;90,44;3,60;120,58
01/05/2026;06:52:43;143,00;25,77;366,00;906,07;18,53;89,50;3,17;110,74
01/05/2026;07:02:43;225,38;25,78;366,00;906,12;18,93;87,98;3,24;126,21
01/05/2026;07:12:43;328,90;25,76;366,00;906,20;18,91;87,45;5,06;112,14
01/05/2026;07:22:43;150,10;25,77;366,00;906,37;19,05;87,19;2,88;117,77
01/05/2026;07:32:43;401,63;25,77;366,00;906,45;19,46;86,38;3,66;96,32
01/05/2026;07:42:43;195,38;25,79;366,00;906,58;19,28;85,99;4,08;99,49
01/05/2026;07:52:43;212,01;25,78;366,00;906,59;19,52;85,61;3,26;65,74
01/05/2026;08:02:43;672,42;25,78;366,00;906,81;19,71;85,48;6,16;93,86
01/05/2026;08:12:43;299,64;25,78;366,00;906,84;20,01;84,52;2,73;143,78
01/05/2026;08:22:43;389,41;25,78;366,00;906,94;21,17;83,04;5,85;100,89
01/05/2026;08:32:43;318,36;25,78;366,00;907,14;20,29;83,61;6,32;75,93
01/05/2026;08:42:43;242,59;25,78;366,00;907,18;20,89;82,67;3,86;131,83
01/05/2026;08:52:43;226,91;25,78;366,00;907,29;20,71;81,59;6,14;103,35
01/05/2026;09:02:43;743,11;25,79;366,00;907,33;21,42;80,30;5,94;106,87
01/05/2026;09:12:43;339,94;25,79;366,00;907,49;21,70;79,91;5,08;112,50
01/05/2026;09:22:43;287,76;25,79;366,00;907,69;21,50;80,26;7,70;116,71
01/05/2026;09:32:43;353,01;25,79;366,00;907,69;21,76;79,77;4,25;129,37
01/05/2026;09:42:43;342,47;25,79;366,00;907,81;21,78;79,66;7,07;116,01
01/05/2026;09:52:43;739,58;25,79;366,00;907,70;22,14;78,69;3,80;115,31
01/05/2026;10:02:43;521,21;25,78;366,00;907,68;22,41;77,90;4,26;95,97
01/05/2026;10:12:43;314,81;25,79;366,00;907,55;22,98;76,30;3,66;75,23
01/05/2026;10:22:43;230,85;25,79;366,00;907,54;23,44;75,99;3,33;152,92
01/05/2026;10:32:43;477,01;25,80;366,00;907,36;23,94;74,51;6,06;120,23
01/05/2026;10:42:43;492,59;25,79;366,00;907,36;23,45;75,18;1,98;159,96
01/05/2026;10:52:43;332,13;25,80;366,00;907,27;23,74;75,46;2,09;142,03
01/05/2026;11:02:43;754,33;25,79;366,00;907,17;23,56;74,54;5,99;108,98
01/05/2026;11:12:43;497,35;25,79;366,00;907,09;23,74;74,96;9,35;112,14
01/05/2026;11:22:43;570,73;25,80;366,00;907,05;23,47;75,79;5,46;47,10
01/05/2026;11:32:43;397,68;25,79;366,00;906,98;24,14;73,72;3,23;117,07
01/05/2026;11:42:43;497,81;25,80;366,00;906,84;24,36;73,96;3,11;122,34
01/05/2026;11:52:43;358,14;25,80;366,00;906,68;24,54;72,78;5,17;112,50
01/05/2026;12:02:43;1004,03;25,79;366,00;906,52;24,91;72,75;2,80;92,10
01/05/2026;12:12:43;1101,05;25,80;366,00;906,35;25,07;70,67;4,27;99,84
01/05/2026;12:22:43;291,23;25,80;366,00;906,23;25,29;69,99;2,22;114,25
01/05/2026;12:32:43;750,10;25,79;366,00;906,04;24,90;71,89;5,31;106,87
01/05/2026;12:42:43;1179,98;25,80;366,00;905,94;25,92;68,74;2,79;94,92
01/05/2026;12:52:43;980,97;25,79;366,00;905,82;24,77;70,18;3,23;111,44
01/05/2026;13:02:43;783,58;25,80;366,00;905,58;26,93;62,34;3,73;127,61
01/05/2026;13:12:43;359,67;25,80;366,00;905,50;25,97;65,26;3,16;110,74
01/05/2026;13:22:43;284,89;25,80;366,00;905,46;25,52;66,56;2,75;118,47
01/05/2026;13:32:43;222,21;25,79;366,00;905,39;25,48;66,95;7,21;107,92
01/05/2026;13:42:43;986,99;25,80;366,00;905,24;26,60;62,92;2,53;75,58
01/05/2026;13:52:43;859,48;25,80;366,00;905,12;25,96;65,35;2,91;46,75
01/05/2026;14:02:43;578,52;25,80;366,00;905,00;26,40;63,36;1,82;89,29
01/05/2026;14:12:43;729,89;25,81;366,00;904,98;26,84;62,75;5,46;91,75
01/05/2026;14:22:43;280,35;25,80;366,00;904,90;27,26;60,89;3,49;117,42
01/05/2026;14:32:43;537,18;25,79;366,00;904,81;25,54;66,15;3,99;95,27
01/05/2026;14:42:43;439,33;25,81;366,00;904,74;27,26;60,66;4,27;119,88
01/05/2026;14:52:43;169,59;25,80;366,00;904,71;26,31;63,73;0,99;106,52
01/05/2026;15:02:43;226,47;25,80;366,00;904,58;26,77;61,77;0,00;125,15
01/05/2026;15:12:43;184,87;25,80;366,00;904,64;25,86;64,64;1,05;118,47
01/05/2026;15:22:43;111,38;25,79;366,00;904,66;25,48;65,90;3,44;100,89
01/05/2026;15:32:43;542,14;25,80;366,00;904,68;25,36;68,41;3,64;122,34
01/05/2026;15:42:43;267,38;25,80;366,00;904,56;26,06;67,58;2,68;59,76
01/05/2026;15:52:43;280,19;25,80;366,00;904,57;25,99;66,80;4,15;105,82
01/05/2026;16:02:43;370,89;25,80;366,00;904,64;26,12;66,36;1,40;156,09
01/05/2026;16:12:43;74,96;25,80;366,00;904,78;25,74;67,34;3,58;136,75
01/05/2026;16:22:43;49,22;25,80;366,00;904,85;24,72;70,55;2,09;157,50
01/05/2026;16:32:43;68,09;25,80;366,00;904,91;24,40;71,71;2,68;101,95
01/05/2026;16:42:43;122,53;25,80;366,00;904,97;24,43;72,53;2,72;105,46
01/05/2026;16:52:43;94,54;25,80;366,00;905,04;24,48;72,42;3,96;123,39
01/05/2026;17:02:43;80,40;25,79;366,00;905,09;24,43;72,87;4,17;114,60
01/05/2026;17:12:43;28,13;25,79;366,00;905,15;24,15;73,89;2,07;127,26
01/05/2026;17:22:43;17,43;25,79;366,00;905,20;23,62;75,44;1,75;129,37
01/05/2026;17:32:43;6,92;25,79;366,00;905,24;23,37;74,84;2,35;118,82
01/05/2026;17:42:43;1,67;25,79;366,00;905,34;22,95;75,64;2,05;117,42
01/05/2026;17:52:43;0,25;25,80;366,00;905,38;22,70;76,26;2,35;142,73
01/05/2026;18:02:43;0,12;25,80;366,00;905,49;22,52;77,18;1,91;88,59
01/05/2026;18:12:43;0,10;25,80;366,00;905,52;22,39;77,98;1,58;132,53
01/05/2026;18:22:43;0,10;25,80;366,00;905,61;22,51;77,97;2,48;114,25
01/05/2026;18:32:43;0,11;25,80;366,00;905,67;22,62;78,14;3,43;110,03
01/05/2026;18:42:43;0,13;25,80;366,00;905,80;22,57;78,44;2,56;149,06
01/05/2026;18:52:43;0,11;25,81;366,00;905,89;22,10;80,47;2,50;160,31
01/05/2026;19:02:43;0,11;25,80;366,00;905,97;21,68;82,08;1,75;160,31
01/05/2026;19:12:43;0,11;25,81;366,00;906,09;21,79;82,17;3,01;163,12
01/05/2026;19:22:43;0,09;25,80;366,00;906,20;21,68;82,75;3,00;138,16
01/05/2026;19:32:43;0,10;25,80;366,00;906,40;21,79;83,37;3,54;174,72
01/05/2026;19:42:43;0,11;25,80;366,00;906,63;21,54;84,13;4,79;121,64
01/05/2026;19:52:43;0,11;25,80;366,00;906,79;21,21;85,35;3,00;110,74
01/05/2026;20:02:43;0,11;25,80;366,00;906,85;20,61;87,15;2,30;87,89
01/05/2026;20:12:43;0,12;25,79;366,00;906,96;20,42;87,42;3,07;105,82
01/05/2026;20:22:43;0,12;25,80;366,00;907,05;20,39;87,09;5,70;98,43
01/05/2026;20:32:43;0,12;25,80;366,00;907,18;20,32;86,67;3,42;124,45
01/05/2026;20:42:43;0,12;25,80;366,00;907,34;20,28;86,25;3,83;136,05
01/05/2026;20:52:43;0,12;25,80;366,00;907,28;20,16;86,19;3,58;48,86
01/05/2026;21:02:43;0,12;25,81;366,00;907,35;20,02;86,04;3,17;138,16
01/05/2026;21:12:43;0,14;25,80;366,00;907,30;19,89;86,38;2,49;104,76
01/05/2026;21:22:43;0,12;25,80;366,00;907,24;19,73;87,03;2,31;67,85
01/05/2026;21:32:43;0,12;25,80;366,00;907,21;19,51;87,57;0,57;127,26
01/05/2026;21:42:43;0,09;25,80;366,00;907,20;19,42;87,61;0,00;65,39
01/05/2026;21:52:43;0,12;25,79;366,00;907,23;19,42;87,16;0,00;137,10
01/05/2026;22:02:43;0,10;25,79;366,00;907,16;19,43;86,91;3,83;142,73
01/05/2026;22:12:43;0,14;25,80;366,00;907,20;19,65;86,70;2,53;81,21
01/05/2026;22:22:43;0,10;25,80;366,00;907,25;19,79;86,28;2,56;131,48
01/05/2026;22:32:43;0,11;25,79;366,00;907,28;19,90;86,08;1,88;119,88
01/05/2026;22:42:43;0,11;25,79;366,00;907,35;19,98;85,96;2,14;82,96
01/05/2026;22:52:43;0,12;25,79;366,00;907,33;20,00;85,93;4,44;119,88
01/05/2026;23:02:43;0,13;25,79;366,00;907,24;20,00;85,67;5,56;93,51
01/05/2026;23:12:43;0,13;25,79;366,20;907,19;19,83;86,08;1,62;75,58
01/05/2026;23:22:43;0,10;25,80;366,20;907,26;19,74;86,51;2,15;97,73
01/05/2026;23:32:43;0,12;25,79;366,20;907,24;19,71;86,70;2,30;112,50
01/05/2026;23:42:43;0,13;25,79;366,20;907,19;19,74;87,12;3,58;71,71
01/05/2026;23:52:43;0,13;25,79;366,20;907,10;19,74;87,44;1,98;79,45
02/05/2026;00:02:43;0,11;25,80;366,20;907,11;19,74;87,61;4,04;118,47
02/05/2026;00:12:43;0,13;25,79;366,20;907,01;19,70;87,76;4,14;119,88
02/05/2026;00:22:43;0,10;25,79;366,20;907,02;19,74;87,78;3,92;97,73
02/05/2026;00:32:43;0,11;25,80;366,20;906,97;19,68;87,89;3,90;100,54
02/05/2026;00:42:43;0,11;25,80;366,20;906,83;19,62;88,00;2,54;126,91
02/05/2026;00:52:43;0,10;25,78;366,20;906,75;19,66;87,83;5,93;127,26
02/05/2026;01:02:43;0,10;25,79;366,20;906,58;19,62;87,89;4,36;102,65
02/05/2026;01:12:43;0,12;25,79;366,20;906,54;19,58;87,98;3,07;136,05
02/05/2026;01:22:43;0,12;25,79;366,20;906,45;19,52;88,08;4,18;105,82
02/05/2026;01:32:43;0,12;25,79;366,20;906,41;19,36;88,12;4,79;116,71
02/05/2026;01:42:43;0,11;25,79;366,20;906,32;19,25;88,53;2,41;67,85
02/05/2026;01:52:43;0,12;25,79;366,20;906,13;19,16;88,88;4,45;101,60
02/05/2026;02:02:43;0,10;25,79;366,20;906,10;19,13;89,18;1,86;125,85
02/05/2026;02:12:43;0,10;25,79;366,20;906,10;19,13;89,24;2,56;110,39
02/05/2026;02:22:43;0,11;25,79;366,20;906,08;19,12;89,27;2,85;98,08
02/05/2026;02:32:43;0,13;25,79;366,20;906,06;19,07;89,38;1,45;87,18
02/05/2026;02:42:43;0,12;25,79;366,20;906,00;19,01;89,41;2,10;92,81
02/05/2026;02:52:43;0,12;25,79;366,20;905,99;19,00;89,17;2,69;109,33
02/05/2026;03:02:43;0,10;25,79;366,20;905,97;18,96;89,17;2,34;123,04
02/05/2026;03:12:43;0,11;25,79;366,20;905,97;18,93;89,41;2,63;129,02
02/05/2026;03:22:43;0,12;25,79;366,20;905,96;18,95;89,55;3,10;105,11
02/05/2026;03:32:43;0,12;25,80;366,20;905,87;18,92;89,77;4,39;109,33
02/05/2026;03:42:43;0,11;25,79;366,20;905,86;18,87;90,08;2,01;123,04
02/05/2026;03:52:43;0,13;25,79;366,20;905,82;18,88;90,30;5,72;113,20
02/05/2026;04:02:43;0,11;25,79;366,20;905,75;18,88;90,38;2,88;144,49
02/05/2026;04:12:43;0,12;25,79;366,20;905,71;18,84;90,37;3,88;105,82
02/05/2026;04:22:43;0,11;25,79;366,20;905,64;18,84;90,43;3,99;95,27
02/05/2026;04:32:43;0,12;25,79;366,20;905,66;18,85;90,40;5,09;108,28
02/05/2026;04:42:43;0,11;25,79;366,20;905,55;18,83;90,37;3,26;112,50
02/05/2026;04:52:43;0,10;25,79;366,20;905,54;18,82;90,40;3,77;97,38
02/05/2026;05:02:43;0,10;25,79;366,20;905,59;18,82;90,57;2,71;99,49
02/05/2026;05:12:43;0,12;25,78;366,20;905,69;18,82;90,79;3,57;126,91
02/05/2026;05:22:43;0,10;25,79;366,20;905,71;18,77;91,03;3,64;97,73
02/05/2026;05:32:43;0,14;25,79;366,20;905,76;18,73;91,20;0,00;112,14
02/05/2026;05:42:43;0,24;25,79;366,20;905,84;18,66;91,29;0,33;86,48
02/05/2026;05:52:43;0,96;25,79;366,20;905,97;18,58;91,29;2,21;97,73
02/05/2026;06:02:43;3,52;25,78;366,20;906,01;18,57;91,37;2,56;115,31
02/05/2026;06:12:43;14,19;25,79;366,20;906,02;18,59;91,43;0,00;111,09
02/05/2026;06:22:43;17,01;25,79;366,20;906,08;18,63;91,40;0,00;145,54
02/05/2026;06:32:43;32,44;25,79;366,20;906,19;18,65;91,32;1,29;114,60
02/05/2026;06:42:43;40,11;25,80;366,20;906,21;18,68;91,24;3,20;120,93
02/05/2026;06:52:43;69,50;25,80;366,20;906,29;18,79;91,15;4,55;129,72
02/05/2026;07:02:43;68,72;25,79;366,20;906,38;18,88;90,86;3,59;127,96
02/05/2026;07:12:43;97,77;25,80;366,20;906,48;18,97;90,47;3,43;130,78
02/05/2026;07:22:43;136,99;25,79;366,20;906,58;19,14;89,90;4,92;103,00
02/05/2026;07:32:43;292,34;25,80;366,20;906,66;19,62;88,86;0,35;104,41
02/05/2026;07:42:43;164,13;25,79;366,20;906,71;19,83;87,64;1,53;144,84
02/05/2026;07:52:43;577,16;25,79;366,20;906,72;20,30;86,76;4,96;114,96
02/05/2026;08:02:43;159,04;25,80;366,20;906,93;20,69;84,96;4,90;113,90
02/05/2026;08:12:43;144,52;25,80;366,20;907,11;20,28;85,95;0,66;134,64
02/05/2026;08:22:43;257,90;25,80;366,20;907,14;20,47;85,25;3,10;117,42
02/05/2026;08:32:43;211,03;25,80;366,20;907,24;20,74;84,93;3,95;108,63
02/05/2026;08:42:43;782,27;25,79;366,20;907,20;21,01;84,77;5,28;108,63
02/05/2026;08:52:43;758,24;25,80;366,20;907,34;22,21;81,41;4,17;109,68
02/05/2026;09:02:43;581,41;25,81;366,20;907,46;23,14;80,36;4,35;93,51
02/05/2026;09:12:43;271,54;25,80;366,20;907,54;22,14;82,09;3,22;103,00
02/05/2026;09:22:43;667,94;25,80;366,20;907,60;22,26;81,38;6,88;100,54
02/05/2026;09:32:43;335,62;25,80;366,20;907,58;21,95;82,44;1,95;131,83
02/05/2026;09:42:43;278,21;25,80;366,20;907,67;21,87;82,24;3,94;80,15
02/05/2026;09:52:43;1097,63;25,79;366,20;907,60;23,24;80,44;2,64;110,03
02/05/2026;10:02:43;286,69;25,80;366,20;907,64;23,43;78,70;3,41;99,49
02/05/2026;10:12:43;401,32;25,80;366,20;907,68;22,71;80,95;5,23;144,14
02/05/2026;10:22:43;400,20;25,81;366,20;907,51;22,94;80,10;4,51;132,89
02/05/2026;10:32:43;374,77;25,80;366,20;907,38;23,26;79,85;5,13;144,14
02/05/2026;10:42:43;328,74;25,81;366,20;907,39;23,10;80,14;1,01;145,19
02/05/2026;10:52:43;386,14;25,80;366,20;907,22;23,46;79,14;4,56;121,64
02/05/2026;11:02:43;337,47;25,81;366,20;907,13;23,13;79,25;4,39;107,22
02/05/2026;11:12:43;301,04;25,81;366,20;907,04;22,88;79,99;4,61;148,71
02/05/2026;11:22:43;345,95;25,81;366,20;906,91;23,13;79,25;2,52;163,47
02/05/2026;11:32:43;431,92;25,81;366,20;906,80;23,27;78,85;4,69;124,80
02/05/2026;11:42:43;355,06;25,80;366,20;906,73;23,57;78,47;2,81;121,64
02/05/2026;11:52:43;390,48;25,80;366,20;906,63;23,71;77,99;2,67;141,67
02/05/2026;12:02:43;272,32;25,80;366,20;906,51;23,90;78,23;0,00;134,64
02/05/2026;12:12:43;274,01;25,80;366,20;906,31;23,69;78,14;3,19;139,92
02/05/2026;12:22:43;252,10;25,81;366,20;906,27;23,54;78,43;0,39;169,10
02/05/2026;12:32:43;289,18;25,80;366,20;906,09;23,64;79,02;0,00;95,27
02/05/2026;12:42:43;299,87;25,81;366,20;905,99;23,75;78,01;0,00;101,95
02/05/2026;12:52:43;413,48;25,80;366,20;905,89;23,98;78,75;0,00;85,07
02/05/2026;13:02:43;412,28;25,81;366,20;905,81;24,45;76,28;0,00;93,86
02/05/2026;13:12:43;336,40;25,81;366,20;905,78;24,21;77,36;0,47;95,27
02/05/2026;13:22:43;249,75;25,81;366,20;905,74;24,01;77,51;3,39;125,85
02/05/2026;13:32:43;228,11;25,81;366,20;905,64;23,74;78,18;0,00;150,11
02/05/2026;13:42:43;172,76;25,80;366,20;905,61;23,44;79,47;4,26;104,06
02/05/2026;13:52:43;325,67;25,81;366,20;905,53;23,90;79,22;0,00;103,00
02/05/2026;14:02:43;251,47;25,81;366,20;905,39;24,32;78,11;0,00;83,67
02/05/2026;14:12:43;333,26;25,81;366,20;905,39;23,90;78,69;0,39;65,03
02/05/2026;14:22:43;248,25;25,80;366,20;905,36;23,65;79,11;1,87;104,41
02/05/2026;14:32:43;215,76;25,81;366,20;905,28;23,71;78,47;0,00;84,37
02/05/2026;14:42:43;234,42;25,81;366,20;905,28;23,70;78,34;0,00;144,84
02/05/2026;14:52:43;218,66;25,81;366,20;905,21;23,74;79,07;0,00;104,41
02/05/2026;15:02:43;229,39;25,81;366,20;905,09;23,96;78,03;0,00;172,61
02/05/2026;15:12:43;343,59;25,81;366,20;904,97;24,43;76,37;0,00;114,25
02/05/2026;15:22:43;230,06;25,81;366,20;905,05;24,47;76,20;0,00;170,50
02/05/2026;15:32:43;173,92;25,81;366,20;905,05;24,34;76,90;0,00;169,45
02/05/2026;15:42:43;122,01;25,81;366,20;905,12;24,06;78,13;0,00;131,13
02/05/2026;15:52:43;123,22;25,81;366,20;905,07;23,88;78,37;0,00;191,60
02/05/2026;16:02:43;121,90;25,80;366,20;905,18;24,02;77,40;0,00;169,10
02/05/2026;16:12:43;125,23;25,80;366,20;905,20;23,94;78,03;0,00;107,92
02/05/2026;16:22:43;111,45;25,82;366,20;905,29;24,29;77,73;0,00;136,05
02/05/2026;16:32:43;177,53;25,81;366,20;905,20;24,59;75,11;0,00;120,23
02/05/2026;16:42:43;134,70;25,81;366,20;905,28;24,60;75,19;0,00;139,92
02/05/2026;16:52:43;98,43;25,80;366,20;905,33;24,61;74,94;0,00;146,95
02/05/2026;17:02:43;70,93;25,80;366,20;905,42;24,34;76,11;0,00;157,14
02/05/2026;17:12:43;60,36;25,80;366,20;905,44;24,04;76,91;0,00;158,20
02/05/2026;17:22:43;30,55;25,80;366,20;905,51;24,06;76,56;0,00;157,85
02/05/2026;17:32:43;6,15;25,81;366,20;905,53;23,55;79,08;0,00;156,09
02/05/2026;17:42:43;1,71;25,80;366,20;905,55;22,53;81,22;0,00;156,09
02/05/2026;17:52:43;0,31;25,80;366,20;905,49;21,83;82,16;0,00;156,44
02/05/2026;18:02:43;0,13;25,80;366,20;905,46;21,40;82,89;0,00;156,09
02/05/2026;18:12:43;0,10;25,79;366,20;905,50;21,24;83,42;0,00;140,62
02/05/2026;18:22:43;0,11;25,80;366,20;905,52;21,45;83,20;0,00;145,89
02/05/2026;18:32:43;0,12;25,81;366,20;905,58;21,42;83,25;0,00;166,28
02/05/2026;18:42:43;0,11;25,81;366,20;905,63;21,37;83,08;0,00;144,84
02/05/2026;18:52:43;0,12;25,81;366,20;905,64;21,01;83,77;0,00;158,90
02/05/2026;19:02:43;0,11;25,81;366,20;905,71;20,88;83,95;0,00;144,49
02/05/2026;19:12:43;0,11;25,81;366,20;905,82;21,39;82,83;0,00;119,17
02/05/2026;19:22:43;0,11;25,81;366,20;905,91;21,67;82,20;0,00;143,08
02/05/2026;19:32:43;0,12;25,82;366,20;906,02;21,51;82,63;0,00;116,01
02/05/2026;19:42:43;0,10;25,81;366,20;906,13;21,37;83,14;0,00;97,73
02/05/2026;19:52:43;0,11;25,81;366,20;906,21;21,52;82,94;0,00;143,43
02/05/2026;20:02:43;0,11;25,81;366,20;906,34;21,46;83,06;0,00;118,47
02/05/2026;20:12:43;0,12;25,81;366,20;906,44;21,44;83,22;0,00;120,23
02/05/2026;20:22:43;0,12;25,80;366,20;906,55;21,40;83,33;0,00;110,39
02/05/2026;20:32:43;0,10;25,80;366,20;906,67;21,27;83,65;0,00;121,28
02/05/2026;20:42:43;0,12;25,82;366,20;906,70;21,40;83,67;0,00;117,77
02/05/2026;20:52:43;0,11;25,81;366,20;906,73;21,42;83,70;0,00;101,95
02/05/2026;21:02:43;0,11;25,80;366,20;906,70;21,22;84,16;0,00;116,36
02/05/2026;21:12:43;0,12;25,81;366,20;906,68;21,11;84,55;0,00;118,82
02/05/2026;21:22:43;0,12;25,81;366,20;906,63;20,93;85,09;0,00;110,03
02/05/2026;21:32:43;0,10;25,81;366,20;906,65;21,01;85,45;0,00;80,85
02/05/2026;21:42:43;0,12;25,81;366,20;906,66;21,30;85,09;0,00;104,06
02/05/2026;21:52:43;0,11;25,80;366,20;906,64;21,27;85,10;0,00;95,97
02/05/2026;22:02:43;0,12;25,81;366,20;906,60;21,22;85,35;0,00;139,21
02/05/2026;22:12:43;0,12;25,81;366,20;906,72;21,19;85,60;0,00;117,77
02/05/2026;22:22:43;0,11;25,81;366,20;906,80;21,18;86,05;2,84;107,92
02/05/2026;22:32:43;0,11;25,81;366,20;906,88;21,15;86,74;0,00;113,20
02/05/2026;22:42:43;0,12;25,81;366,20;907,04;21,08;87,28;0,00;113,90
02/05/2026;22:52:43;0,10;25,81;366,20;906,93;21,04;87,56;0,00;104,41
02/05/2026;23:02:43;0,12;25,81;366,20;906,99;20,99;87,83;2,22;95,27
02/05/2026;23:12:43;0,12;25,80;366,20;906,96;20,85;88,35;3,47;118,47
02/05/2026;23:22:43;0,12;25,81;366,20;906,91;20,66;88,76;3,49;91,75
02/05/2026;23:32:43;0,12;25,81;366,20;906,93;20,55;88,94;3,96;84,37
02/05/2026;23:42:43;0,10;25,81;366,20;906,92;20,46;89,25;0,00;101,25
02/05/2026;23:52:43;0,12;25,81;366,20;906,90;20,42;89,39;0,00;111,44
03/05/2026;00:02:43;0,10;25,80;366,20;906,82;20,31;89,64;3,30;123,04
03/05/2026;00:12:43;0,11;25,80;366,20;906,67;20,27;89,95;2,71;130,78
03/05/2026;00:22:43;0,10;25,80;366,20;906,59;20,26;89,99;0,00;105,11
03/05/2026;00:32:43;0,10;25,80;366,20;906,45;20,20;89,93;3,74;106,17
03/05/2026;00:42:43;0,11;25,80;366,20;906,39;20,15;90,13;0,00;113,90
03/05/2026;00:52:43;0,11;25,80;366,20;906,30;20,05;90,25;0,51;112,14
03/05/2026;01:02:43;0,13;25,80;366,20;906,26;19,98;90,31;3,52;102,65
03/05/2026;01:12:43;0,11;25,80;366,20;906,17;19,87;90,27;4,54;130,78
03/05/2026;01:22:43;0,12;25,80;366,20;906,17;19,81;90,44;3,26;117,07
03/05/2026;01:32:43;0,11;25,80;366,20;906,06;19,76;90,46;0,00;122,34
03/05/2026;01:42:43;0,11;25,80;366,20;906,00;19,74;90,60;0,00;113,55
03/05/2026;01:52:43;0,11;25,80;366,20;905,87;19,74;90,83;4,40;104,06
03/05/2026;02:02:43;0,10;25,80;366,20;905,80;19,74;91,05;4,77;106,17
03/05/2026;02:12:43;0,10;25,80;366,20;905,73;19,73;91,36;4,33;135,35
03/05/2026;02:22:43;0,12;25,80;366,20;905,59;19,58;91,47;2,04;105,46
03/05/2026;02:32:43;0,12;25,80;366,20;905,59;19,53;91,53;2,23;100,89
03/05/2026;02:42:43;0,12;25,80;366,20;905,58;19,47;91,67;0,00;148,71
03/05/2026;02:52:43;0,12;25,80;366,20;905,62;19,40;91,70;2,15;147,65
03/05/2026;03:02:43;0,12;25,80;366,20;905,57;19,30;91,82;2,51;104,76
03/05/2026;03:12:43;0,09;25,80;366,20;905,48;19,25;91,96;5,17;99,14
03/05/2026;03:22:43;0,12;25,80;366,40;905,48;19,24;92,05;2,77;95,27
03/05/2026;03:32:43;0,13;25,80;366,60;905,42;19,22;92,10;1,97;108,63
03/05/2026;03:42:43;0,13;25,80;366,80;905,42;19,24;92,16;0,00;98,08
03/05/2026;03:52:43;0,11;25,80;366,80;905,30;19,23;92,16;0,33;105,46
03/05/2026;04:02:43;0,11;25,80;367,00;905,32;19,21;92,24;2,29;149,76
03/05/2026;04:12:43;0,12;25,80;367,40;905,42;19,20;92,23;3,02;125,85
03/05/2026;04:22:43;0,11;25,79;368,00;905,48;19,23;92,35;0,00;131,48
03/05/2026;04:32:43;0,12;25,79;368,20;905,50;19,21;92,28;0,00;100,89
03/05/2026;04:42:43;0,12;25,80;368,40;905,43;19,14;92,28;0,00;64,33
03/05/2026;04:52:43;0,11;25,79;368,60;905,42;19,00;92,29;0,00;137,81
03/05/2026;05:02:43;0,11;25,80;368,80;905,53;19,00;92,37;0,00;123,75
03/05/2026;05:12:43;0,12;25,79;369,20;905,61;18,96;92,40;0,00;89,64
03/05/2026;05:22:43;0,12;25,79;369,60;905,65;18,95;92,46;0,00;97,03
03/05/2026;05:32:43;0,12;25,80;369,80;905,73;18,89;92,43;0,00;78,39
03/05/2026;05:42:43;0,26;25,80;370,00;905,86;18,76;92,41;0,38;94,21
03/05/2026;05:52:43;0,99;25,80;370,00;905,99;18,71;92,53;0,00;134,29
03/05/2026;06:02:43;2,15;25,79;370,20;906,16;18,70;92,61;0,00;119,88
03/05/2026;06:12:43;7,00;25,79;370,40;906,27;18,52;92,45;0,00;111,79
03/05/2026;06:22:43;8,47;25,79;370,40;906,44;18,44;92,52;0,37;86,13
03/05/2026;06:32:43;9,53;25,79;370,60;906,60;18,37;92,61;4,46;117,07
03/05/2026;06:42:43;23,51;25,80;370,60;906,79;18,40;92,70;0,40;85,78
03/05/2026;06:52:43;27,68;25,79;371,20;906,78;18,43;92,70;0,42;115,66
03/05/2026;07:02:43;26,39;25,79;371,40;906,81;18,46;92,70;0,38;92,10
03/05/2026;07:12:43;53,83;25,79;371,60;906,88;18,52;92,77;0,00;100,19
03/05/2026;07:22:43;52,42;25,79;371,60;906,92;18,54;92,71;3,66;102,30
03/05/2026;07:32:43;58,02;25,79;371,80;906,97;18,56;92,77;0,00;75,58
03/05/2026;07:42:43;75,42;25,79;371,80;907,07;18,71;92,88;0,00;118,82
03/05/2026;07:52:43;126,34;25,78;371,80;907,11;18,70;92,85;0,00;122,69
03/05/2026;08:02:43;88,56;25,79;371,80;907,22;18,82;92,79;0,33;111,79
03/05/2026;08:12:43;156,80;25,79;371,80;907,25;18,99;92,95;5,54;94,21
03/05/2026;08:22:43;180,00;25,79;371,80;907,40;18,99;92,83;0,34;82,61
03/05/2026;08:32:43;127,28;25,80;371,80;907,47;19,03;92,77;0,00;74,53
03/05/2026;08:42:43;171,80;25,79;371,80;907,56;19,10;92,82;3,04;77,69
03/05/2026;08:52:43;153,30;25,79;371,80;907,66;19,15;92,69;1,93;100,19
03/05/2026;09:02:43;284,75;25,79;371,80;907,74;19,32;92,86;0,34;97,03
03/05/2026;09:12:43;368,45;25,80;371,80;907,81;19,50;92,59;0,00;75,58
03/05/2026;09:22:43;260,97;25,79;371,80;907,76;19,60;92,33;0,55;124,10
03/05/2026;09:32:43;282,56;25,79;371,80;907,70;19,74;92,30;0,76;129,02
03/05/2026;09:42:43;363,53;25,79;371,80;907,67;20,07;92,64;0,43;107,92
03/05/2026;09:52:43;216,13;25,80;371,80;907,66;20,66;90,24;3,10;128,32
03/05/2026;10:02:43;264,09;25,79;371,80;907,62;21,27;88,50;0,46;92,81
03/05/2026;10:12:43;293,62;25,80;371,80;907,50;21,32;86,74;1,34;123,04
03/05/2026;10:22:43;1004,05;25,80;371,80;907,42;21,76;85,71;0,99;20,39
03/05/2026;10:32:43;1152,08;25,82;371,80;907,37;22,78;83,90;0,38;98,43
03/05/2026;10:42:43;267,19;25,82;371,80;907,28;22,94;82,34;4,56;58,35
03/05/2026;10:52:43;269,10;25,82;371,80;907,26;22,40;82,94;0,00;115,66
03/05/2026;11:02:43;687,87;25,82;371,80;907,13;23,70;81,77;2,14;67,14
03/05/2026;11:12:43;1188,50;25,82;371,80;907,13;23,71;79,21;1,89;130,07
03/05/2026;11:22:43;158,99;25,82;371,80;906,92;22,84;81,60;2,35;118,82
03/05/2026;11:32:43;1084,35;25,82;371,80;906,82;22,88;82,20;3,55;134,64
03/05/2026;11:42:43;400,12;25,82;371,80;906,60;24,17;76,67;3,38;135,00
03/05/2026;11:52:43;1057,38;25,82;371,80;906,48;24,39;78,81;4,41;65,03
03/05/2026;12:02:43;1035,60;25,83;371,80;906,25;25,25;74,18;2,29;91,75
03/05/2026;12:12:43;484,65;25,82;371,80;905,96;25,62;72,48;0,00;128,32
03/05/2026;12:22:43;730,66;25,83;371,80;905,72;25,01;73,83;0,38;131,13
03/05/2026;12:32:43;1140,38;25,82;371,80;905,54;25,03;74,33;3,13;128,32
03/05/2026;12:42:43;497,54;25,83;371,80;905,31;25,90;71,81;1,38;173,32
03/05/2026;12:52:43;931,64;25,83;371,80;905,21;25,52;73,32;4,24;146,60
03/05/2026;13:02:43;1039,98;25,82;371,80;905,11;25,68;73,61;4,05;125,15
03/05/2026;13:12:43;217,98;25,82;371,80;905,02;25,05;74,02;3,39;75,23
03/05/2026;13:22:43;973,32;25,82;371,80;904,89;26,36;69,71;3,25;99,84
03/05/2026;13:32:43;381,45;25,83;371,80;904,79;25,33;71,10;4,07;143,78
03/05/2026;13:42:43;791,86;25,82;371,80;904,64;25,68;71,28;4,13;93,51
03/05/2026;13:52:43;790,16;25,83;371,80;904,38;26,39;68,10;4,34;111,09
03/05/2026;14:02:43;781,22;25,83;371,80;904,25;26,58;68,99;2,57;124,80
03/05/2026;14:12:43;523,98;25,82;371,80;904,12;25,80;67,13;2,04;149,06
03/05/2026;14:22:43;683,46;25,83;371,80;903,92;26,76;67,44;1,99;120,93
03/05/2026;14:32:43;627,35;25,82;371,80;903,87;25,66;67,56;3,18;141,32
03/05/2026;14:42:43;616,25;25,82;371,80;903,73;26,78;64,69;0,48;90,35
03/05/2026;14:52:43;640,78;25,82;371,80;903,63;27,06;63,73;4,54;142,73
03/05/2026;15:02:43;560,50;25,82;371,80;903,50;26,35;67,27;0,00;157,14
03/05/2026;15:12:43;91,06;25,83;371,80;903,44;25,93;67,74;2,68;98,43
03/05/2026;15:22:43;446,25;25,83;371,80;903,44;26,32;66,46;2,70;96,32
03/05/2026;15:32:43;452,39;25,81;371,80;903,37;26,35;65,62;4,47;106,87
03/05/2026;15:42:43;313,19;25,82;371,80;903,44;25,56;66,70;1,64;97,73
03/05/2026;15:52:43;237,97;25,82;371,80;903,52;25,96;64,47;0,00;87,18
03/05/2026;16:02:43;95,28;25,81;371,80;903,65;26,10;65,73;2,58;98,08
03/05/2026;16:12:43;234,52;25,82;371,80;903,67;25,76;66,52;0,00;151,52
03/05/2026;16:22:43;194,99;25,81;371,80;903,71;25,79;66,30;5,98;97,73
03/05/2026;16:32:43;158,95;25,81;371,80;903,72;25,44;66,42;0,58;149,76
03/05/2026;16:42:43;124,50;25,81;371,80;903,74;25,21;68,48;0,00;140,27
03/05/2026;16:52:43;93,83;25,81;371,80;903,70;24,89;68,19;3,41;113,90
03/05/2026;17:02:43;66,04;25,81;371,80;903,80;24,48;70,29;0,00;116,71
03/05/2026;17:12:43;43,37;25,80;371,80;903,78;24,11;72,29;0,00;142,73
03/05/2026;17:22:43;23,44;25,80;371,80;903,80;23,60;74,02;0,00;100,54
03/05/2026;17:32:43;5,91;25,80;371,80;903,88;22,96;75,89;0,00;125,85
03/05/2026;17:42:43;1,82;25,81;371,80;903,87;22,48;77,76;0,00;123,04
03/05/2026;17:52:43;0,31;25,80;371,80;903,92;22,17;78,41;0,00;144,84
03/05/2026;18:02:43;0,13;25,80;371,80;903,97;22,03;78,99;0,00;145,89
03/05/2026;18:12:43;0,12;25,80;371,80;904,02;21,94;79,20;0,00;117,77
03/05/2026;18:22:43;0,12;25,79;371,80;904,07;21,70;79,80;0,00;115,31
03/05/2026;18:32:43;0,11;25,79;371,80;904,07;21,67;80,19;0,00;146,25
03/05/2026;18:42:43;0,11;25,80;371,80;904,15;21,65;80,13;0,00;126,56
03/05/2026;18:52:43;0,11;25,80;371,80;904,20;21,50;80,68;0,00;107,92
03/05/2026;19:02:43;0,10;25,80;371,80;904,29;21,33;81,19;0,00;131,83
03/05/2026;19:12:43;0,12;25,79;371,80;904,45;21,28;81,31;0,00;124,45
03/05/2026;19:22:43;0,12;25,79;371,80;904,56;21,20;81,59;0,00;145,19
03/05/2026;19:32:43;0,11;25,80;371,80;904,60;21,08;81,99;0,00;133,94
03/05/2026;19:42:43;0,09;25,79;371,80;904,62;21,13;82,04;1,72;108,63
03/05/2026;19:52:43;0,11;25,79;371,80;904,70;20,90;82,64;1,64;131,13
03/05/2026;20:02:43;0,11;25,79;371,80;904,81;20,85;82,92;0,00;111,09
03/05/2026;20:12:43;0,10;25,79;371,80;904,94;20,63;83,37;1,38;86,83
03/05/2026;20:22:43;0,11;25,79;371,80;905,03;20,40;83,81;0,70;77,34
03/05/2026;20:32:43;0,10;25,79;371,80;905,12;20,09;84,43;0,00;88,94
03/05/2026;20:42:43;0,11;25,79;371,80;905,22;19,41;85,36;0,00;98,43
03/05/2026;20:52:43;0,12;25,79;371,80;905,31;19,21;86,28;0,00;107,57
03/05/2026;21:02:43;0,12;25,79;371,80;905,32;19,74;85,43;0,00;110,39
03/05/2026;21:12:43;0,11;25,79;371,80;905,30;19,90;85,22;0,00;118,82
03/05/2026;21:22:43;0,10;25,78;371,80;905,39;19,85;85,22;0,00;68,90
03/05/2026;21:32:43;0,12;25,79;371,80;905,50;19,90;85,33;0,00;114,25
03/05/2026;21:42:43;0,12;25,79;371,80;905,49;20,09;85,06;0,00;131,48
03/05/2026;21:52:43;0,11;25,79;371,80;905,51;19,91;85,33;0,00;82,26
03/05/2026;22:02:43;0,12;25,78;371,80;905,72;20,00;85,26;0,00;39,02
03/05/2026;22:12:43;0,12;25,79;371,80;905,82;20,04;85,15;1,20;116,71
03/05/2026;22:22:43;0,11;25,78;371,80;905,89;20,21;85,03;3,17;123,04
03/05/2026;22:32:43;0,12;25,78;371,80;905,94;20,48;84,47;0,72;110,39
03/05/2026;22:42:43;0,10;25,79;371,80;905,97;20,57;84,39;0,47;71,36
03/05/2026;22:52:43;0,11;25,78;371,80;906,09;20,62;84,40;3,18;144,49
03/05/2026;23:02:43;0,12;25,78;371,80;906,12;20,69;84,29;2,78;107,22
03/05/2026;23:12:43;0,11;25,78;371,80;906,29;20,66;84,40;2,96;82,26
03/05/2026;23:22:43;0,10;25,78;371,80;906,43;20,64;84,52;1,95;101,60
03/05/2026;23:32:43;0,11;25,78;371,80;906,43;20,58;84,58;2,60;120,23
03/05/2026;23:42:43;0,12;25,78;371,80;906,45;20,43;84,95;0,00;74,88
03/05/2026;23:52:43;0,10;25,78;371,80;906,43;20,31;85,17;0,60;108,28
04/05/2026;00:02:43;0,12;25,78;371,80;906,41;20,27;85,34;0,00;117,07
04/05/2026;00:12:43;0,12;25,78;371,80;906,40;20,18;85,58;0,00;107,92
04/05/2026;00:22:43;0,12;25,78;371,80;906,45;20,06;85,82;0,00;26,71
04/05/2026;00:32:43;0,11;25,77;371,80;906,37;19,90;86,16;0,00;121,28
04/05/2026;00:42:43;0,11;25,78;371,80;906,23;19,76;86,58;0,00;93,51
04/05/2026;00:52:43;0,12;25,77;371,80;906,14;19,61;86,78;0,00;112,85
04/05/2026;01:02:43;0,12;25,77;371,80;906,09;19,60;87,03;0,00;97,38
04/05/2026;01:12:43;0,12;25,78;371,80;906,01;19,59;87,15;0,00;146,25
04/05/2026;01:22:43;0,12;25,78;371,80;905,97;19,63;87,22;0,00;89,29
04/05/2026;01:32:43;0,10;25,77;371,80;905,91;19,65;87,20;0,00;133,94
04/05/2026;01:42:43;0,11;25,77;371,80;905,80;19,68;87,31;0,00;110,74
04/05/2026;01:52:43;0,11;25,78;371,80;905,88;19,62;87,42;0,00;101,25
04/05/2026;02:02:43;0,11;25,77;371,80;905,86;19,60;87,59;0,00;90,70
04/05/2026;02:12:43;0,11;25,77;371,80;905,87;19,60;87,67;0,00;98,08
04/05/2026;02:22:43;0,11;25,77;371,80;905,81;19,55;87,73;0,00;107,22
04/05/2026;02:32:43;0,11;25,77;371,80;905,71;19,37;88,01;0,00;90,00
04/05/2026;02:42:43;0,11;25,77;371,80;905,77;19,17;88,49;0,00;110,03
04/05/2026;02:52:43;0,11;25,77;371,80;905,73;19,11;88,96;0,00;112,14
04/05/2026;03:02:43;0,11;25,77;371,80;905,74;19,23;88,86;0,35;105,82
04/05/2026;03:12:43;0,12;25,77;371,80;905,65;19,24;88,86;4,79;93,51
04/05/2026;03:22:43;0,12;25,77;373,00;905,81;18,41;87,96;8,49;139,57
04/05/2026;03:32:43;0,12;25,77;373,80;906,02;17,05;89,56;2,90;152,22
04/05/2026;03:42:43;0,11;25,76;373,80;906,10;16,76;90,27;7,93;120,23
04/05/2026;03:52:43;0,11;25,77;373,80;906,15;16,66;90,52;3,39;128,67
04/05/2026;04:02:43;0,11;25,76;374,00;906,07;16,64;90,82;4,32;150,11
04/05/2026;04:12:43;0,09;25,76;374,40;906,17;16,57;90,78;7,33;117,77
04/05/2026;04:22:43;0,11;25,77;375,80;906,13;16,34;91,06;4,39;106,52
04/05/2026;04:32:43;0,12;25,76;376,00;906,26;16,45;91,27;0,38;174,37
04/05/2026;04:42:43;0,14;25,77;376,40;906,31;16,67;91,53;0,87;98,08
04/05/2026;04:52:43;0,11;25,76;376,40;906,24;16,81;91,52;0,00;114,96
04/05/2026;05:02:43;0,10;25,76;376,40;906,25;17,06;91,56;0,47;137,10
04/05/2026;05:12:43;0,13;25,76;376,40;906,26;17,17;91,69;0,00;139,21
04/05/2026;05:22:43;0,11;25,76;376,40;906,38;17,19;91,72;0,00;125,15
04/05/2026;05:32:43;0,13;25,76;376,40;906,37;17,20;91,75;0,00;99,84
04/05/2026;05:42:43;0,20;25,75;376,40;906,46;17,25;91,85;0,00;108,28
04/05/2026;05:52:43;0,91;25,76;376,40;906,59;17,30;91,88;0,00;135,35
04/05/2026;06:02:43;3,94;25,76;376,40;906,73;17,31;91,94;0,00;98,08
04/05/2026;06:12:43;22,48;25,76;376,40;906,85;17,38;92,06;0,00;90,70
04/05/2026;06:22:43;48,09;25,76;376,40;906,96;17,51;92,16;2,86;120,23
04/05/2026;06:32:43;116,72;25,76;376,40;907,02;17,61;92,19;0,00;129,37
04/05/2026;06:42:43;102,40;25,76;376,40;907,13;17,78;92,18;0,00;38,67
04/05/2026;06:52:43;196,72;25,75;376,40;907,09;18,06;92,30;0,36;95,62
04/05/2026;07:02:43;309,77;25,77;376,40;907,30;18,29;92,28;2,18;121,99
04/05/2026;07:12:43;325,48;25,76;376,40;907,42;18,43;92,05;0,38;108,63
04/05/2026;07:22:43;328,93;25,77;376,40;907,52;18,35;91,60;2,58;90,00
04/05/2026;07:32:43;270,57;25,77;376,40;907,54;18,38;91,61;0,47;93,51
04/05/2026;07:42:43;352,35;25,76;376,60;907,67;18,79;90,67;5,68;134,29
04/05/2026;07:52:43;542,13;25,76;376,60;907,75;19,10;88,32;3,11;121,64
04/05/2026;08:02:43;534,38;25,76;376,60;907,91;19,59;86,59;3,84;80,50
04/05/2026;08:12:43;543,17;25,76;376,60;908,08;20,11;85,96;2,96;85,42
04/05/2026;08:22:43;481,21;25,77;376,60;908,33;20,14;84,66;4,85;106,17
04/05/2026;08:32:43;646,86;25,77;376,60;908,38;20,05;83,93;4,27;108,63
04/05/2026;08:42:43;387,55;25,76;376,60;908,54;19,80;83,81;3,48;134,29
04/05/2026;08:52:43;499,29;25,77;376,60;908,66;20,19;84,61;6,38;100,19
04/05/2026;09:02:43;438,14;25,77;376,60;908,77;20,39;83,76;3,13;127,96
04/05/2026;09:12:43;892,62;25,77;376,60;908,87;20,55;82,83;4,95;123,04
04/05/2026;09:22:43;222,49;25,77;376,60;908,92;21,04;81,46;5,19;137,46
04/05/2026;09:32:43;443,38;25,77;376,60;909,01;20,68;82,26;4,17;107,22
04/05/2026;09:42:43;868,96;25,77;376,60;909,00;20,53;83,36;0,00;132,89
04/05/2026;09:52:43;588,46;25,78;376,60;909,04;21,45;81,14;5,45;96,67
04/05/2026;10:02:43;359,23;25,77;376,60;909,09;21,06;80,18;2,83;116,01
04/05/2026;10:12:43;980,64;25,77;376,60;908,96;20,64;80,90;0,00;103,71
04/05/2026;10:22:43;385,53;25,78;376,60;908,80;21,93;78,21;2,20;158,90
04/05/2026;10:32:43;946,21;25,78;376,60;908,69;22,01;78,97;0,60;131,83
04/05/2026;10:42:43;933,08;25,78;376,60;908,56;22,64;74,85;0,46;104,41
04/05/2026;10:52:43;1022,26;25,78;376,60;908,46;23,43;74,34;0,00;117,42
04/05/2026;11:02:43;930,28;25,78;376,60;908,29;24,17;69,61;2,26;156,09
04/05/2026;11:12:43;922,54;25,78;376,60;908,10;23,83;69,84;5,40;105,46
04/05/2026;11:22:43;920,03;25,79;376,60;907,83;24,18;69,56;6,19;121,64
04/05/2026;11:32:43;928,62;25,79;376,60;907,71;24,27;67,70;4,55;101,25
04/05/2026;11:42:43;971,06;25,78;376,60;907,70;24,39;67,20;0,76;48,86
04/05/2026;11:52:43;953,11;25,79;376,60;907,72;24,49;66,96;2,85;98,08
04/05/2026;12:02:43;921,19;25,78;376,60;907,63;24,17;66,89;3,45;79,80
04/05/2026;12:12:43;984,19;25,79;376,60;907,51;24,94;68,50;3,81;111,79
04/05/2026;12:22:43;909,98;25,78;376,60;907,42;24,94;65,88;6,60;134,29
04/05/2026;12:32:43;902,37;25,79;376,60;907,34;25,29;63,78;3,60;108,28
04/05/2026;12:42:43;940,41;25,78;376,60;907,25;25,13;63,69;1,55;116,01
04/05/2026;12:52:43;909,16;25,79;376,60;907,12;25,22;65,50;1,75;105,46
04/05/2026;13:02:43;887,03;25,78;376,60;907,03;24,92;65,98;2,79;90,35
04/05/2026;13:12:43;932,30;25,78;376,60;906,93;25,57;64,78;0,39;112,50
04/05/2026;13:22:43;832,10;25,79;376,60;906,71;25,78;62,26;0,00;94,21
04/05/2026;13:32:43;917,66;25,78;376,60;906,50;25,61;61,96;3,91;82,96
04/05/2026;13:42:43;806,65;25,79;376,60;906,37;25,93;62,08;0,47;160,66
04/05/2026;13:52:43;794,97;25,79;376,60;906,25;26,01;60,06;0,41;109,68
04/05/2026;14:02:43;248,38;25,78;376,60;906,19;25,83;60,58;3,25;116,01
04/05/2026;14:12:43;733,60;25,78;376,60;906,07;25,63;62,34;0,91;118,82
04/05/2026;14:22:43;97,78;25,78;376,60;906,05;26,09;59,44;0,97;125,50
04/05/2026;14:32:43;797,49;25,78;376,60;905,93;26,37;58,77;1,99;113,20
04/05/2026;14:42:43;422,48;25,78;376,60;905,95;25,08;62,63;0,00;123,75
04/05/2026;14:52:43;595,41;25,78;376,60;905,79;26,03;60,20;0,72;134,64
04/05/2026;15:02:43;516,20;25,78;376,60;905,71;26,03;60,23;0,00;72,42
04/05/2026;15:12:43;483,04;25,78;376,60;905,70;26,28;58,94;0,34;150,46
04/05/2026;15:22:43;428,26;25,77;376,60;905,64;25,50;60,73;0,00;108,28
04/05/2026;15:32:43;394,16;25,78;376,60;905,59;26,17;58,91;0,39;60,46
04/05/2026;15:42:43;357,03;25,78;376,60;905,58;26,17;58,53;4,14;128,32
04/05/2026;15:52:43;50,40;25,77;376,60;905,72;25,44;58,64;1,19;116,01
04/05/2026;16:02:43;246,65;25,78;376,60;905,73;24,95;62,31;2,99;89,64
04/05/2026;16:12:43;226,15;25,78;376,60;905,75;25,86;59,85;0,00;54,49
04/05/2026;16:22:43;188,26;25,77;376,60;905,80;25,60;59,08;2,04;89,29
04/05/2026;16:32:43;152,28;25,77;376,60;905,82;25,36;60,02;0,00;104,76
04/05/2026;16:42:43;120,72;25,76;376,60;905,83;25,12;60,11;0,00;94,21
04/05/2026;16:52:43;90,91;25,77;376,60;905,92;24,82;61,95;0,00;132,89
04/05/2026;17:02:43;63,47;25,76;376,60;905,91;24,65;64,17;0,00;69,60
04/05/2026;17:12:43;39,93;25,77;376,60;905,94;24,09;66,53;0,00;99,84
04/05/2026;17:22:43;10,87;25,76;376,60;905,99;23,35;67,95;0,41;108,98
04/05/2026;17:32:43;4,34;25,76;376,60;906,03;22,52;73,28;0,00;137,10
04/05/2026;17:42:43;1,46;25,76;376,60;906,05;21,84;74,96;0,00;127,96
04/05/2026;17:52:43;0,23;25,76;376,60;906,10;21,80;74,10;0,00;137,81
04/05/2026;18:02:43;0,13;25,76;376,60;906,19;21,73;74,29;0,00;136,75
04/05/2026;18:12:43;0,12;25,76;376,60;906,21;21,69;74,89;0,00;138,16
04/05/2026;18:22:43;0,11;25,75;376,60;906,35;21,48;76,11;0,00;141,67
04/05/2026;18:32:43;0,11;25,75;376,60;906,37;21,46;75,52;0,00;116,71
04/05/2026;18:42:43;0,11;25,75;376,60;906,52;21,47;75,93;0,00;144,84
04/05/2026;18:52:43;0,11;25,75;376,60;906,58;21,35;75,85;0,00;137,46
04/05/2026;19:02:43;0,12;25,75;376,60;906,69;21,24;76,24;0,00;117,42
04/05/2026;19:12:43;0,10;25,74;376,60;906,78;21,17;76,14;0,00;130,07
04/05/2026;19:22:43;0,11;25,74;376,60;906,91;21,09;76,50;0,00;125,85
04/05/2026;19:32:43;0,11;25,75;376,60;906,99;20,95;76,92;0,00;125,15
04/05/2026;19:42:43;0,12;25,74;376,60;907,12;20,99;76,86;0,00;141,67
04/05/2026;19:52:43;0,12;25,74;376,60;907,28;20,95;77,13;0,00;131,13
04/05/2026;20:02:43;0,12;25,75;376,60;907,42;20,75;77,56;0,00;158,55
04/05/2026;20:12:43;0,12;25,75;376,60;907,49;20,76;77,48;0,00;142,38
04/05/2026;20:22:43;0,12;25,74;376,60;907,59;20,72;77,62;0,00;142,38
04/05/2026;20:32:43;0,10;25,75;376,60;907,60;20,61;78,14;0,00;156,09
04/05/2026;20:42:43;0,10;25,74;376,60;907,64;20,37;78,82;0,00;132,89
04/05/2026;20:52:43;0,11;25,74;376,60;907,77;20,11;79,69;0,34;125,85
04/05/2026;21:02:43;0,12;25,74;376,60;907,88;19,99;79,82;0,00;116,71
04/05/2026;21:12:43;0,11;25,74;376,60;908,10;20,22;79,08;3,64;130,42
04/05/2026;21:22:43;0,11;25,74;376,60;908,07;20,19;79,47;0,44;175,42
04/05/2026;21:32:43;0,12;25,74;376,60;908,20;20,21;80,47;0,47;172,61
04/05/2026;21:42:43;0,12;25,74;376,60;908,29;19,76;81,65;0,37;83,67
04/05/2026;21:52:43;0,12;25,73;376,60;908,39;19,51;83,34;1,99;189,84
04/05/2026;22:02:43;0,10;25,74;376,60;908,44;19,43;84,12;3,99;156,44
04/05/2026;22:12:43;0,10;25,73;376,60;908,54;19,61;84,32;4,41;145,89
04/05/2026;22:22:43;0,11;25,73;376,60;908,62;19,62;84,52;2,79;136,05
04/05/2026;22:32:43;0,12;25,73;376,60;908,70;19,45;84,78;4,33;160,31
04/05/2026;22:42:43;0,12;25,73;376,60;908,75;19,25;85,55;6,82;150,46
04/05/2026;22:52:43;0,12;25,73;376,60;908,79;19,05;85,99;4,09;176,83
04/05/2026;23:02:43;0,11;25,74;376,60;908,84;18,95;86,46;3,14;123,04
04/05/2026;23:12:43;0,12;25,73;376,60;908,86;18,87;86,65;3,54;148,00
04/05/2026;23:22:43;0,11;25,73;376,60;908,90;18,85;86,48;3,80;167,69
04/05/2026;23:32:43;0,10;25,73;376,60;908,96;18,84;86,39;3,53;157,14
04/05/2026;23:42:43;0,11;25,73;376,60;908,97;18,77;86,56;1,69;116,01
04/05/2026;23:52:43;0,13;25,73;376,60;908,97;18,67;86,79;1,73;94,92
05/05/2026;00:02:43;0,11;25,72;376,60;908,84;18,56;86,77;3,22;131,83
05/05/2026;00:12:43;0,12;25,72;376,60;908,73;18,42;86,86;0,87;153,28
05/05/2026;00:22:43;0,12;25,72;376,60;908,61;18,32;86,85;2,40;143,43
05/05/2026;00:32:43;0,11;25,73;376,60;908,63;18,13;87,11;4,76;136,40
05/05/2026;00:42:43;0,12;25,72;376,60;908,59;18,17;87,21;0,69;135,00
05/05/2026;00:52:43;0,10;25,72;376,60;908,55;18,15;87,19;2,11;129,72
05/05/2026;01:02:43;0,12;25,73;376,60;908,51;18,09;87,17;2,60;152,22
05/05/2026;01:12:43;0,10;25,72;376,60;908,39;18,03;87,22;4,79;138,51
05/05/2026;01:22:43;0,12;25,73;376,60;908,36;18,02;87,06;1,58;58,35
05/05/2026;01:32:43;0,11;25,72;376,60;908,26;17,87;87,02;1,76;168,04
05/05/2026;01:42:43;0,12;25,72;376,60;908,13;17,77;87,12;5,71;161,71
05/05/2026;01:52:43;0,12;25,71;376,60;908,04;17,67;86,86;0,72;183,16
05/05/2026;02:02:43;0,12;25,72;376,60;908,06;17,54;86,99;3,48;141,67
05/05/2026;02:12:43;0,11;25,72;376,60;908,11;17,49;86,83;3,14;143,08
05/05/2026;02:22:43;0,11;25,72;376,60;907,99;17,52;86,41;1,07;164,53
05/05/2026;02:32:43;0,11;25,73;376,60;908,00;17,47;86,40;3,41;123,04
05/05/2026;02:42:43;0,11;25,71;376,60;907,96;17,25;86,64;0,39;130,42
05/05/2026;02:52:43;0,11;25,72;376,60;907,85;17,02;87,14;0,00;154,68
05/05/2026;03:02:43;0,12;25,70;376,60;907,87;17,00;87,33;3,03;122,69
05/05/2026;03:12:43;0,10;25,72;376,60;907,88;17,24;86,96;2,30;187,03
05/05/2026;03:22:43;0,11;25,72;376,60;907,77;17,30;86,80;4,57;131,83
05/05/2026;03:32:43;0,11;25,71;376,60;907,78;17,29;86,77;4,20;137,46
05/05/2026;03:42:43;0,11;25,72;376,60;907,88;17,31;86,59;2,43;145,19
05/05/2026;03:52:43;0,11;25,72;376,60;907,90;17,24;86,91;2,19;149,76
05/05/2026;04:02:43;0,11;25,71;376,60;907,84;17,22;86,88;2,03;96,67
05/05/2026;04:12:43;0,10;25,71;376,60;907,82;17,25;86,80;3,43;140,97
05/05/2026;04:22:43;0,12;25,71;376,60;907,81;17,17;86,91;3,56;148,00
05/05/2026;04:32:43;0,10;25,71;376,60;907,77;17,13;87,10;3,03;170,50
05/05/2026;04:42:43;0,10;25,71;376,60;907,75;17,06;87,33;0,44;126,56
05/05/2026;04:52:43;0,12;25,72;376,60;907,76;17,05;87,50;1,66;98,43
05/05/2026;05:02:43;0,10;25,71;376,60;907,93;17,02;87,72;0,00;137,46
05/05/2026;05:12:43;0,12;25,72;376,60;907,93;16,96;88,02;4,42;139,92
05/05/2026;05:22:43;0,12;25,70;376,60;907,99;16,96;88,05;0,48;151,87
05/05/2026;05:32:43;0,13;25,70;376,60;908,08;16,95;88,13;2,33;116,01
05/05/2026;05:42:43;0,37;25,71;376,60;908,15;16,91;88,12;2,64;134,64
05/05/2026;05:52:43;1,96;25,71;376,60;908,31;16,82;88,31;2,90;110,74
05/05/2026;06:02:43;4,04;25,71;376,60;908,37;16,72;88,65;2,13;103,35
05/05/2026;06:12:43;9,84;25,71;376,60;908,39;16,67;88,76;2,93;63,28
05/05/2026;06:22:43;20,05;25,71;376,60;908,47;16,72;88,76;3,11;112,50
05/05/2026;06:32:43;38,66;25,70;376,60;908,52;16,71;88,82;2,53;129,02
05/05/2026;06:42:43;48,49;25,70;376,60;908,56;16,75;88,57;2,82;111,09
05/05/2026;06:52:43;60,96;25,71;376,60;908,63;16,81;88,22;1,45;108,63
05/05/2026;07:02:43;93,64;25,71;376,60;908,64;16,81;88,20;4,07;114,25
05/05/2026;07:12:43;123,70;25,70;376,60;908,74;16,79;88,22;0,00;99,84
05/05/2026;07:22:43;147,25;25,70;376,60;908,78;17,06;87,09;3,21;132,53
05/05/2026;07:32:43;194,71;25,71;376,60;908,87;17,21;86,77;2,35;69,96
05/05/2026;07:42:43;238,42;25,70;376,60;908,92;17,43;85,77;4,37;86,83
05/05/2026;07:52:43;261,50;25,70;376,60;909,02;17,66;84,64;5,76;117,42
05/05/2026;08:02:43;223,80;25,70;376,60;909,14;18,32;84,26;1,94;107,22
05/05/2026;08:12:43;288,89;25,72;376,60;909,30;18,18;83,76;2,07;88,59
05/05/2026;08:22:43;234,41;25,71;376,60;909,40;18,09;83,72;3,57;108,63
05/05/2026;08:32:43;281,66;25,71;376,60;909,51;18,15;83,78;3,27;117,42
05/05/2026;08:42:43;269,59;25,71;376,60;909,62;18,44;83,94;2,92;135,70
05/05/2026;08:52:43;822,66;25,71;376,60;909,60;19,08;83,79;5,41;125,85
05/05/2026;09:02:43;626,35;25,70;376,60;909,53;20,13;80,83;3,42;79,80
05/05/2026;09:12:43;832,33;25,72;376,60;909,63;20,59;78,85;5,66;129,72
05/05/2026;09:22:43;611,32;25,72;376,60;909,69;20,79;78,69;4,85;81,91
05/05/2026;09:32:43;252,53;25,71;376,60;909,74;20,49;79,49;2,82;111,09
05/05/2026;09:42:43;780,93;25,71;376,60;909,77;20,61;79,94;4,19;107,92
05/05/2026;09:52:43;386,93;25,72;376,60;909,75;20,51;80,66;0,42;96,67
05/05/2026;10:02:43;533,96;25,72;376,60;909,75;20,68;80,26;3,05;120,93
05/05/2026;10:12:43;710,58;25,72;376,60;909,70;21,09;79,76;2,72;132,53
05/05/2026;10:22:43;346,33;25,71;376,60;909,74;21,07;79,82;0,00;124,80
05/05/2026;10:32:43;407,01;25,72;376,60;909,67;20,99;79,56;2,61;147,30
05/05/2026;10:42:43;278,01;25,71;376,60;909,61;20,95;80,10;5,27;155,39
05/05/2026;10:52:43;297,49;25,71;376,60;909,48;20,87;80,41;2,79;110,74
05/05/2026;11:02:43;238,16;25,71;376,60;909,38;21,07;80,82;5,02;161,01
05/05/2026;11:12:43;283,90;25,71;376,60;909,25;21,23;80,78;0,87;118,47
05/05/2026;11:22:43;423,66;25,71;376,60;909,03;21,60;79,28;4,32;124,10
05/05/2026;11:32:43;403,25;25,71;376,60;908,90;22,16;78,50;2,09;195,46
05/05/2026;11:42:43;413,58;25,71;376,60;908,85;21,95;79,31;2,88;97,38
05/05/2026;11:52:43;478,09;25,71;376,60;908,72;22,52;77,43;2,08;97,03
05/05/2026;12:02:43;384,25;25,72;376,60;908,63;23,43;74,80;0,69;100,19
05/05/2026;12:12:43;362,32;25,71;376,60;908,49;22,80;75,95;3,29;161,01
05/05/2026;12:22:43;693,10;25,72;376,60;908,34;22,52;77,53;1,38;147,65
05/05/2026;12:32:43;951,90;25,71;376,60;908,16;24,32;71,77;4,69;105,11
05/05/2026;12:42:43;303,78;25,72;376,60;908,06;23,66;73,44;0,39;124,10
05/05/2026;12:52:43;497,68;25,72;376,60;907,94;24,15;73,34;0,56;81,56
05/05/2026;13:02:43;602,05;25,72;376,60;907,89;23,88;72,98;3,21;110,39
05/05/2026;13:12:43;1221,07;25,72;376,60;907,77;23,66;73,96;2,44;105,46
05/05/2026;13:22:43;285,20;25,71;376,60;907,71;23,23;74,41;1,67;134,64
05/05/2026;13:32:43;254,67;25,71;376,60;907,64;22,98;76,33;0,39;102,30
05/05/2026;13:42:43;306,72;25,72;376,60;907,54;23,11;75,63;0,62;135,70
05/05/2026;13:52:43;937,99;25,71;376,60;907,39;23,02;76,40;1,72;133,94
05/05/2026;14:02:43;322,74;25,71;376,60;907,29;23,62;75,25;2,58;125,85
05/05/2026;14:12:43;228,29;25,70;376,60;907,16;22,95;76,22;3,87;125,85
05/05/2026;14:22:43;315,25;25,71;376,60;907,06;22,70;77,63;0,00;96,32
05/05/2026;14:32:43;134,66;25,71;376,60;907,05;22,78;76,48;4,38;101,95
05/05/2026;14:42:43;263,23;25,71;376,60;907,03;22,67;77,41;3,69;132,53
05/05/2026;14:52:43;220,71;25,71;376,60;906,99;22,52;76,85;5,59;92,46
05/05/2026;15:02:43;230,07;25,70;376,60;906,98;22,68;76,73;6,14;137,10
05/05/2026;15:12:43;218,95;25,70;376,60;906,94;22,50;77,00;4,21;106,87
05/05/2026;15:22:43;190,10;25,70;376,60;907,01;22,70;76,89;5,02;113,20
05/05/2026;15:32:43;174,42;25,70;376,60;907,02;22,29;77,89;0,45;163,47
05/05/2026;15:42:43;234,19;25,70;376,60;907,11;21,78;80,58;3,60;145,19
05/05/2026;15:52:43;114,48;25,70;376,60;907,03;21,14;82,26;2,08;126,21
05/05/2026;16:02:43;59,06;25,70;376,60;907,02;21,15;81,87;1,50;127,26
05/05/2026;16:12:43;212,64;25,70;376,60;907,04;21,60;81,93;0,00;208,12
05/05/2026;16:22:43;189,96;25,70;376,60;907,01;21,93;80,20;1,35;113,20
05/05/2026;16:32:43;143,13;25,70;376,60;907,07;21,97;80,40;0,00;103,00
05/05/2026;16:42:43;119,98;25,69;376,60;907,03;21,98;79,94;0,86;137,81
05/05/2026;16:52:43;90,03;25,70;376,60;906,97;21,72;80,36;0,40;138,51
05/05/2026;17:02:43;62,95;25,69;376,60;906,89;21,38;81,16;2,00;121,99
05/05/2026;17:12:43;40,10;25,69;376,60;906,90;21,08;81,99;0,00;150,11
05/05/2026;17:22:43;21,74;25,69;376,60;906,97;20,76;82,49;0,00;148,35
05/05/2026;17:32:43;5,22;25,69;376,60;906,91;20,41;83,12;0,00;148,35
05/05/2026;17:42:43;1,57;25,69;376,60;906,95;20,06;83,74;0,00;135,00
05/05/2026;17:52:43;0,28;25,69;376,60;906,85;19,87;84,00;0,00;144,49
05/05/2026;18:02:43;0,14;25,68;376,60;906,83;19,81;84,03;0,38;163,12
05/05/2026;18:12:43;0,13;25,68;376,60;906,88;19,74;84,16;0,00;193,00
05/05/2026;18:22:43;0,11;25,69;376,60;906,92;19,68;84,35;0,00;165,58
05/05/2026;18:32:43;0,11;25,68;376,60;906,90;19,69;84,48;0,00;181,75
05/05/2026;18:42:43;0,11;25,68;376,60;906,99;19,55;84,68;0,00;166,28
05/05/2026;18:52:43;0,12;25,68;376,60;907,09;19,71;84,54;1,44;112,14
05/05/2026;19:02:43;0,11;25,68;376,60;907,24;19,97;84,04;0,66;159,96
05/05/2026;19:12:43;0,10;25,68;376,60;907,31;20,15;83,74;0,00;161,01
05/05/2026;19:22:43;0,11;25,68;376,60;907,39;20,17;83,55;1,41;119,53
05/05/2026;19:32:43;0,11;25,68;376,60;907,45;20,06;83,84;1,26;172,61
05/05/2026;19:42:43;0,12;25,67;376,60;907,51;20,07;83,96;0,38;145,19
05/05/2026;19:52:43;0,12;25,68;376,60;907,57;20,03;84,10;0,00;107,22
05/05/2026;20:02:43;0,11;25,68;376,60;907,58;20,02;84,29;0,53;158,90
05/05/2026;20:12:43;0,12;25,68;376,60;907,65;19,83;84,72;0,43;150,46
05/05/2026;20:22:43;0,12;25,68;376,60;907,78;19,70;85,43;5,32;150,11
05/05/2026;20:32:43;0,11;25,68;376,60;907,81;19,59;85,93;4,21;135,35
05/05/2026;20:42:43;0,11;25,67;376,60;907,88;19,56;86,15;0,38;155,39
05/05/2026;20:52:43;0,12;25,68;376,60;907,90;19,33;86,48;0,94;116,36
05/05/2026;21:02:43;0,12;25,68;376,60;908,01;19,06;87,16;3,62;118,12
05/05/2026;21:12:43;0,11;25,68;376,60;907,95;18,91;87,23;1,76;109,68
05/05/2026;21:22:43;0,09;25,67;376,60;907,83;18,67;87,37;0,00;82,96
05/05/2026;21:32:43;0,11;25,67;376,60;907,95;18,44;87,74;0,33;118,47
05/05/2026;21:42:43;0,12;25,67;376,60;907,84;18,26;87,76;0,00;124,80
05/05/2026;21:52:43;0,11;25,67;376,60;907,91;18,07;87,86;0,39;111,09
05/05/2026;22:02:43;0,11;25,67;376,60;907,97;17,99;88,03;1,61;104,41
05/05/2026;22:12:43;0,12;25,67;376,60;907,97;18,02;88,10;0,00;146,60
05/05/2026;22:17:38;0,10;25,68;376,60;907,98;18,04;87,94;1,78;148,71
05/05/2026;22:27:38;0,10;25,67;376,60;908,00;17,93;87,70;2,67;140,97
05/05/2026;22:37:38;0,12;25,67;376,60;907,97;17,78;87,69;0,42;164,53
05/05/2026;22:47:38;0,10;25,67;376,60;907,92;17,76;87,41;3,07;150,82
05/05/2026;22:57:38;0,12;25,66;376,60;907,87;17,61;87,57;1,67;117,42
05/05/2026;23:07:38;0,11;25,66;376,60;907,85;17,56;87,65;0,00;148,71
05/05/2026;23:17:38;0,12;25,66;376,60;907,92;17,48;87,84;0,86;155,39
05/05/2026;23:27:38;0,11;25,66;376,60;908,12;17,39;88,08;0,42;49,92
05/05/2026;23:37:38;0,11;25,66;376,60;908,24;17,30;88,31;0,00;86,48
05/05/2026;23:47:38;0,12;25,65;376,60;908,29;17,37;88,73;0,00;148,71
05/05/2026;23:57:38;0,12;25,65;376,60;908,25;17,52;88,70;0,39;140,27
06/05/2026;00:07:38;0,12;25,66;376,60;908,17;17,54;88,70;0,38;129,72
06/05/2026;00:17:38;0,11;25,65;376,60;908,07;17,52;88,94;0,00;95,97
06/05/2026;00:27:38;0,11;25,65;376,60;907,95;17,50;89,11;0,00;155,03
06/05/2026;00:37:38;0,12;25,65;376,60;907,89;17,58;89,16;0,00;118,12
06/05/2026;00:47:38;0,12;25,65;376,60;907,82;17,54;89,30;0,00;129,37
06/05/2026;00:57:38;0,11;25,65;376,60;907,74;17,48;89,52;0,00;113,90
06/05/2026;01:07:38;0,10;25,65;376,60;907,53;17,52;89,66;0,00;116,71
06/05/2026;01:17:38;0,11;25,65;376,60;907,47;17,62;89,66;0,00;55,19
06/05/2026;01:27:38;0,11;25,65;376,60;907,40;17,70;89,59;0,00;88,59
06/05/2026;01:37:38;0,11;25,65;376,60;907,34;17,73;89,42;0,38;160,66
06/05/2026;01:47:38;0,12;25,65;376,60;907,25;17,73;89,48;4,72;105,82
06/05/2026;01:57:38;0,13;25,65;376,60;907,25;17,73;89,54;0,00;40,07
06/05/2026;02:07:38;0,11;25,65;376,60;907,17;17,73;89,62;0,00;119,17
06/05/2026;02:17:38;0,11;25,65;376,60;906,94;17,74;89,70;0,00;57,65
06/05/2026;02:27:38;0,11;25,64;376,60;906,86;17,79;89,42;0,48;117,42
06/05/2026;02:37:38;0,12;25,64;376,60;906,85;17,77;89,59;0,00;89,64
06/05/2026;02:47:38;0,12;25,65;376,60;906,84;17,76;89,64;3,85;115,66
06/05/2026;02:57:38;0,11;25,65;376,60;906,85;17,80;89,45;3,50;113,55
06/05/2026;03:07:38;0,12;25,64;376,60;906,70;17,82;89,50;1,82;104,41
06/05/2026;03:17:38;0,11;25,64;376,60;906,58;17,82;89,50;1,12;113,90
06/05/2026;03:27:38;0,12;25,64;376,60;906,55;17,87;89,33;4,26;115,31
06/05/2026;03:37:38;0,11;25,64;376,60;906,45;17,87;89,33;5,11;111,79
06/05/2026;03:47:38;0,12;25,65;376,60;906,55;17,87;89,41;3,22;192,30
06/05/2026;03:57:38;0,10;25,64;376,60;906,57;17,93;89,00;2,97;103,00
06/05/2026;04:07:38;0,10;25,64;376,60;906,62;17,91;89,00;0,00;82,26
06/05/2026;04:17:38;0,11;25,64;376,60;906,59;17,90;89,00;5,60;105,82
06/05/2026;04:27:38;0,10;25,63;376,60;906,47;17,89;89,08;3,72;100,19
06/05/2026;04:37:38;0,11;25,63;376,60;906,56;17,88;89,14;4,64;111,09
06/05/2026;04:47:38;0,13;25,63;376,60;906,69;17,89;88,83;4,52;125,50
06/05/2026;04:57:38;0,12;25,64;376,60;906,72;17,89;88,70;6,24;121,28
06/05/2026;05:07:38;0,11;25,63;376,60;906,70;17,89;88,67;6,40;106,17
06/05/2026;05:17:38;0,12;25,63;376,60;906,75;17,88;88,89;4,14;71,71
06/05/2026;05:27:38;0,12;25,63;376,60;906,75;17,85;89,00;1,46;202,50
06/05/2026;05:37:38;0,15;25,63;376,60;906,84;17,79;89,40;5,39;95,97
06/05/2026;05:47:38;0,50;25,63;376,60;906,91;17,76;89,67;1,85;106,87
06/05/2026;05:57:38;3,69;25,63;376,60;906,85;17,68;89,76;2,05;142,38
06/05/2026;06:07:38;12,62;25,63;376,60;906,88;17,64;90,06;2,18;86,13
06/05/2026;06:17:38;23,81;25,63;376,60;906,95;17,67;90,17;2,07;87,89
06/05/2026;06:27:38;56,69;25,63;376,60;906,93;17,69;90,08;3,28;142,73
06/05/2026;06:37:38;53,51;25,63;376,60;907,01;17,69;89,92;3,77;126,91
06/05/2026;06:47:38;71,29;25,62;376,60;907,12;17,79;89,73;1,08;128,32
06/05/2026;06:57:38;55,78;25,63;376,60;907,23;17,89;89,50;2,96;84,02
06/05/2026;07:07:38;98,55;25,63;376,60;907,37;18,00;89,31;1,42;157,50
06/05/2026;07:17:38;99,11;25,62;376,60;907,43;18,02;89,21;4,72;107,57
06/05/2026;07:27:38;112,55;25,62;376,60;907,53;18,08;89,07;2,63;114,96
06/05/2026;07:37:38;115,12;25,62;376,60;907,61;18,20;88,83;3,07;74,88
06/05/2026;07:47:38;94,61;25,63;376,60;907,75;18,28;88,53;6,18;181,40
06/05/2026;07:57:38;179,64;25,63;376,60;907,93;18,36;88,32;1,88;54,14
06/05/2026;08:07:38;181,05;25,62;376,60;907,96;18,44;88,16;3,76;111,44
06/05/2026;08:17:38;234,24;25,61;376,60;908,13;18,44;88,68;4,66;104,41
06/05/2026;08:27:38;334,70;25,61;376,60;908,20;18,36;89,51;4,41;136,40
06/05/2026;08:37:38;250,64;25,62;376,60;908,35;18,30;89,60;5,56;122,34
06/05/2026;08:47:38;288,53;25,61;376,60;908,37;18,46;90,01;6,31;83,67
06/05/2026;08:57:38;316,43;25,63;376,60;908,45;18,78;89,68;3,12;97,03
06/05/2026;09:07:38;197,47;25,62;376,60;908,44;19,74;87,25;0,46;215,50
06/05/2026;09:17:38;337,02;25,62;376,60;908,60;19,74;86,59;5,07;110,03
06/05/2026;09:27:38;304,66;25,63;376,60;908,63;19,89;85,94;2,12;78,04
06/05/2026;09:37:38;310,08;25,62;376,60;908,76;20,03;85,59;5,65;122,69
06/05/2026;09:47:38;397,04;25,62;376,60;908,64;20,42;85,12;4,37;148,71
06/05/2026;09:57:38;319,40;25,62;376,60;908,66;20,61;84,48;4,50;132,53
06/05/2026;10:07:38;356,05;25,61;376,60;908,75;20,78;84,26;1,70;98,78
06/05/2026;10:17:38;497,42;25,62;376,60;908,64;21,03;85,05;4,62;103,71
06/05/2026;10:27:38;1020,17;25,63;376,60;908,45;20,95;84,51;2,26;95,62
06/05/2026;10:37:38;483,45;25,63;376,60;908,48;21,66;82,42;4,95;123,39
06/05/2026;10:47:38;382,32;25,63;376,60;908,35;21,89;82,07;5,58;105,11
06/05/2026;10:57:38;420,96;25,63;376,60;908,40;21,77;81,97;2,32;79,45
06/05/2026;11:07:38;540,87;25,62;376,60;908,22;21,96;82,04;2,43;132,89
06/05/2026;11:17:38;502,98;25,63;376,60;908,00;22,31;81,36;3,14;111,09
06/05/2026;11:27:38;496,09;25,62;376,60;907,86;22,28;81,13;5,61;128,32
06/05/2026;11:37:38;474,53;25,63;376,60;907,74;22,04;81,39;6,65;104,06
06/05/2026;11:47:38;426,95;25,63;376,60;907,43;22,83;79,55;6,21;105,11
06/05/2026;11:57:38;342,88;25,62;376,60;907,44;22,51;81,05;3,26;115,66
06/05/2026;12:07:38;357,14;25,62;376,60;907,18;22,52;80,88;1,21;68,90
06/05/2026;12:17:38;529,95;25,62;376,60;907,05;23,07;79,30;7,80;87,18
06/05/2026;12:27:38;285,90;25,62;376,60;906,98;23,26;79,74;2,72;123,75
06/05/2026;12:37:38;428,02;25,63;376,60;906,90;22,95;79,18;5,21;106,87
06/05/2026;12:47:38;491,41;25,62;376,60;906,72;23,54;77,41;0,40;109,68
06/05/2026;12:57:38;657,70;25,63;376,60;906,66;24,11;76,56;9,25;124,10
06/05/2026;13:07:38;476,30;25,63;376,60;906,53;23,76;77,14;3,29;124,10
06/05/2026;13:17:38;660,28;25,62;376,60;906,32;23,92;76,76;3,62;151,52
06/05/2026;13:27:38;519,09;25,62;376,60;906,26;24,46;75,02;3,60;97,73
06/05/2026;13:37:38;383,55;25,62;376,60;906,14;23,92;76,74;8,39;91,05
06/05/2026;13:47:38;950,15;25,61;376,60;906,03;24,28;75,83;5,37;71,36
06/05/2026;13:57:38;329,10;25,61;376,60;905,86;24,28;74,84;5,26;99,14
06/05/2026;14:07:38;178,70;25,61;376,60;905,65;25,15;72,77;5,08;107,92
06/05/2026;14:17:38;231,52;25,62;376,60;905,64;24,86;74,82;7,48;105,82
06/05/2026;14:27:38;511,26;25,62;376,60;905,53;24,42;74,18;4,22;114,96
06/05/2026;14:37:38;605,66;25,62;376,60;905,39;25,10;72,32;3,95;120,93
06/05/2026;14:47:38;570,89;25,62;376,60;905,27;25,29;72,37;1,66;134,64
06/05/2026;14:57:38;510,62;25,61;376,60;905,22;25,76;70,12;4,00;114,60
06/05/2026;15:07:38;206,91;25,61;376,60;905,18;25,18;72,08;0,44;118,47
06/05/2026;15:17:38;440,12;25,61;376,60;905,18;25,12;70,89;8,30;106,17
06/05/2026;15:27:38;162,93;25,62;376,60;904,98;25,54;70,85;2,89;101,60
06/05/2026;15:37:38;356,10;25,61;376,60;905,06;24,85;73,74;4,40;146,95
06/05/2026;15:47:38;316,00;25,61;376,60;905,07;24,75;73,90;2,60;131,13
06/05/2026;15:57:38;224,11;25,61;376,60;905,14;24,86;73,74;4,53;106,87
06/05/2026;16:07:38;214,33;25,61;376,60;905,25;24,58;74,09;7,76;105,11
06/05/2026;16:17:38;219,35;25,60;376,60;905,25;24,72;74,09;3,71;97,73
06/05/2026;16:27:38;112,61;25,61;376,60;905,36;24,27;75,03;6,60;120,93
06/05/2026;16:37:38;145,83;25,60;376,60;905,34;24,15;76,15;4,78;83,67
06/05/2026;16:47:38;102,89;25,60;376,60;905,36;23,56;77,65;2,84;138,51
06/05/2026;16:57:38;75,26;25,59;376,60;905,42;23,25;78,36;2,61;135,00
06/05/2026;17:07:38;49,55;25,58;376,60;905,48;23,06;78,34;3,50;101,60
06/05/2026;17:17:38;23,95;25,59;376,60;905,53;22,73;79,17;0,37;79,80
06/05/2026;17:27:38;8,42;25,59;376,60;905,55;22,34;80,42;3,71;95,27
06/05/2026;17:37:38;2,78;25,60;376,60;905,60;22,01;81,45;2,02;131,48
06/05/2026;17:47:38;0,68;25,58;376,60;905,68;21,75;81,94;2,33;93,86
06/05/2026;17:57:38;0,16;25,58;376,60;905,71;21,69;81,59;1,90;104,41
06/05/2026;18:07:38;0,11;25,58;376,60;905,87;21,63;81,20;1,31;114,25
06/05/2026;18:17:38;0,11;25,57;376,60;905,96;21,34;81,69;2,37;110,74
06/05/2026;18:27:38;0,11;25,57;376,60;906,14;21,16;81,87;0,38;94,92
06/05/2026;18:37:38;0,12;25,58;376,60;906,28;21,11;81,77;3,92;98,08
06/05/2026;18:47:38;0,09;25,57;376,60;906,45;21,00;82,10;1,38;130,07
06/05/2026;18:57:38;0,11;25,58;376,60;906,63;21,05;82,16;0,00;107,22
06/05/2026;19:07:38;0,11;25,57;376,60;906,77;21,05;82,26;2,18;96,67
06/05/2026;19:17:38;0,12;25,57;376,60;906,81;21,19;82,29;0,00;93,86
06/05/2026;19:27:38;0,11;25,57;376,60;906,88;21,32;82,08;0,00;135,70
06/05/2026;19:37:38;0,13;25,57;376,60;907,01;21,25;82,34;0,00;129,72
06/05/2026;19:47:38;0,10;25,56;376,60;907,08;21,29;82,48;0,00;111,44
06/05/2026;19:57:38;0,11;25,57;376,60;907,14;21,37;82,42;0,00;128,67
06/05/2026;20:07:38;0,11;25,56;376,60;907,23;21,14;82,99;0,00;124,80
06/05/2026;20:17:38;0,11;25,56;376,60;907,25;20,85;83,75;0,00;103,71
06/05/2026;20:27:38;0,09;25,56;376,60;907,27;20,62;84,40;0,00;139,57
06/05/2026;20:37:38;0,11;25,56;376,60;907,21;20,53;84,80;0,00;126,56
06/05/2026;20:47:38;0,11;25,56;376,60;907,12;20,42;84,78;0,00;119,17
06/05/2026;20:57:38;0,12;25,56;376,60;907,12;20,37;83,15;2,59;108,28
06/05/2026;21:07:38;0,12;25,56;376,60;907,11;20,39;82,23;0,76;156,79
06/05/2026;21:17:38;0,08;25,56;376,60;907,14;20,25;82,11;4,69;116,36
06/05/2026;21:27:38;0,10;25,55;376,60;907,20;20,16;82,03;0,00;101,60
06/05/2026;21:37:38;0,10;25,55;376,60;907,25;19,99;82,40;0,00;139,21
06/05/2026;21:47:38;0,12;25,55;376,60;907,19;19,80;82,84;0,00;120,23
06/05/2026;21:57:38;0,13;25,55;376,60;907,09;19,60;83,26;0,00;98,78
06/05/2026;22:07:38;0,11;25,55;376,60;907,06;19,52;83,37;0,00;120,93
06/05/2026;22:17:38;0,12;25,55;376,60;907,11;19,39;83,52;0,00;94,57
06/05/2026;22:27:38;0,12;25,55;376,60;907,18;19,57;83,18;0,00;87,53
06/05/2026;22:37:38;0,12;25,54;376,60;907,26;19,46;83,34;2,21;88,94
06/05/2026;22:47:38;0,12;25,54;376,60;907,27;19,33;83,69;0,37;90,70
06/05/2026;22:57:38;0,12;25,55;376,60;907,21;19,37;83,64;3,55;159,96
06/05/2026;23:07:38;0,13;25,54;376,60;907,22;19,40;83,70;0,55;100,54
06/05/2026;23:17:38;0,10;25,53;376,60;907,22;19,74;83,04;0,38;78,04
06/05/2026;23:27:38;0,10;25,54;376,60;907,16;19,87;82,92;0,60;119,88
06/05/2026;23:37:38;0,12;25,54;376,60;907,10;19,73;83,26;0,69;82,26
06/05/2026;23:47:38;0,09;25,53;376,60;907,08;19,33;84,10;0,53;42,89
06/05/2026;23:57:38;0,12;25,54;376,60;907,00;19,22;84,46;0,00;112,85
07/05/2026;00:07:38;0,10;25,54;376,60;906,92;18,99;85,10;0,94;80,85
07/05/2026;00:17:38;0,09;25,53;376,60;906,89;18,87;85,55;4,48;104,76
07/05/2026;00:27:38;0,11;25,53;376,60;906,83;18,74;85,95;4,10;94,57
07/05/2026;00:37:38;0,11;25,53;376,60;906,78;18,54;86,68;0,49;100,19
07/05/2026;00:47:38;0,12;25,53;376,60;906,85;18,38;87,16;4,58;85,42
07/05/2026;00:57:38;0,13;25,53;376,60;906,75;18,29;87,62;0,38;100,89
07/05/2026;01:07:38;0,09;25,53;376,60;906,59;18,21;87,84;0,38;94,92
07/05/2026;01:17:38;0,12;25,53;376,60;906,44;18,19;87,51;4,06;87,89
07/05/2026;01:27:38;0,11;25,53;376,60;906,34;18,11;87,25;2,80;105,11
07/05/2026;01:37:38;0,09;25,52;376,60;906,27;18,02;87,44;3,36;123,39
07/05/2026;01:47:38;0,12;25,53;376,60;906,24;18,02;87,61;4,50;111,09
07/05/2026;01:56:50;0,11;25,52;376,60;906,16;18,06;87,55;0,39;99,49
07/05/2026;02:06:50;0,12;25,52;376,60;906,21;18,24;87,18;3,11;86,48
07/05/2026;02:16:50;0,12;25,52;376,60;906,06;18,24;87,12;2,41;123,04
07/05/2026;02:26:50;0,11;25,52;376,60;906,06;18,37;87,00;5,20;101,60
07/05/2026;02:36:50;0,13;25,52;376,60;906,10;18,41;86,89;0,64;141,32
07/05/2026;02:46:50;0,11;25,51;376,60;906,03;18,39;87,06;1,55;78,04
07/05/2026;02:56:50;0,12;25,51;376,60;906,04;18,40;87,16;2,88;99,84
07/05/2026;03:06:50;0,12;25,52;376,60;905,97;18,37;87,44;1,81;129,37
07/05/2026;03:16:50;0,11;25,52;376,60;905,92;18,36;87,61;4,97;111,79
07/05/2026;03:26:50;0,10;25,51;376,60;905,93;18,32;87,76;0,00;134,29
07/05/2026;03:36:50;0,13;25,51;376,60;905,91;18,21;87,93;2,00;99,49
07/05/2026;03:46:50;0,12;25,50;376,60;905,82;18,07;88,08;4,31;79,10
07/05/2026;03:56:50;0,09;25,51;376,60;905,81;17,95;88,51;2,52;83,32
07/05/2026;04:06:50;0,14;25,51;376,60;905,78;17,89;88,70;0,00;57,65
07/05/2026;04:16:50;0,10;25,51;376,60;905,77;17,72;89,02;0,00;66,09
07/05/2026;04:26:50;0,11;25,50;376,60;905,71;17,61;89,49;0,76;105,11
07/05/2026;04:36:50;0,11;25,50;376,60;905,75;17,54;89,71;0,00;349,10
07/05/2026;04:46:50;0,11;25,50;376,60;905,80;17,49;90,05;3,22;144,49
07/05/2026;04:56:50;0,11;25,50;376,60;905,76;17,46;90,37;0,68;76,64
07/05/2026;05:06:50;0,10;25,50;376,60;905,72;17,46;90,53;2,78;99,49
07/05/2026;05:16:50;0,11;25,50;376,60;905,78;17,50;90,70;5,22;108,63
07/05/2026;05:26:50;0,12;25,50;376,60;905,86;17,58;90,79;3,40;101,60
07/05/2026;05:36:50;0,15;25,50;376,60;906,01;17,59;90,73;1,05;92,46
07/05/2026;05:46:50;0,48;25,50;376,60;906,13;17,63;90,87;2,42;111,79
07/05/2026;05:56:50;2,21;25,49;376,60;906,21;17,67;90,75;3,13;129,72
07/05/2026;06:06:50;8,10;25,50;376,60;906,29;17,70;90,56;0,00;110,39
07/05/2026;06:16:50;12,91;25,49;376,60;906,36;17,74;90,41;0,37;120,93
07/05/2026;06:26:50;39,46;25,50;376,60;906,41;17,80;90,00;0,58;85,07
07/05/2026;06:36:50;65,32;25,50;376,60;906,38;17,89;89,85;0,39;100,89
07/05/2026;06:46:50;53,37;25,49;376,60;906,39;18,05;89,54;0,00;109,33
07/05/2026;06:56:50;84,56;25,49;376,60;906,38;18,22;88,89;4,74;94,21
07/05/2026;07:06:50;66,45;25,49;376,60;906,45;18,33;88,39;3,48;100,89
07/05/2026;07:16:50;113,71;25,49;376,60;906,44;18,49;88,08;2,44;116,36
07/05/2026;07:26:50;134,77;25,49;376,60;906,52;18,68;87,59;1,94;117,07
07/05/2026;07:36:50;158,00;25,49;376,60;906,61;18,74;87,36;3,15;107,57
07/05/2026;07:46:50;203,57;25,49;376,60;906,71;18,93;87,26;4,64;85,42
07/05/2026;07:56:50;171,00;25,49;376,60;906,78;19,00;86,90;3,56;108,63
07/05/2026;08:06:50;178,54;25,49;376,60;906,79;19,14;86,77;5,02;91,75
07/05/2026;08:16:50;354,71;25,48;376,60;906,92;19,35;86,48;6,15;101,25
07/05/2026;08:26:50;268,47;25,49;376,60;906,82;20,47;83,74;6,15;94,21
07/05/2026;08:36:50;299,99;25,49;376,60;906,90;20,40;83,17;2,09;87,18
07/05/2026;08:46:50;666,15;25,50;376,60;906,89;20,89;82,00;4,44;107,22
07/05/2026;08:56:50;282,99;25,49;376,60;907,02;20,77;81,54;7,54;98,43
07/05/2026;09:06:50;290,02;25,49;376,60;907,06;20,56;82,49;2,59;127,96
07/05/2026;09:16:50;284,81;25,49;376,60;907,11;20,55;82,69;2,93;142,73
07/05/2026;09:26:50;403,21;25,48;376,60;907,14;20,76;82,20;4,69;105,11
07/05/2026;09:36:50;436,98;25,49;376,60;907,15;21,30;82,00;3,71;66,79
07/05/2026;09:46:50;382,14;25,49;376,60;907,06;21,72;80,66;6,84;107,57
07/05/2026;09:55:42;326,04;25,48;376,60;906,94;21,27;81,67;2,50;126,56
07/05/2026;10:05:42;420,30;25,48;376,60;906,88;21,83;80,23;3,91;144,49
07/05/2026;10:15:42;496,71;25,49;376,60;906,77;21,95;79,31;0,38;117,77
07/05/2026;10:25:42;812,39;25,49;376,60;906,66;22,41;78,31;5,87;103,71
07/05/2026;10:35:42;409,76;25,49;376,60;906,62;22,43;78,21;5,43;138,16
07/05/2026;10:45:42;435,55;25,49;376,60;906,55;22,23;78,93;2,78;126,91
07/05/2026;10:55:42;656,00;25,49;376,60;906,45;23,44;77,41;2,72;61,87
07/05/2026;11:05:42;1066,11;25,49;376,60;906,23;23,81;74,31;3,83;156,79
07/05/2026;11:15:42;425,95;25,49;376,60;906,11;23,46;73,67;5,08;140,62
07/05/2026;11:25:42;440,63;25,49;376,60;906,03;23,23;75,01;3,64;86,83
07/05/2026;11:35:42;402,87;25,49;376,60;905,90;23,28;75,06;3,85;133,94
07/05/2026;11:45:42;425,09;25,49;376,60;905,78;23,15;74,78;5,20;116,36
07/05/2026;11:55:42;546,48;25,49;376,60;905,63;23,35;74,60;7,73;113,20
07/05/2026;12:05:42;502,47;25,49;376,60;905,47;23,47;74,41;2,56;102,65
07/05/2026;12:15:42;493,83;25,48;376,60;905,34;23,53;74,53;2,60;72,42
07/05/2026;12:25:42;483,97;25,48;376,60;905,27;23,58;76,05;2,43;104,41
07/05/2026;12:35:42;519,76;25,48;376,60;905,19;23,83;75,29;3,04;115,31
07/05/2026;12:45:42;577,34;25,48;376,60;905,03;23,64;75,53;1,19;94,92
07/05/2026;12:55:42;611,75;25,48;376,60;904,84;24,06;74,63;6,42;103,00
07/05/2026;13:05:42;862,75;25,48;376,60;904,61;24,33;74,09;0,00;101,25
07/05/2026;13:15:42;681,92;25,48;376,60;904,51;24,18;73,80;0,87;97,03
07/05/2026;13:25:42;452,18;25,48;376,60;904,46;24,24;73,92;2,94;97,03
07/05/2026;13:35:42;162,03;25,48;376,60;904,35;24,51;71,29;0,44;139,57
07/05/2026;13:45:42;785,02;25,48;376,60;904,27;23,90;72,00;2,55;117,42
07/05/2026;13:55:42;133,95;25,48;376,60;904,26;25,23;66,55;2,49;84,37
07/05/2026;14:05:42;167,69;25,47;376,60;904,14;25,09;68,18;0,00;82,61
07/05/2026;14:15:42;696,63;25,48;376,60;903,96;25,22;66,07;0,62;116,36
07/05/2026;14:25:42;677,77;25,49;376,60;903,83;25,10;64,33;0,48;78,39
07/05/2026;14:35:42;642,52;25,48;376,60;903,65;26,06;62,94;3,19;89,29
07/05/2026;14:45:42;589,55;25,48;376,60;903,61;26,04;62,08;2,10;119,88
07/05/2026;14:55:42;588,06;25,48;376,60;903,53;25,91;64,08;1,86;122,69
07/05/2026;15:05:42;503,16;25,48;376,60;903,39;26,60;60,47;0,44;112,50
07/05/2026;15:15:42;140,02;25,47;376,60;903,41;26,13;60,32;0,43;86,48
07/05/2026;15:25:42;446,34;25,48;376,60;903,41;26,17;60,64;0,52;116,01
07/05/2026;15:35:42;375,34;25,47;376,60;903,40;26,19;59,38;4,23;106,17
07/05/2026;15:45:42;118,18;25,47;376,60;903,38;25,96;60,20;4,02;116,36
07/05/2026;15:55:42;188,61;25,46;376,60;903,41;25,66;59,88;5,78;103,00
07/05/2026;16:05:42;232,61;25,47;376,60;903,47;25,62;59,29;2,31;96,32
07/05/2026;16:15:42;181,92;25,46;376,60;903,45;25,47;59,82;3,77;71,71
07/05/2026;16:25:42;175,02;25,47;376,60;903,56;25,22;60,43;4,17;100,89
07/05/2026;16:35:42;140,62;25,46;376,60;903,70;25,04;60,86;2,10;103,71
07/05/2026;16:45:42;107,54;25,45;376,60;903,74;24,78;60,71;0,94;90,35
07/05/2026;16:55:42;79,89;25,46;376,60;903,80;24,29;62,96;0,35;94,21
07/05/2026;17:05:42;53,45;25,45;376,60;903,85;24,03;62,40;2,51;100,89
07/05/2026;17:15:42;32,76;25,45;376,60;903,92;23,52;63,47;3,19;101,25
07/05/2026;17:25:42;14,54;25,44;376,60;903,92;22,99;65,30;0,00;117,07
07/05/2026;17:35:42;3,48;25,44;376,60;903,88;22,49;67,33;0,00;68,55
07/05/2026;17:45:42;0,80;25,44;376,60;903,86;22,06;68,63;1,52;128,67
07/05/2026;17:55:42;0,15;25,44;376,60;903,87;21,83;69,44;0,00;117,07
07/05/2026;18:05:42;0,12;25,44;376,60;903,80;21,60;70,29;0,00;109,68
07/05/2026;18:15:42;0,11;25,43;376,60;903,85;21,36;71,40;0,00;85,78
07/05/2026;18:25:42;0,12;25,43;376,60;903,92;21,27;72,08;0,00;87,18
07/05/2026;18:35:42;0,12;25,44;376,60;904,00;21,37;72,52;0,00;117,42
07/05/2026;18:45:42;0,11;25,43;376,60;904,11;21,30;74,02;0,38;147,30
07/05/2026;18:55:42;0,11;25,42;376,60;904,25;21,27;74,99;1,84;120,93
07/05/2026;19:05:42;0,11;25,43;376,60;904,30;20,98;76,56;0,00;139,57
07/05/2026;19:15:42;0,11;25,43;376,60;904,41;20,79;78,05;0,37;55,54
07/05/2026;19:25:42;0,13;25,42;376,60;904,54;20,73;78,87;3,01;145,19
07/05/2026;19:35:42;0,13;25,43;376,60;904,64;20,78;79,07;0,00;100,54
07/05/2026;19:45:42;0,13;25,42;376,60;904,66;20,63;79,59;0,39;97,38
07/05/2026;19:55:42;0,11;25,42;376,60;904,85;20,54;79,85;0,00;150,82
07/05/2026;20:05:42;0,11;25,42;376,60;905,00;20,44;80,05;0,00;113,90
07/05/2026;20:15:42;0,11;25,42;376,60;905,12;20,26;80,40;0,00;101,60
07/05/2026;20:25:42;0,12;25,42;376,60;905,22;20,16;80,52;0,00;124,10
07/05/2026;20:35:42;0,11;25,41;376,60;905,26;20,17;80,42;0,42;99,49
07/05/2026;20:45:42;0,11;25,42;376,60;905,23;20,16;80,75;3,21;129,02
07/05/2026;20:55:42;0,11;25,42;376,60;905,41;20,25;81,19;0,38;123,04
07/05/2026;21:05:42;0,11;25,41;376,60;905,39;20,05;82,18;2,95;109,68
07/05/2026;21:15:42;0,11;25,41;376,60;905,48;19,92;82,75;4,12;53,43
07/05/2026;21:25:42;0,10;25,41;376,60;905,54;19,81;83,17;0,89;108,28
07/05/2026;21:35:42;0,11;25,41;376,60;905,61;19,62;83,65;4,88;90,35
07/05/2026;21:45:42;0,11;25,40;376,60;905,60;19,42;84,09;2,17;83,67
07/05/2026;21:55:42;0,12;25,41;376,60;905,64;19,32;84,30;4,89;91,75
07/05/2026;22:05:42;0,11;25,41;376,60;905,63;19,17;84,51;0,43;105,46
07/05/2026;22:15:42;0,11;25,41;376,60;905,67;19,15;84,62;2,87;81,91
07/05/2026;22:25:42;0,10;25,40;376,60;905,76;19,15;84,48;2,32;113,90
07/05/2026;22:35:42;0,12;25,40;376,60;905,67;19,06;84,68;0,39;103,71
07/05/2026;22:45:42;0,11;25,39;376,60;905,61;18,88;85,16;3,16;98,08
07/05/2026;22:55:42;0,10;25,40;376,60;905,61;18,82;85,40;4,22;108,63
07/05/2026;23:05:42;0,10;25,40;376,60;905,60;18,76;85,59;0,94;126,91
07/05/2026;23:15:42;0,12;25,40;376,60;905,54;18,57;86,02;0,81;131,48
07/05/2026;23:25:42;0,11;25,40;376,60;905,52;18,49;86,17;4,34;116,36
07/05/2026;23:35:42;0,11;25,39;376,60;905,56;18,38;86,48;0,39;110,39
07/05/2026;23:45:42;0,11;25,39;376,60;905,59;18,32;86,68;0,38;129,72
07/05/2026;23:55:42;0,12;25,39;376,60;905,46;18,27;86,93;2,95;101,25
08/05/2026;00:05:42;0,14;25,39;376,60;905,47;18,22;87,10;4,41;104,06
08/05/2026;00:15:42;0,12;25,39;376,60;905,39;18,13;87,36;3,60;101,25
08/05/2026;00:25:42;0,11;25,38;376,60;905,28;17,96;87,76;2,14;158,90
08/05/2026;00:35:42;0,11;25,39;376,60;905,20;17,88;88,15;1,60;104,06
08/05/2026;00:45:42;0,11;25,38;376,60;905,19;17,83;88,51;0,43;116,71
08/05/2026;00:55:42;0,11;25,39;376,60;905,22;17,89;88,70;3,97;107,57
08/05/2026;01:05:42;0,12;25,38;376,60;905,00;17,88;88,75;5,39;95,97
08/05/2026;01:15:42;0,11;25,38;376,60;904,89;17,84;88,89;4,10;87,89
08/05/2026;01:25:42;0,10;25,38;376,60;904,79;17,82;89,00;5,88;118,82
08/05/2026;01:35:42;0,11;25,38;376,60;904,76;17,65;89,34;2,66;117,07
08/05/2026;01:45:42;0,12;25,38;376,60;904,64;17,54;89,63;0,55;93,86
08/05/2026;01:55:42;0,12;25,38;376,60;904,57;17,48;89,85;3,42;114,60
08/05/2026;02:05:42;0,09;25,38;376,60;904,59;17,35;90,00;3,63;68,90
08/05/2026;02:15:42;0,13;25,37;376,60;904,52;17,28;90,26;2,82;100,89
08/05/2026;02:25:42;0,12;25,37;376,60;904,48;17,26;90,45;2,02;58,71
08/05/2026;02:35:42;0,11;25,37;376,60;904,35;17,22;90,62;0,00;106,52
08/05/2026;02:45:42;0,12;25,37;376,60;904,40;17,21;90,76;2,74;106,87
08/05/2026;02:55:42;0,10;25,37;376,60;904,32;17,22;90,89;5,17;95,27
08/05/2026;03:05:42;0,13;25,37;376,60;904,36;17,28;90,92;3,40;95,27
08/05/2026;03:15:42;0,11;25,37;376,60;904,36;17,29;90,92;2,33;111,09
08/05/2026;03:25:42;0,12;25,37;376,60;904,37;17,32;91,02;4,62;103,35
08/05/2026;03:35:42;0,11;25,37;376,60;904,41;17,34;91,10;2,59;80,50
08/05/2026;03:45:42;0,12;25,37;376,60;904,39;17,35;91,21;4,18;100,19
08/05/2026;03:55:42;0,11;25,37;376,60;904,35;17,32;91,21;1,79;84,02
08/05/2026;04:05:42;0,11;25,36;376,60;904,45;17,31;91,24;3,90;100,89
08/05/2026;04:15:42;0,10;25,36;376,60;904,43;17,29;91,27;6,36;100,54
08/05/2026;04:25:42;0,10;25,36;376,60;904,50;17,24;91,34;0,00;68,20
08/05/2026;04:35:42;0,11;25,37;376,60;904,61;17,21;91,41;0,00;88,24
08/05/2026;04:45:42;0,12;25,36;376,60;904,64;17,21;91,50;2,67;103,00
08/05/2026;04:55:42;0,10;25,36;376,60;904,70;17,24;91,58;1,31;87,89
08/05/2026;05:05:42;0,12;25,36;376,60;904,82;17,26;91,69;0,00;109,68
08/05/2026;05:15:42;0,09;25,37;376,60;904,90;17,28;91,72;3,14;79,80
08/05/2026;05:25:42;0,12;25,36;376,60;904,96;17,24;91,80;3,48;127,61
08/05/2026;05:35:42;0,16;25,35;376,60;905,07;17,26;91,85;0,40;73,12
08/05/2026;05:45:42;0,63;25,35;376,60;905,13;17,21;91,91;1,72;81,91
08/05/2026;05:55:42;2,64;25,36;376,60;905,10;17,21;91,99;4,50;92,46
08/05/2026;06:05:42;7,20;25,36;376,60;905,19;17,24;92,05;0,35;83,67
08/05/2026;06:15:42;17,93;25,36;376,60;905,23;17,25;92,10;0,00;124,45
08/05/2026;06:25:42;39,65;25,35;376,60;905,43;17,26;92,16;2,62;69,96
08/05/2026;06:35:42;58,52;25,35;376,60;905,55;17,38;92,26;0,00;94,92
08/05/2026;06:45:42;53,14;25,35;376,60;905,74;17,36;92,14;0,41;121,64
08/05/2026;06:55:42;62,27;25,36;376,60;905,95;17,44;92,26;6,61;119,17
08/05/2026;07:05:42;80,88;25,35;376,60;906,05;17,53;92,30;1,47;108,28
08/05/2026;07:15:42;101,85;25,35;376,60;906,28;17,65;92,22;0,37;114,25
08/05/2026;07:25:42;135,94;25,36;376,60;906,40;17,70;92,10;4,37;95,62
08/05/2026;07:35:42;180,34;25,36;376,60;906,46;17,94;92,03;3,29;130,78
08/05/2026;07:45:42;265,63;25,35;376,60;906,54;18,67;91,76;0,37;83,32
08/05/2026;07:55:42;300,71;25,37;376,60;906,66;19,43;87,72;0,00;114,25
08/05/2026;08:05:42;242,04;25,36;376,60;906,89;19,46;86,28;6,23;97,38
08/05/2026;08:15:42;281,77;25,36;376,60;907,04;19,37;86,09;2,56;92,46
08/05/2026;08:25:42;236,06;25,35;376,60;907,27;19,52;86,45;1,60;115,31
08/05/2026;08:35:42;226,44;25,35;376,60;907,40;19,45;85,86;0,39;105,11
08/05/2026;08:45:42;257,05;25,35;376,60;907,42;19,92;85,50;0,00;81,56
08/05/2026;08:55:42;440,05;25,35;376,60;907,45;20,37;84,23;1,49;57,30
08/05/2026;09:05:42;376,19;25,36;376,60;907,57;20,90;83,20;5,34;111,09
08/05/2026;09:15:42;393,00;25,35;376,60;907,69;20,73;82,93;6,42;110,39
08/05/2026;09:25:42;444,48;25,36;376,60;907,79;20,70;83,04;5,71;105,11
08/05/2026;09:35:42;360,39;25,36;376,60;907,80;20,61;83,30;0,35;81,56
08/05/2026;09:45:42;697,98;25,35;376,60;907,74;20,72;83,20;3,51;94,21
08/05/2026;09:55:42;501,90;25,36;376,60;907,74;20,81;83,48;4,11;86,48
08/05/2026;10:05:42;853,71;25,36;376,60;907,64;21,60;82,40;0,00;80,85
08/05/2026;10:15:42;333,80;25,36;376,60;907,62;21,58;81,10;4,06;98,78
08/05/2026;10:25:42;422,12;25,35;376,60;907,46;21,67;81,27;4,63;81,91
08/05/2026;10:35:42;397,77;25,36;376,60;907,42;21,67;81,44;3,35;98,43
08/05/2026;10:45:42;510,29;25,35;376,60;907,35;22,05;79,97;0,53;91,40
08/05/2026;10:55:42;437,64;25,36;376,60;907,23;22,44;77,41;0,43;117,77
08/05/2026;11:05:42;595,24;25,36;376,60;907,14;22,71;76,15;5,28;122,69
08/05/2026;11:15:42;881,44;25,36;376,60;906,96;23,37;76,50;3,32;103,00
08/05/2026;11:25:42;463,38;25,37;376,60;906,89;22,85;75,59;3,19;132,53
08/05/2026;11:35:42;629,38;25,36;376,60;906,74;22,99;75,42;3,53;105,46
08/05/2026;11:45:42;703,16;25,36;376,60;906,71;23,30;76,02;1,14;90,00
08/05/2026;11:55:42;385,86;25,35;376,60;906,63;23,89;72,29;6,53;98,08
08/05/2026;12:05:42;296,38;25,36;376,60;906,47;23,44;72,71;1,30;108,28
08/05/2026;12:15:42;339,21;25,36;376,60;906,32;24,82;67,72;2,73;342,42
08/05/2026;12:25:42;1025,91;25,36;376,60;906,21;24,26;69,27;0,72;322,03
08/05/2026;12:35:42;1168,69;25,36;376,60;906,06;24,90;68,10;4,28;100,54
08/05/2026;12:45:42;488,43;25,35;376,60;905,91;25,08;65,41;3,17;76,28
08/05/2026;12:55:42;351,09;25,36;376,60;905,82;24,18;68,40;4,30;122,69
08/05/2026;13:05:42;682,29;25,36;376,60;905,70;24,58;69,01;4,73;98,78
08/05/2026;13:15:42;323,73;25,35;376,60;905,63;24,41;68,50;0,42;105,46
08/05/2026;13:25:42;298,54;25,36;376,60;905,43;25,53;65,57;2,83;128,67
08/05/2026;13:35:42;818,34;25,36;376,60;905,27;25,00;66,34;1,72;128,32
08/05/2026;13:45:42;231,76;25,35;376,60;905,18;24,80;67,55;3,36;133,94
08/05/2026;13:55:42;735,74;25,36;376,60;904,94;25,62;65,75;4,17;117,77
08/05/2026;14:05:42;719,82;25,35;376,60;904,77;25,75;65,14;0,41;143,78
08/05/2026;14:15:42;762,13;25,36;376,60;904,65;25,45;65,16;3,41;102,30
08/05/2026;14:25:42;776,27;25,36;376,60;904,67;25,79;62,88;4,85;101,60
08/05/2026;14:35:42;581,17;25,35;376,60;904,60;24,97;65,73;2,23;123,39
08/05/2026;14:45:42;564,79;25,36;376,60;904,60;25,69;63,23;3,57;72,42
08/05/2026;14:55:42;616,82;25,35;376,60;904,54;25,57;64,95;3,06;93,86
08/05/2026;15:05:42;132,58;25,35;376,60;904,44;25,54;62,98;2,14;126,91
08/05/2026;15:15:50;443,34;25,35;376,60;904,32;25,74;63,34;0,41;92,10
08/05/2026;15:25:50;448,39;25,35;376,60;904,27;26,23;61,47;0,40;73,12
08/05/2026;15:35:50;365,40;25,35;376,60;904,31;25,95;62,20;4,44;144,49
08/05/2026;15:45:50;347,38;25,35;376,60;904,27;25,92;62,85;0,43;74,88
08/05/2026;15:55:50;223,87;25,35;376,60;904,26;25,20;65,53;4,54;99,49
08/05/2026;16:05:50;180,83;25,34;376,60;904,21;25,32;64,07;3,63;105,82
08/05/2026;16:15:50;182,16;25,34;376,60;904,22;25,29;64,01;0,43;124,10
08/05/2026;16:25:50;172,83;25,34;376,60;904,27;24,97;65,38;2,00;94,57
08/05/2026;16:35:50;147,17;25,34;376,60;904,35;24,69;66,99;0,41;79,45
08/05/2026;16:45:50;107,04;25,33;376,60;904,37;24,31;67,75;0,00;64,68
08/05/2026;16:55:50;78,22;25,34;376,60;904,34;24,03;69,30;0,39;123,04
08/05/2026;17:05:50;52,45;25,33;376,60;904,47;23,50;71,56;3,51;113,20
08/05/2026;17:15:50;32,08;25,33;376,60;904,52;23,05;73,54;0,53;112,14
08/05/2026;17:25:50;12,93;25,32;376,60;904,54;22,52;75,92;0,42;128,32
08/05/2026;17:35:50;3,28;25,33;376,60;904,57;22,12;77,68;0,00;98,08
08/05/2026;17:45:50;0,79;25,32;376,60;904,65;21,72;78,69;0,00;129,72
08/05/2026;17:55:50;0,15;25,32;376,60;904,67;21,38;79,54;0,00;114,96
08/05/2026;18:05:50;0,13;25,32;376,60;904,59;21,16;79,95;0,44;143,78
08/05/2026;18:15:50;0,13;25,31;376,60;904,55;20,81;80,78;0,00;119,88
08/05/2026;18:25:50;0,10;25,31;376,60;904,65;20,54;81,69;0,00;170,50
08/05/2026;18:35:50;0,12;25,31;376,60;904,71;20,37;82,42;0,00;118,12
08/05/2026;18:45:50;0,12;25,31;376,60;904,76;20,30;83,12;0,00;86,48
08/05/2026;18:55:50;0,12;25,31;376,60;904,78;20,20;83,52;0,39;110,39
08/05/2026;19:05:50;0,12;25,30;376,60;904,74;20,24;83,91;1,79;100,89
08/05/2026;19:15:50;0,12;25,30;376,60;904,79;20,11;84,39;0,37;120,93
08/05/2026;19:25:50;0,11;25,30;376,60;904,89;20,07;84,43;3,83;105,82
08/05/2026;19:35:50;0,12;25,30;376,60;904,98;19,97;84,68;1,39;93,16
08/05/2026;19:45:50;0,12;25,30;376,60;905,00;19,83;84,84;0,00;67,14
08/05/2026;19:55:50;0,11;25,30;376,60;905,04;19,74;84,82;0,00;90,00
08/05/2026;20:05:50;0,10;25,29;376,60;905,08;19,60;84,90;0,00;111,44
08/05/2026;20:15:50;0,11;25,29;376,60;905,21;19,57;84,82;0,00;124,10
08/05/2026;20:25:50;0,11;25,30;376,60;905,28;19,47;85,03;0,00;123,04
08/05/2026;20:35:50;0,10;25,29;376,60;905,32;19,33;85,32;0,00;106,52
08/05/2026;20:45:50;0,10;25,29;376,60;905,31;19,15;85,75;0,00;89,64
08/05/2026;20:55:50;0,10;25,29;376,60;905,22;19,00;85,99;0,00;126,56
08/05/2026;21:05:50;0,11;25,29;376,60;905,33;19,08;85,64;0,00;91,75
08/05/2026;21:15:50;0,13;25,29;376,60;905,42;19,20;85,09;0,00;122,34
08/05/2026;21:25:50;0,11;25,29;376,60;905,36;19,09;85,20;0,00;87,89
08/05/2026;21:35:50;0,10;25,29;376,60;905,33;18,97;85,22;0,00;140,62
08/05/2026;21:45:50;0,10;25,28;376,60;905,32;18,84;85,34;0,00;89,29
08/05/2026;21:55:50;0,12;25,28;376,60;905,40;18,82;85,15;0,00;125,15
08/05/2026;22:05:50;0,12;25,28;376,60;905,41;18,77;85,18;0,00;74,53
08/05/2026;22:15:50;0,12;25,28;376,60;905,45;18,67;85,30;0,00;119,53
08/05/2026;22:25:50;0,12;25,28;376,60;905,49;18,58;85,42;0,00;85,42
08/05/2026;22:35:50;0,12;25,28;376,60;905,59;18,52;85,77;0,00;49,92
08/05/2026;22:45:50;0,11;25,27;376,60;905,67;18,46;86,00;0,00;88,94
08/05/2026;22:55:50;0,12;25,28;376,60;905,75;18,40;86,37;0,00;111,44
08/05/2026;23:05:50;0,11;25,26;376,60;905,81;18,40;86,42;0,00;135,00
08/05/2026;23:15:50;0,10;25,27;376,60;905,86;18,28;86,60;0,00;107,92
08/05/2026;23:25:50;0,13;25,27;376,60;905,87;18,07;86,95;0,00;118,12
08/05/2026;23:35:50;0,11;25,28;376,60;905,88;17,94;87,21;0,00;115,66
08/05/2026;23:45:50;0,12;25,26;376,60;905,83;17,84;87,51;0,00;101,60
08/05/2026;23:55:50;0,11;25,27;376,60;905,86;17,72;87,44;0,00;103,35
09/05/2026;00:05:50;0,12;25,28;376,60;905,81;17,47;87,76;0,00;119,53
09/05/2026;00:15:50;0,10;25,27;376,60;905,71;17,39;88,27;0,42;102,30
09/05/2026;00:25:50;0,13;25,27;376,60;905,61;17,60;88,03;0,00;94,92
09/05/2026;00:35:50;0,12;25,27;376,60;905,56;17,41;88,08;0,00;94,57
09/05/2026;00:45:50;0,10;25,27;376,60;905,55;17,26;88,51;0,00;115,66
09/05/2026;00:55:50;0,12;25,27;376,60;905,53;17,24;88,61;0,00;101,60
09/05/2026;01:05:50;0,11;25,27;376,60;905,48;17,15;88,92;0,00;108,98
09/05/2026;01:15:50;0,10;25,27;376,60;905,42;17,01;88,73;0,00;88,94
09/05/2026;01:25:50;0,12;25,26;376,60;905,35;16,65;88,32;0,00;90,00
09/05/2026;01:35:50;0,13;25,26;376,60;905,26;15,99;88,73;0,00;90,35
09/05/2026;01:45:50;0,12;25,27;376,60;905,21;16,26;90,21;0,00;92,46
09/05/2026;01:55:50;0,12;25,26;376,60;905,20;16,39;90,21;0,00;79,10
09/05/2026;02:05:50;0,10;25,26;376,60;905,18;16,25;90,36;0,00;129,37
09/05/2026;02:15:50;0,12;25,27;376,60;905,15;16,52;90,58;0,00;73,82
09/05/2026;02:25:50;0,13;25,27;376,60;905,15;16,73;90,73;0,00;92,46
09/05/2026;02:35:50;0,10;25,27;376,60;905,04;17,04;90,93;0,46;116,36
09/05/2026;02:45:50;0,11;25,27;376,60;904,99;17,24;90,84;0,37;123,75
09/05/2026;02:55:50;0,11;25,27;376,60;905,03;17,35;90,93;0,38;102,30
09/05/2026;03:05:50;0,11;25,27;376,60;904,96;17,37;90,93;0,40;105,82
09/05/2026;03:15:50;0,11;25,26;376,60;904,96;17,36;90,96;0,00;59,41
09/05/2026;03:25:50;0,11;25,26;376,60;904,87;17,31;90,99;0,00;133,59
09/05/2026;03:26:31;0,10;25,27;376,60;904,88;17,31;90,99;0,00;148,00
09/05/2026;03:36:31;0,10;25,26;376,60;904,87;17,29;90,95;0,00;68,90
09/05/2026;03:46:31;0,11;25,27;376,60;905,02;17,19;90,95;0,39;124,10
09/05/2026;03:56:31;0,14;25,26;376,60;905,07;17,19;90,86;0,00;114,96
09/05/2026;04:06:31;0,11;25,26;376,60;905,16;17,19;90,59;0,38;69,96
09/05/2026;04:16:31;0,11;25,26;376,60;905,11;17,14;90,18;0,50;110,74
09/05/2026;04:26:31;0,12;25,26;376,60;905,05;17,09;90,02;0,00;85,42
09/05/2026;04:36:31;0,10;25,26;376,60;905,11;17,06;90,11;0,39;92,46
09/05/2026;04:46:31;0,10;25,26;376,60;905,18;17,00;90,21;0,00;116,71
09/05/2026;04:56:31;0,12;25,26;376,60;905,26;16,95;90,26;0,34;113,55
09/05/2026;05:06:31;0,11;25,26;376,60;905,26;16,81;90,37;0,94;93,51
09/05/2026;05:16:31;0,11;25,26;376,60;905,33;16,72;90,60;0,00;100,54
09/05/2026;05:26:31;0,13;25,26;376,60;905,49;16,72;90,85;0,00;112,14
09/05/2026;05:36:31;0,16;25,26;376,60;905,63;16,65;91,04;0,00;111,79
09/05/2026;05:46:31;0,81;25,25;376,60;905,72;16,63;91,26;0,00;132,89
09/05/2026;05:56:31;3,37;25,25;376,60;905,78;16,62;91,40;0,39;112,14
09/05/2026;06:06:31;8,11;25,25;376,60;905,93;16,61;91,47;0,00;110,03
09/05/2026;06:16:31;13,74;25,25;376,60;906,06;16,63;91,59;0,00;134,29
09/05/2026;06:26:31;44,86;25,25;376,60;906,25;16,71;91,69;0,52;111,44
09/05/2026;06:36:31;38,94;25,25;376,60;906,33;16,74;91,67;0,00;122,34
09/05/2026;06:46:31;63,94;25,25;376,60;906,43;16,81;91,71;0,00;79,80
09/05/2026;06:56:31;96,66;25,25;376,60;906,41;16,96;91,67;0,00;79,80
09/05/2026;07:06:31;132,80;25,25;376,60;906,52;17,10;91,37;0,34;91,75
09/05/2026;07:16:31;491,12;25,25;376,60;906,57;17,53;90,92;4,50;99,84
09/05/2026;07:26:31;402,87;25,27;376,60;906,81;18,22;88,89;2,96;85,07
09/05/2026;07:36:31;350,26;25,25;376,60;906,85;18,48;87,16;4,69;95,97
09/05/2026;07:46:31;430,88;25,25;376,60;907,01;19,17;85,84;2,24;100,54
09/05/2026;07:56:31;462,95;25,25;376,60;907,12;19,50;84,58;4,26;112,85
09/05/2026;08:06:31;497,90;25,26;376,60;907,30;20,04;83,49;0,00;161,36
09/05/2026;08:16:31;533,11;25,26;376,60;907,50;20,13;82,75;3,54;92,46
09/05/2026;08:26:31;573,67;25,26;376,60;907,61;20,33;82,23;4,08;136,40
09/05/2026;08:36:31;612,85;25,26;376,60;907,72;20,26;81,36;5,40;78,75
09/05/2026;08:46:31;641,03;25,26;376,60;907,79;20,58;80,99;3,26;94,21
09/05/2026;08:56:31;686,99;25,26;376,60;907,85;21,14;78,34;5,77;58,35
09/05/2026;09:06:31;725,31;25,26;376,60;907,91;21,27;78,59;2,72;101,60
09/05/2026;09:16:31;736,84;25,27;376,60;907,92;21,60;79,08;0,39;96,32
09/05/2026;09:26:31;774,55;25,26;376,60;907,94;22,04;76,59;2,68;96,32
09/05/2026;09:36:31;764,78;25,28;376,60;908,03;22,23;76,33;3,91;98,43
09/05/2026;09:46:31;831,15;25,26;376,60;907,96;22,66;73,12;0,38;58,35
09/05/2026;09:56:31;819,75;25,27;376,60;908,05;23,01;72,13;5,32;124,80
09/05/2026;10:06:31;885,71;25,27;376,60;908,04;23,58;72,12;0,00;121,64
09/05/2026;10:16:31;858,77;25,27;376,60;907,97;23,28;70,31;3,71;47,81
09/05/2026;10:26:31;938,99;25,27;376,60;907,80;23,88;70,53;1,93;98,78
09/05/2026;10:36:31;863,66;25,27;376,60;907,80;24,20;69,01;3,69;121,64
09/05/2026;10:46:31;857,75;25,27;376,60;907,64;24,59;67,85;0,00;100,89
09/05/2026;10:56:31;892,78;25,26;376,60;907,57;24,32;65,22;6,32;124,10
09/05/2026;11:06:31;991,42;25,28;376,60;907,49;24,75;67,25;4,16;96,67
09/05/2026;11:16:31;927,54;25,28;376,60;907,39;25,04;65,00;0,52;136,75
09/05/2026;11:26:31;949,83;25,27;376,60;907,14;24,63;65,75;4,48;98,08
09/05/2026;11:36:31;926,70;25,26;376,60;907,17;24,97;61,98;4,68;67,50
09/05/2026;11:46:31;899,06;25,26;376,60;907,03;25,51;61,49;0,00;173,67
09/05/2026;11:56:31;892,57;25,27;376,60;906,75;25,84;59,85;3,58;134,64
09/05/2026;12:06:31;829,62;25,27;376,60;906,79;25,83;59,17;3,29;131,13
09/05/2026;12:16:31;880,23;25,27;376,60;906,52;26,27;58,26;3,40;137,81
09/05/2026;12:26:31;887,67;25,27;376,60;906,48;26,80;57,15;0,40;60,82
09/05/2026;12:33:46;953,12;25,26;376,60;906,38;26,50;56,11;4,57;68,20
09/05/2026;12:43:46;947,72;25,27;376,60;906,31;26,16;56,97;0,64;85,07
09/05/2026;12:53:46;939,91;25,27;376,60;906,14;26,79;55,90;0,38;116,36
09/05/2026;13:03:46;908,73;25,27;376,60;905,98;26,91;54,43;2,32;118,82
09/05/2026;13:13:46;887,75;25,27;376,60;905,72;27,38;53,54;2,13;94,92
09/05/2026;13:23:46;867,91;25,26;376,60;905,57;27,26;53,69;1,65;53,78
09/05/2026;13:33:46;805,74;25,26;376,60;905,49;27,16;53,93;1,70;129,37
09/05/2026;13:43:46;777,59;25,26;376,60;905,43;27,81;50,69;3,08;87,53
09/05/2026;13:53:46;743,62;25,26;376,60;905,27;28,10;49,56;5,29;122,34
09/05/2026;14:03:46;727,79;25,26;376,60;905,17;27,87;50,18;2,65;128,67
09/05/2026;14:13:46;687,49;25,27;376,60;905,13;27,99;50,52;0,38;144,84
09/05/2026;14:23:46;661,53;25,26;376,60;905,00;28,04;52,17;0,38;106,52
09/05/2026;14:33:46;619,14;25,26;376,60;904,98;28,06;51,01;0,00;126,21
09/05/2026;14:43:46;601,91;25,26;376,60;904,96;27,83;52,53;0,69;129,37
09/05/2026;14:53:46;551,14;25,26;376,60;904,75;27,40;53,04;0,00;127,61
09/05/2026;15:03:46;516,80;25,26;376,60;904,70;27,84;52,36;1,31;119,88
09/05/2026;15:13:46;499,88;25,26;376,60;904,63;27,87;53,12;0,58;118,12
09/05/2026;15:23:46;420,84;25,25;376,60;904,65;27,75;54,01;1,61;103,35
09/05/2026;15:33:46;429,58;25,26;376,60;904,68;27,46;55,40;1,41;147,30
09/05/2026;15:43:46;336,59;25,25;376,60;904,76;26,62;58,15;1,34;102,65
09/05/2026;15:53:46;178,60;25,25;376,60;904,79;25,99;61,44;0,00;46,40
09/05/2026;16:03:46;218,21;25,26;376,60;904,92;26,51;61,62;2,02;90,70
09/05/2026;16:13:46;248,45;25,25;376,60;904,91;26,39;61,83;0,42;67,14
09/05/2026;16:23:46;185,04;25,25;376,60;904,94;26,51;62,89;0,00;65,03
09/05/2026;16:33:46;164,73;25,25;376,60;905,07;26,23;63,18;4,50;105,11
09/05/2026;16:43:46;155,41;25,24;376,60;905,14;25,78;65,14;1,61;116,71
09/05/2026;16:53:46;109,23;25,24;376,60;905,17;25,81;65,20;3,79;124,45
09/05/2026;17:03:46;76,80;25,24;376,60;905,21;25,33;66,75;0,39;92,81
09/05/2026;17:13:46;43,85;25,24;376,60;905,23;24,88;68,38;0,40;116,36
09/05/2026;17:23:46;15,82;25,24;376,60;905,27;24,32;70,34;0,00;96,32
09/05/2026;17:33:46;3,89;25,24;376,60;905,32;23,75;71,96;0,00;107,92
09/05/2026;17:43:46;0,97;25,24;376,60;905,25;23,38;73,21;0,00;130,07
09/05/2026;17:53:46;0,16;25,23;376,60;905,31;23,08;74,01;0,34;102,30
09/05/2026;18:03:46;0,12;25,23;376,60;905,38;22,72;75,02;0,00;138,86
09/05/2026;18:13:46;0,12;25,23;376,60;905,43;22,52;75,50;0,00;114,60
09/05/2026;18:23:46;0,12;25,23;376,60;905,49;22,25;76,22;0,00;110,03
09/05/2026;18:33:46;0,10;25,23;376,60;905,52;22,10;77,02;0,00;126,56
09/05/2026;18:43:46;0,13;25,23;376,60;905,64;21,92;78,16;0,00;98,43
09/05/2026;18:53:46;0,12;25,23;376,60;905,69;21,91;79,56;3,78;107,92
09/05/2026;19:03:46;0,10;25,23;376,60;905,74;21,91;80,93;3,38;82,26
09/05/2026;19:13:46;0,11;25,23;376,60;905,82;21,67;82,20;0,43;129,37
09/05/2026;19:23:46;0,11;25,22;376,60;905,87;21,57;82,71;4,11;128,67
09/05/2026;19:33:46;0,11;25,23;376,60;905,94;21,42;83,33;0,39;50,62
09/05/2026;19:43:46;0,12;25,22;376,60;905,99;21,47;83,22;1,86;120,93
09/05/2026;19:53:46;0,12;25,22;376,60;906,14;21,50;82,99;0,00;107,57
09/05/2026;20:03:46;0,11;25,22;376,60;906,18;21,58;82,57;3,32;84,37
09/05/2026;20:13:46;0,11;25,22;376,60;906,21;21,67;82,11;3,36;99,14
09/05/2026;20:23:46;0,11;25,22;376,60;906,24;21,60;81,84;0,00;124,10
09/05/2026;20:33:46;0,12;25,22;376,60;906,35;21,50;81,96;3,05;84,02
09/05/2026;20:43:46;0,11;25,22;376,60;906,39;21,25;81,98;0,00;113,90
09/05/2026;20:53:46;0,13;25,22;376,60;906,44;21,01;82,38;0,00;90,00
09/05/2026;21:03:46;0,12;25,21;376,60;906,49;20,84;82,56;0,00;121,28
09/05/2026;21:13:46;0,11;25,21;376,60;906,46;20,63;82,98;0,00;92,10
09/05/2026;21:23:46;0,12;25,21;376,60;906,48;20,46;83,13;0,00;133,59
09/05/2026;21:33:46;0,12;25,21;376,60;906,52;20,43;83,15;2,59;91,40
09/05/2026;21:43:46;0,12;25,21;376,60;906,57;20,27;83,54;0,00;36,56
09/05/2026;21:53:46;0,10;25,20;376,60;906,53;20,04;83,98;0,00;142,38
09/05/2026;22:03:46;0,12;25,21;376,60;906,56;19,76;84,64;0,00;113,90
09/05/2026;22:13:46;0,13;25,21;376,60;906,61;19,58;85,13;0,00;138,16
09/05/2026;22:23:46;0,12;25,22;376,60;906,63;19,60;84,90;0,00;88,24
09/05/2026;22:33:46;0,11;25,21;376,60;906,62;19,52;84,61;3,10;84,72
09/05/2026;22:43:46;0,12;25,21;376,60;906,67;19,31;84,55;3,04;105,82
09/05/2026;22:53:46;0,13;25,21;376,60;906,70;19,18;84,40;0,00;83,32
09/05/2026;23:03:46;0,12;25,20;376,60;906,70;19,06;84,56;0,00;113,90
09/05/2026;23:13:46;0,12;25,20;376,60;906,64;18,89;85,02;0,43;92,46
09/05/2026;23:23:46;0,10;25,20;376,60;906,54;18,82;85,26;0,00;111,44
09/05/2026;23:33:46;0,10;25,20;376,60;906,55;18,64;85,66;0,00;93,51
09/05/2026;23:43:46;0,10;25,20;376,60;906,48;18,52;85,93;2,73;108,98
09/05/2026;23:53:46;0,12;25,20;376,60;906,41;18,33;86,32;2,81;101,25
10/05/2026;00:03:46;0,12;25,20;376,60;906,44;18,26;86,63;0,00;59,06
10/05/2026;00:13:46;0,13;25,20;376,60;906,50;18,06;87,00;0,00;101,60
10/05/2026;00:23:46;0,09;25,20;376,60;906,50;17,93;87,38;3,22;72,42
10/05/2026;00:33:46;0,11;25,19;376,60;906,45;17,84;87,65;4,38;93,51
10/05/2026;00:43:46;0,10;25,20;376,60;906,36;17,77;87,89;4,01;119,17
10/05/2026;00:53:46;0,12;25,20;376,60;906,24;17,63;88,23;2,77;106,87
10/05/2026;01:03:46;0,12;25,20;376,60;906,10;17,52;88,59;1,48;12,65
10/05/2026;01:13:46;0,12;25,20;376,60;906,05;17,41;88,80;2,62;106,52
10/05/2026;01:23:46;0,11;25,19;376,60;906,07;17,24;89,08;2,90;98,78
10/05/2026;01:33:46;0,12;25,19;376,60;906,07;17,15;89,35;0,00;108,28
10/05/2026;01:43:46;0,10;25,20;376,60;906,05;17,15;89,44;3,28;86,83
10/05/2026;01:53:46;0,11;25,19;376,60;906,18;17,15;89,41;0,00;118,82
10/05/2026;02:03:46;0,12;25,19;376,60;906,17;17,15;89,38;2,10;99,49
10/05/2026;02:13:46;0,11;25,18;376,60;906,08;17,08;89,45;0,00;114,25
10/05/2026;02:23:46;0,10;25,19;376,60;906,05;17,02;89,50;2,35;129,02
10/05/2026;02:33:46;0,10;25,20;376,60;906,01;17,03;89,70;2,69;129,72
10/05/2026;02:43:46;0,11;25,19;376,60;906,00;16,98;89,89;4,30;111,44
10/05/2026;02:53:46;0,11;25,19;376,60;905,86;16,93;90,09;0,00;112,14
10/05/2026;03:03:46;0,12;25,19;376,60;905,77;16,95;90,31;4,80;111,44
10/05/2026;03:13:46;0,12;25,20;376,60;905,81;16,89;90,37;3,86;85,78
10/05/2026;03:23:46;0,10;25,19;376,60;905,87;16,84;90,45;0,40;89,64
10/05/2026;03:33:46;0,11;25,19;376,60;906,02;16,78;90,50;0,00;88,59
10/05/2026;03:43:46;0,10;25,19;376,60;906,02;16,72;90,57;0,00;103,35
10/05/2026;03:53:46;0,12;25,18;376,60;905,99;16,66;90,60;1,79;133,94
10/05/2026;04:03:46;0,12;25,18;376,60;906,07;16,61;90,64;0,38;98,78
10/05/2026;04:13:46;0,11;25,19;376,60;906,06;16,61;90,75;0,38;126,21
10/05/2026;04:23:46;0,12;25,19;376,60;906,13;16,56;90,80;2,57;101,25
10/05/2026;04:33:46;0,10;25,19;376,60;906,22;16,55;90,89;0,38;92,81
10/05/2026;04:43:46;0,12;25,18;376,60;906,32;16,49;90,94;4,58;80,50
10/05/2026;04:53:46;0,11;25,18;376,60;906,35;16,45;90,92;0,00;131,48
10/05/2026;05:03:46;0,11;25,18;376,60;906,40;16,41;90,92;3,22;106,87
10/05/2026;05:13:46;0,12;25,18;376,60;906,47;16,36;90,95;0,00;100,54
10/05/2026;05:23:46;0,10;25,18;376,60;906,51;16,45;91,27;2,72;79,45
10/05/2026;05:33:46;0,14;25,18;376,80;906,64;16,51;91,40;0,00;98,08
10/05/2026;05:43:46;0,39;25,18;376,80;906,78;16,60;91,57;0,00;101,60
10/05/2026;05:53:46;1,65;25,19;376,80;906,96;16,72;91,72;0,38;97,38
10/05/2026;06:03:46;4,99;25,19;376,80;907,01;16,80;91,88;0,00;101,60
10/05/2026;06:13:46;27,76;25,19;376,80;907,12;16,96;91,98;3,03;104,76
10/05/2026;06:23:46;28,14;25,18;376,80;907,29;17,01;92,00;0,00;68,55
10/05/2026;06:33:46;57,64;25,18;376,80;907,43;16,96;92,06;0,00;121,28
10/05/2026;06:43:46;83,67;25,19;376,80;907,51;16,96;91,98;0,00;109,33
10/05/2026;06:53:46;97,30;25,18;376,80;907,62;17,09;92,08;0,00;122,34
10/05/2026;07:03:46;246,81;25,19;376,80;907,76;17,33;92,09;0,33;111,09
10/05/2026;07:13:46;324,84;25,19;376,80;907,82;17,52;91,80;0,00;114,60
10/05/2026;07:23:46;312,02;25,18;376,80;907,97;17,95;89,99;3,54;97,03
10/05/2026;07:33:46;423,93;25,19;376,80;908,08;18,52;88,25;2,92;115,66
10/05/2026;07:43:46;419,23;25,19;376,80;908,13;18,54;87,29;1,54;104,06
10/05/2026;07:53:46;481,09;25,20;376,80;908,25;18,94;86,82;0,37;50,97
10/05/2026;08:03:46;509,15;25,20;376,80;908,30;19,25;85,93;3,42;89,64
10/05/2026;08:13:46;516,56;25,19;376,80;908,36;19,62;84,38;2,20;117,77
10/05/2026;08:23:46;604,60;25,20;376,80;908,45;20,26;82,78;0,00;146,95
10/05/2026;08:33:46;834,04;25,20;376,80;908,56;20,64;81,76;1,75;126,91
10/05/2026;08:43:46;233,57;25,21;376,80;908,61;20,26;81,87;4,36;132,18
10/05/2026;08:53:46;226,12;25,20;376,80;908,73;20,60;80,88;6,33;108,98
10/05/2026;09:03:46;886,86;25,20;376,80;908,72;20,73;80,62;3,16;110,74
10/05/2026;09:13:46;839,96;25,21;376,80;908,75;21,24;78,01;5,97;127,96
10/05/2026;09:23:46;775,65;25,21;376,80;908,76;21,44;78,47;5,27;123,39
10/05/2026;09:33:46;824,00;25,21;376,80;908,75;22,05;75,83;1,09;276,32
10/05/2026;09:43:46;796,18;25,21;376,80;908,81;21,35;76,75;4,27;76,64
10/05/2026;09:53:46;796,49;25,21;376,80;908,72;21,50;77,56;0,00;47,81
10/05/2026;10:03:46;377,29;25,22;376,80;908,72;21,70;76,23;0,00;123,04
10/05/2026;10:13:46;344,87;25,21;376,80;908,70;21,54;76,50;0,69;136,40
10/05/2026;10:23:46;623,23;25,20;376,80;908,59;21,87;75,89;0,50;69,60
10/05/2026;10:33:46;575,94;25,21;376,80;908,50;22,49;74,34;4,07;89,64
10/05/2026;10:43:46;698,19;25,21;376,80;908,40;22,34;74,26;0,55;93,16
10/05/2026;10:53:46;667,37;25,21;376,80;908,21;22,77;72,86;4,55;127,61
10/05/2026;11:03:46;566,56;25,22;376,80;908,18;22,88;74,96;2,39;146,60
10/05/2026;11:13:46;901,21;25,22;376,80;907,93;22,39;73,74;3,05;124,80
10/05/2026;11:23:46;1086,37;25,21;376,80;907,77;22,73;73,35;8,32;104,41
10/05/2026;11:33:46;956,53;25,22;376,80;907,66;23,25;71,08;3,30;113,55
10/05/2026;11:43:46;516,73;25,21;376,80;907,51;23,90;69,86;3,75;124,45
10/05/2026;11:53:46;987,40;25,22;376,80;907,32;24,23;68,19;4,31;111,09
10/05/2026;12:03:46;371,18;25,21;376,80;907,15;24,39;68,30;3,83;104,06
10/05/2026;12:13:46;991,27;25,22;376,80;907,07;24,54;66,41;3,82;91,40
10/05/2026;12:23:46;894,96;25,22;376,80;906,92;24,66;65,05;2,07;106,52
10/05/2026;12:33:46;1013,26;25,22;376,80;906,78;24,74;65,87;0,00;67,85
10/05/2026;12:43:46;922,03;25,22;376,80;906,60;25,03;64,06;2,13;168,75
10/05/2026;12:53:46;870,16;25,22;376,80;906,50;24,65;66,75;0,46;86,48
10/05/2026;13:03:46;850,05;25,22;376,80;906,19;25,58;64,43;2,97;45,35
10/05/2026;13:13:46;831,63;25,21;376,80;905,99;25,42;63,98;4,05;132,89
10/05/2026;13:23:46;812,27;25,22;376,80;905,83;25,54;62,46;2,28;100,89
10/05/2026;13:33:46;792,69;25,21;376,80;905,66;25,46;62,90;4,68;68,20
10/05/2026;13:43:46;762,03;25,22;376,80;905,38;25,34;62,46;3,26;86,83
10/05/2026;13:53:46;736,73;25,22;376,80;905,35;25,73;61,93;2,10;129,72
10/05/2026;14:02:15;711,78;25,22;376,80;905,30;25,48;62,25;2,66;122,69
10/05/2026;14:12:15;708,61;25,22;376,80;905,19;25,68;62,70;0,00;82,96
10/05/2026;14:22:15;659,54;25,22;376,80;905,10;25,91;62,73;0,60;174,37
10/05/2026;14:32:15;635,78;25,22;376,80;904,99;25,96;60,44;3,38;119,53
10/05/2026;14:42:15;582,43;25,22;376,80;904,97;25,63;61,11;1,86;182,10
10/05/2026;14:52:15;545,14;25,23;376,80;904,88;25,56;61,99;3,23;130,78
10/05/2026;15:02:15;505,64;25,22;376,80;904,80;25,56;60,81;0,41;156,79
10/05/2026;15:12:15;468,15;25,22;376,80;904,72;25,75;61,58;0,35;114,60
10/05/2026;15:22:15;448,22;25,22;376,80;904,76;25,45;60,90;0,64;180,35
10/05/2026;15:32:15;406,25;25,22;376,80;904,72;25,58;60,31;3,21;127,96
10/05/2026;15:42:15;363,66;25,22;376,80;904,57;25,76;61,11;0,00;133,94
10/05/2026;15:52:15;306,35;25,22;376,80;904,54;25,50;60,87;0,42;116,36
10/05/2026;16:02:15;222,77;25,22;376,80;904,59;25,43;61,34;2,23;106,87
10/05/2026;16:12:15;165,39;25,22;376,80;904,70;25,27;60,19;0,50;69,60
10/05/2026;16:22:15;144,63;25,22;376,80;904,75;24,93;61,63;1,49;146,25
10/05/2026;16:32:15;156,27;25,22;376,80;904,73;24,88;62,15;0,00;98,78
10/05/2026;16:42:15;121,75;25,21;376,80;904,83;24,54;62,73;0,00;108,98
10/05/2026;16:52:15;91,15;25,21;376,80;904,94;24,39;64,14;0,00;96,32
10/05/2026;17:02:15;61,82;25,22;376,80;905,05;23,98;65,44;0,00;95,97
10/05/2026;17:12:15;37,58;25,20;376,80;905,15;23,42;66,47;0,89;91,40
10/05/2026;17:22:15;18,71;25,21;376,80;905,23;22,87;68,51;0,43;99,49
10/05/2026;17:32:15;4,73;25,21;376,80;905,20;22,21;70,39;0,00;105,82
10/05/2026;17:42:15;1,26;25,21;376,80;905,18;21,43;73,58;0,00;112,50
10/05/2026;17:52:15;0,22;25,20;376,80;905,16;21,06;73,64;0,00;119,17
10/05/2026;18:02:15;0,12;25,20;376,80;905,20;20,77;74,68;0,00;115,66
10/05/2026;18:12:15;0,12;25,21;376,80;905,11;20,77;74,57;0,00;138,51
10/05/2026;18:22:15;0,12;25,20;376,80;905,20;20,87;74,26;0,00;130,78
10/05/2026;18:32:15;0,10;25,20;376,80;905,28;20,69;74,87;0,00;126,91
10/05/2026;18:42:15;0,12;25,20;376,80;905,31;20,43;75,69;0,00;98,78
10/05/2026;18:52:15;0,10;25,19;376,80;905,43;20,21;76,36;0,00;124,10
10/05/2026;19:02:15;0,11;25,20;376,80;905,46;20,01;77,11;0,00;100,19
10/05/2026;19:12:15;0,11;25,20;376,80;905,56;19,87;77,54;0,00;105,82
10/05/2026;19:22:15;0,11;25,20;376,80;905,69;19,63;78,34;0,00;107,22
10/05/2026;19:32:15;0,11;25,19;376,80;905,72;19,50;78,69;0,00;123,39
10/05/2026;19:42:15;0,12;25,20;376,80;905,72;19,44;78,88;0,00;110,03
10/05/2026;19:52:15;0,11;25,20;376,80;905,74;19,41;78,97;0,00;100,19
10/05/2026;20:02:15;0,12;25,20;376,80;905,87;19,39;78,93;0,00;107,57
10/05/2026;20:12:15;0,12;25,20;376,80;905,94;19,35;79,04;0,00;130,42
10/05/2026;20:22:15;0,10;25,19;376,80;906,01;18,96;80,24;0,00;112,85
10/05/2026;20:32:15;0,11;25,19;376,80;906,06;18,82;80,56;0,00;122,34
10/05/2026;20:42:15;0,11;25,20;376,80;906,08;18,76;80,81;0,00;114,25
10/05/2026;20:52:15;0,12;25,20;376,80;906,17;18,74;80,81;0,00;115,66
10/05/2026;21:02:15;0,11;25,19;376,80;906,30;18,70;81,01;0,00;125,50
10/05/2026;21:12:15;0,10;25,20;376,80;906,25;18,52;81,57;0,00;112,85
10/05/2026;21:22:15;0,11;25,20;376,80;906,25;18,87;80,46;0,00;110,74
10/05/2026;21:32:15;0,10;25,19;376,80;906,27;18,56;81,21;0,00;116,71
10/05/2026;21:42:15;0,11;25,19;376,80;906,34;18,67;80,88;0,00;118,82
10/05/2026;21:52:15;0,12;25,20;376,80;906,33;18,71;80,70;0,00;110,39
10/05/2026;22:02:15;0,12;25,20;376,80;906,31;18,73;80,62;0,00;130,78
10/05/2026;22:12:15;0,12;25,21;376,80;906,39;18,70;80,67;0,00;124,10
10/05/2026;22:22:15;0,11;25,19;376,80;906,41;17,66;83,18;0,00;127,26
10/05/2026;22:32:15;0,11;25,20;376,80;906,35;17,89;82,88;0,00;129,02
10/05/2026;22:42:15;0,11;25,20;376,80;906,34;18,38;81,56;0,00;139,57
10/05/2026;22:52:15;0,10;25,20;376,80;906,37;18,69;80,63;0,00;129,37
10/05/2026;23:02:15;0,12;25,20;376,80;906,40;18,52;81,05;0,00;125,50
10/05/2026;23:12:15;0,13;25,20;376,80;906,43;18,47;81,37;0,00;125,85
10/05/2026;23:22:15;0,12;25,19;376,80;906,42;18,20;82,33;0,00;121,28
10/05/2026;23:32:15;0,11;25,19;376,80;906,35;17,89;83,19;0,00;115,31
10/05/2026;23:42:15;0,11;25,19;376,80;906,32;17,81;83,59;0,00;132,18
10/05/2026;23:52:15;0,12;25,19;376,80;906,21;17,52;84,24;0,00;105,46
11/05/2026;00:02:15;0,12;25,19;376,80;906,18;17,44;84,67;0,00;131,48
11/05/2026;00:12:15;0,12;25,19;376,80;906,06;17,39;84,86;0,00;130,42
11/05/2026;00:22:15;0,10;25,20;376,80;905,94;17,31;85,13;0,00;125,15
11/05/2026;00:32:15;0,09;25,19;376,80;905,88;17,45;84,94;0,00;125,50
11/05/2026;00:42:15;0,12;25,19;376,80;905,80;17,52;84,93;0,00;97,03
11/05/2026;00:52:15;0,12;25,19;376,80;905,75;17,51;85,20;0,00;127,96
11/05/2026;01:02:15;0,11;25,19;376,80;905,65;17,45;85,16;0,00;119,17
11/05/2026;01:12:15;0,12;25,19;376,80;905,63;17,30;85,56;0,00;107,22
11/05/2026;01:15:27;0,09;25,19;376,80;905,61;17,35;85,60;0,00;124,45
11/05/2026;01:25:27;0,12;25,20;376,80;905,56;17,45;85,71;0,00;127,26
11/05/2026;01:35:27;0,11;25,19;376,80;905,49;17,40;85,77;0,00;124,45
11/05/2026;01:45:27;0,12;25,20;376,80;905,44;17,13;86,25;0,00;137,81
11/05/2026;01:55:27;0,13;25,19;376,80;905,35;17,11;86,59;0,00;134,29
11/05/2026;02:05:27;0,11;25,19;376,80;905,35;16,96;86,90;0,00;133,59
11/05/2026;02:15:27;0,12;25,19;376,80;905,29;16,70;87,25;0,00;138,51
11/05/2026;02:25:27;0,11;25,19;376,80;905,29;16,36;87,72;0,00;148,71
11/05/2026;02:35:27;0,12;25,19;376,80;905,26;16,04;87,88;0,00;142,03
11/05/2026;02:45:27;0,13;25,19;376,80;905,19;15,86;88,36;0,00;147,30
11/05/2026;02:55:27;0,12;25,19;376,80;905,06;16,05;89,36;0,00;130,78
11/05/2026;03:05:27;0,11;25,19;376,80;904,99;16,08;88,93;0,00;134,64
11/05/2026;03:15:27;0,09;25,19;376,80;904,91;15,92;88,84;0,00;143,78
11/05/2026;03:25:27;0,12;25,18;376,80;904,91;15,99;89,52;0,00;148,71
11/05/2026;03:35:27;0,12;25,19;376,80;904,83;16,02;89,71;0,00;150,46
11/05/2026;03:45:27;0,13;25,19;376,80;904,77;16,37;89,50;0,00;140,97
11/05/2026;03:55:27;0,12;25,19;376,80;904,71;16,32;89,36;0,00;149,76
11/05/2026;04:05:27;0,13;25,19;376,80;904,70;16,30;89,36;0,00;135,70
11/05/2026;04:15:27;0,13;25,19;376,80;904,73;16,41;89,34;0,00;147,65
11/05/2026;04:25:27;0,12;25,19;376,80;904,81;16,37;89,41;0,00;136,40
11/05/2026;04:35:27;0,11;25,20;376,80;904,79;16,20;89,46;0,00;151,17
11/05/2026;04:45:27;0,12;25,19;376,80;904,79;16,18;89,60;0,00;129,02
11/05/2026;04:55:27;0,12;25,19;376,80;904,75;16,25;89,54;0,00;122,69
11/05/2026;05:05:27;0,12;25,19;376,80;904,77;16,27;89,63;0,00;126,21
11/05/2026;05:15:27;0,11;25,19;376,80;904,81;16,11;89,60;0,00;148,00
11/05/2026;05:25:27;0,13;25,19;376,80;904,73;16,07;89,81;0,00;128,67
11/05/2026;05:35:27;0,13;25,18;376,80;904,74;16,03;89,28;0,00;142,03
11/05/2026;05:45:27;0,92;25,19;376,80;904,85;15,89;90,11;0,00;149,41
11/05/2026;05:55:27;4,01;25,19;376,80;904,96;15,77;90,44;0,00;147,65
11/05/2026;06:05:27;10,02;25,19;376,80;905,08;16,19;90,17;0,00;128,32
11/05/2026;06:15:27;16,78;25,19;376,80;905,15;15,87;89,86;0,00;149,76
11/05/2026;06:25:27;23,96;25,19;376,80;905,24;16,26;90,55;0,00;135,00
11/05/2026;06:35:27;161,90;25,19;376,80;905,36;16,74;90,27;0,00;124,80
11/05/2026;06:45:27;204,29;25,20;376,80;905,55;17,10;89,59;0,00;108,28
11/05/2026;06:55:27;244,51;25,20;376,80;905,59;17,41;88,82;0,00;119,53
11/05/2026;07:05:27;285,96;25,19;376,80;905,65;17,77;88,35;0,00;116,01
11/05/2026;07:15:27;305,47;25,20;376,80;905,79;18,41;87,50;0,00;118,12
11/05/2026;07:25:27;338,78;25,20;376,80;905,88;18,64;86,57;0,00;116,36
11/05/2026;07:35:27;377,48;25,19;376,80;906,01;18,96;85,93;0,00;118,12
11/05/2026;07:45:27;417,79;25,21;376,80;906,14;19,51;85,17;0,00;117,77
11/05/2026;07:55:27;455,39;25,21;376,80;906,24;20,20;84,58;0,00;115,66
11/05/2026;08:05:27;494,30;25,21;376,80;906,38;20,30;83,29;0,00;120,93
11/05/2026;08:15:27;533,04;25,21;376,80;906,41;20,42;83,12;2,73;110,03
11/05/2026;08:25:27;567,60;25,20;376,80;906,67;20,73;81,81;0,00;107,57
11/05/2026;08:35:27;597,48;25,20;376,80;906,67;21,23;80,87;0,00;83,32
11/05/2026;08:45:27;630,94;25,19;376,80;906,74;21,24;80,87;0,00;92,81
11/05/2026;08:55:27;668,46;25,20;376,80;906,81;21,50;79,28;0,76;97,38
11/05/2026;09:05:27;692,10;25,20;376,80;906,79;21,50;78,37;0,00;81,91
11/05/2026;09:15:27;719,24;25,21;376,80;906,81;22,08;76,92;2,10;121,28
11/05/2026;09:25:27;748,45;25,22;376,80;906,72;22,17;76,95;0,00;136,05
11/05/2026;09:35:27;786,69;25,22;376,80;906,76;22,68;74,51;0,00;133,59
11/05/2026;09:45:27;779,53;25,22;376,80;906,68;22,57;75,21;3,94;123,75
11/05/2026;09:55:27;848,67;25,22;376,80;906,64;23,26;74,29;0,46;91,75
11/05/2026;10:05:27;853,80;25,22;376,80;906,62;23,65;68,30;0,40;156,44
11/05/2026;10:15:27;843,59;25,23;376,80;906,46;23,67;68,68;0,38;159,60
11/05/2026;10:25:27;869,88;25,21;376,80;906,41;24,27;66,95;3,00;80,15
11/05/2026;10:35:27;879,60;25,21;376,80;906,32;24,49;66,41;1,54;74,53
11/05/2026;10:45:27;887,84;25,23;376,80;906,17;24,45;66,41;1,43;145,54
11/05/2026;10:55:27;890,59;25,22;376,80;906,04;25,27;62,42;1,48;130,42
11/05/2026;11:05:27;915,46;25,22;376,80;905,94;25,34;59,67;0,35;199,68
11/05/2026;11:15:27;973,29;25,23;376,80;905,80;25,62;57,76;0,62;83,67
11/05/2026;11:25:27;990,44;25,22;376,80;905,71;25,75;58,61;0,00;121,64
11/05/2026;11:35:27;969,33;25,23;376,80;905,50;25,89;56,44;0,34;65,39
11/05/2026;11:45:27;952,74;25,23;376,80;905,39;25,94;53,41;1,02;107,57
11/05/2026;11:55:27;941,75;25,23;376,80;905,31;26,21;53,26;0,34;139,92
11/05/2026;12:05:27;721,11;25,23;376,80;905,20;26,24;55,00;0,00;105,46
11/05/2026;12:15:27;885,57;25,23;376,80;904,95;27,00;51,95;0,94;109,68
11/05/2026;12:25:27;876,13;25,23;376,80;904,77;26,78;55,29;0,37;143,08
11/05/2026;12:35:27;863,56;25,24;376,80;904,63;27,35;48,96;2,39;161,71
11/05/2026;12:45:27;870,32;25,23;376,80;904,46;27,66;49,33;0,00;109,68
11/05/2026;12:55:27;946,58;25,23;376,80;904,36;27,55;46,71;1,56;148,71
11/05/2026;13:05:27;933,04;25,23;376,80;904,20;27,46;47,22;1,19;133,94
11/05/2026;13:15:27;907,83;25,24;376,80;903,98;27,73;47,07;3,18;132,18
11/05/2026;13:25:27;883,87;25,23;376,80;903,79;27,87;46,56;1,92;87,53
11/05/2026;13:35:27;859,72;25,23;376,80;903,74;28,00;46,46;0,39;119,53
11/05/2026;13:45:27;825,44;25,23;376,80;903,68;28,39;46,60;0,40;94,57
11/05/2026;13:55:27;797,96;25,24;376,80;903,53;28,30;46,31;0,56;99,49
11/05/2026;14:05:27;764,80;25,24;376,80;903,48;28,43;45,42;3,69;99,84
11/05/2026;14:15:27;728,86;25,24;376,80;903,34;28,61;47,33;2,33;45,70
11/05/2026;14:25:27;691,25;25,25;376,80;903,33;28,53;45,16;1,52;116,71
11/05/2026;14:35:27;655,90;25,24;376,80;903,28;29,09;40,40;0,00;92,81
11/05/2026;14:45:27;616,41;25,24;376,80;903,25;29,11;40,81;0,00;151,17
11/05/2026;14:55:27;565,87;25,24;376,80;903,19;29,06;35,37;4,57;110,39
11/05/2026;15:05:27;544,86;25,24;376,80;903,15;28,88;35,05;0,00;143,43
11/05/2026;15:15:27;501,20;25,24;376,80;903,08;28,98;35,77;2,43;126,91
11/05/2026;15:25:27;459,13;25,24;376,80;903,11;29,07;32,69;1,50;166,64
11/05/2026;15:35:27;412,78;25,24;376,80;903,17;29,06;35,91;0,66;130,07
11/05/2026;15:45:27;364,20;25,25;376,80;903,22;28,76;34,37;0,38;123,39
11/05/2026;15:55:27;305,70;25,23;376,80;903,36;28,49;36,11;0,50;132,18
11/05/2026;16:05:27;215,41;25,24;376,80;903,44;28,55;37,48;0,00;129,72
11/05/2026;16:15:27;165,06;25,23;376,80;903,55;28,37;36,90;0,53;127,96
11/05/2026;16:25:27;158,56;25,23;376,80;903,63;28,04;38,43;0,00;184,57
11/05/2026;16:35:27;144,96;25,24;376,80;903,63;27,73;38,99;0,00;160,66
11/05/2026;16:45:27;111,63;25,23;376,80;903,69;27,43;40,92;0,00;78,04
11/05/2026;16:55:27;77,49;25,25;376,80;903,69;27,11;41,65;0,00;134,29
11/05/2026;17:05:27;49,58;25,24;376,80;903,72;26,37;43,84;0,00;112,50
11/05/2026;17:15:27;30,51;25,22;376,80;903,88;25,73;46,22;0,52;125,85
11/05/2026;17:25:27;10,51;25,22;376,80;904,00;24,99;49,08;0,00;119,17
11/05/2026;17:35:27;2,95;25,22;376,80;904,16;23,88;53,46;0,00;111,79
11/05/2026;17:45:27;0,67;25,22;376,80;904,20;23,30;55,80;0,00;105,46
11/05/2026;17:55:27;0,13;25,22;376,80;904,25;22,99;56,79;0,00;112,85
11/05/2026;18:05:27;0,13;25,21;376,80;904,36;22,95;57,80;0,00;112,50
11/05/2026;18:15:27;0,11;25,21;376,80;904,51;22,69;59,79;0,00;103,00
11/05/2026;18:25:27;0,12;25,21;376,80;904,57;22,79;62,06;0,00;108,98
11/05/2026;18:35:27;0,11;25,22;376,80;904,64;22,43;63,36;0,00;117,77
11/05/2026;18:45:27;0,10;25,22;376,80;904,68;22,27;65,13;0,33;122,34
11/05/2026;18:55:27;0,11;25,21;376,80;904,77;22,10;66,28;0,00;123,04
11/05/2026;19:05:27;0,12;25,21;376,80;904,92;22,12;65,78;0,00;121,28
11/05/2026;19:15:27;0,10;25,22;376,80;905,03;22,03;65,84;0,00;122,34
11/05/2026;19:25:27;0,12;25,21;376,80;905,18;21,69;66,92;0,00;105,46
11/05/2026;19:35:27;0,11;25,21;376,80;905,30;21,54;66,91;0,00;92,10
11/05/2026;19:45:27;0,10;25,21;376,80;905,34;21,38;67,01;0,00;105,46
11/05/2026;19:55:27;0,11;25,21;376,80;905,43;21,18;67,93;0,00;120,23
11/05/2026;20:05:27;0,11;25,21;376,80;905,46;20,79;68,87;0,00;110,03
11/05/2026;20:15:27;0,12;25,21;376,80;905,51;20,20;70,96;0,00;119,53
11/05/2026;20:25:27;0,11;25,22;376,80;905,58;19,57;73,09;0,00;132,89
11/05/2026;20:35:27;0,12;25,21;376,80;905,63;20,21;70,58;0,00;119,88
11/05/2026;20:45:27;0,11;25,21;376,80;905,67;20,63;68,64;0,00;135,70
11/05/2026;20:55:27;0,11;25,21;376,80;905,69;20,62;68,64;0,00;128,67
11/05/2026;21:05:27;0,10;25,21;376,80;905,73;20,69;68,75;0,00;133,24
11/05/2026;21:15:27;0,11;25,21;376,80;905,79;20,92;68,30;0,00;122,69
11/05/2026;21:25:27;0,11;25,21;376,80;905,77;20,72;69,26;0,00;135,00
11/05/2026;21:35:27;0,13;25,21;376,80;905,78;20,28;70,93;0,00;127,26
11/05/2026;21:45:27;0,12;25,21;376,80;905,90;19,84;72,74;0,00;130,42
11/05/2026;21:55:27;0,13;25,21;376,80;905,95;19,87;72,87;0,00;120,23
11/05/2026;22:05:27;0,11;25,20;376,80;905,91;19,87;72,99;0,00;134,29
11/05/2026;22:15:27;0,09;25,21;376,80;905,95;19,87;73,39;0,00;88,94
11/05/2026;22:19:00;0,12;25,20;376,80;905,94;20,01;72,99;1,79;104,06
11/05/2026;22:29:00;0,13;25,21;376,80;905,86;19,86;73,83;0,34;118,47
11/05/2026;22:39:00;0,11;25,20;376,80;905,85;19,73;74,90;0,57;124,10
11/05/2026;22:49:00;0,11;25,20;376,80;905,84;19,57;76,77;2,22;108,98
11/05/2026;22:59:00;0,12;25,21;376,80;905,85;19,41;78,37;0,00;135,35
11/05/2026;23:09:00;0,12;25,20;376,80;905,85;19,31;79,62;0,00;114,25
11/05/2026;23:14:53;0,12;25,20;376,80;905,80;19,21;80,56;0,00;122,69
11/05/2026;23:24:53;0,12;25,21;376,80;905,80;19,14;81,68;0,00;162,07
11/05/2026;23:34:53;0,14;25,21;376,80;905,87;19,08;82,43;0,00;106,52
11/05/2026;23:44:53;0,11;25,20;376,80;905,90;19,01;83,03;0,00;109,68
11/05/2026;23:54:53;0,11;25,20;376,80;905,86;18,97;83,45;0,34;115,31
12/05/2026;00:04:53;0,13;25,21;376,80;905,82;18,88;83,61;1,19;130,78
12/05/2026;00:14:53;0,11;25,20;376,80;905,76;18,85;83,72;0,00;107,22
12/05/2026;00:17:25;0,13;25,21;376,80;905,73;18,81;83,80;0,00;144,84
12/05/2026;00:27:25;0,12;25,20;376,80;905,66;18,74;83,99;0,00;145,54
12/05/2026;00:37:25;0,12;25,20;376,80;905,65;18,64;84,14;0,00;142,03
12/05/2026;00:47:25;0,12;25,20;376,80;905,51;18,54;84,39;0,00;130,42
12/05/2026;00:57:25;0,12;25,20;376,80;905,44;18,49;84,38;0,00;134,64
12/05/2026;01:07:25;0,11;25,19;376,80;905,35;18,37;84,71;0,00;126,91
12/05/2026;01:17:25;0,12;25,20;376,80;905,27;18,24;84,97;0,00;126,56
12/05/2026;01:27:25;0,12;25,20;376,80;905,16;18,19;84,97;0,00;118,47
12/05/2026;01:37:25;0,11;25,20;376,80;905,11;17,96;85,42;0,00;137,10
12/05/2026;01:47:25;0,13;25,20;376,80;905,10;17,82;85,60;0,00;116,36
12/05/2026;01:57:25;0,12;25,20;376,80;905,09;17,88;85,39;0,00;137,10
12/05/2026;02:07:25;0,09;25,20;376,80;905,10;17,74;85,63;0,00;148,00
12/05/2026;02:17:25;0,12;25,20;376,80;905,05;17,53;85,94;0,00;129,72
12/05/2026;02:27:25;0,10;25,20;376,80;905,06;17,50;86,06;0,00;153,28
12/05/2026;02:34:03;0,12;25,20;376,80;904,94;17,40;86,23;1,09;125,50
12/05/2026;02:44:03;0,10;25,20;376,80;904,88;17,46;86,25;0,00;132,89
12/05/2026;02:54:03;0,11;25,20;376,80;904,80;17,28;86,44;0,00;144,49
12/05/2026;03:04:03;0,13;25,19;376,80;904,60;17,34;86,54;0,00;123,39
12/05/2026;03:14:03;0,11;25,19;376,80;904,52;17,47;86,19;0,00;110,03
12/05/2026;03:24:03;0,11;25,19;376,80;904,40;17,26;86,31;0,00;109,68
12/05/2026;03:34:03;0,11;25,19;376,80;904,36;17,01;86,95;0,00;115,31
12/05/2026;03:44:03;0,12;25,20;376,80;904,43;16,91;87,13;0,00;126,91
12/05/2026;03:54:03;0,10;25,20;376,80;904,41;16,86;87,54;0,00;125,50
12/05/2026;04:04:03;0,11;25,20;376,80;904,52;16,86;87,51;0,00;133,24
12/05/2026;04:14:03;0,12;25,20;376,80;904,60;16,72;87,77;0,00;109,33
12/05/2026;04:24:03;0,12;25,20;376,80;904,72;16,76;87,86;0,00;144,14
12/05/2026;04:34:03;0,11;25,19;376,80;904,73;16,78;88,20;0,38;119,53
12/05/2026;04:44:03;0,10;25,19;376,80;904,81;16,71;88,49;0,00;150,11
12/05/2026;04:54:03;0,11;25,20;376,80;904,90;16,74;88,70;0,00;128,67
12/05/2026;05:04:03;0,13;25,19;376,80;905,02;16,74;89,01;0,00;126,56
12/05/2026;05:14:03;0,10;25,19;376,80;905,13;16,73;88,96;0,00;176,13
12/05/2026;05:24:03;0,12;25,19;376,80;905,25;16,75;89,28;2,44;148,00
12/05/2026;05:34:03;0,13;25,20;376,80;905,42;16,90;89,35;3,01;123,04
12/05/2026;05:44:03;0,39;25,20;376,80;905,59;16,96;89,53;0,00;136,05
12/05/2026;05:54:03;1,66;25,20;376,80;905,69;17,09;89,59;0,52;129,72
12/05/2026;06:04:03;3,69;25,20;376,80;905,80;17,04;89,61;2,78;107,57
12/05/2026;06:14:03;8,60;25,20;376,80;905,94;17,03;89,78;0,00;155,74
12/05/2026;06:24:03;12,94;25,20;376,80;906,12;17,04;90,02;0,00;142,03
12/05/2026;06:34:03;27,99;25,20;376,80;906,20;17,14;90,21;0,00;95,97
12/05/2026;06:44:03;38,44;25,20;376,80;906,28;17,24;90,29;0,00;114,60
12/05/2026;06:54:03;51,03;25,20;376,80;906,54;17,36;90,22;0,39;98,78
12/05/2026;07:04:03;56,60;25,20;376,80;906,65;17,50;90,05;1,01;125,85
12/05/2026;07:14:03;51,41;25,20;376,80;906,85;17,61;89,71;0,84;116,36
12/05/2026;07:24:03;73,19;25,20;376,80;906,95;17,67;89,57;0,00;133,94
12/05/2026;07:34:03;63,19;25,20;376,80;907,02;17,80;89,21;0,39;99,14
12/05/2026;07:44:03;80,81;25,20;376,80;907,17;17,95;88,80;0,00;97,03
12/05/2026;07:54:03;197,14;25,21;376,80;907,27;18,32;88,44;0,00;89,64
12/05/2026;08:04:03;495,03;25,21;376,80;907,36;19,06;86,80;0,41;69,25
12/05/2026;08:14:03;207,36;25,21;376,80;907,52;19,47;85,78;0,43;116,36
12/05/2026;08:24:03;232,12;25,21;376,80;907,64;19,22;86,04;2,80;126,21
12/05/2026;08:29:25;0,00;0,00;0,00;0,00;0,00;0,00;0,00;0,00
12/05/2026;08:39:25;0,00;0,00;0,00;0,00;0,00;0,00;0,00;0,00
12/05/2026;08:49:25;0,00;0,00;0,00;0,00;0,00;0,00;0,00;0,00
12/05/2026;08:59:25;0,00;0,00;0,00;0,00;0,00;0,00;0,00;0,00
12/05/2026;09:09:25;0,00;0,00;0,00;0,00;0,00;0,00;0,00;0,00
12/05/2026;09:19:25;0,00;0,00;0,00;0,00;0,00;0,00;0,00;0,00
12/05/2026;09:29:25;0,00;0,00;0,00;0,00;0,00;0,00;0,00;0,00
12/05/2026;09:39:25;0,00;0,00;0,00;0,00;0,00;0,00;0,00;0,00
12/05/2026;09:49:25;0,00;0,00;0,00;0,00;0,00;0,00;0,00;0,00
12/05/2026;09:59:25;0,00;0,00;0,00;0,00;0,00;0,00;0,00;0,00
12/05/2026;10:09:25;0,00;0,00;0,00;0,00;0,00;0,00;0,00;0,00
12/05/2026;10:19:25;0,00;0,00;0,00;0,00;0,00;0,00;0,00;0,00
12/05/2026;10:29:25;0,00;0,00;0,00;0,00;0,00;0,00;0,00;0,00
12/05/2026;10:39:25;0,00;0,00;0,00;0,00;0,00;0,00;0,00;0,00
12/05/2026;10:49:25;0,00;0,00;0,00;0,00;0,00;0,00;0,00;0,00
12/05/2026;10:59:25;0,00;0,00;0,00;0,00;0,00;0,00;0,00;0,00
12/05/2026;08:29:37;316,86;25,22;376,80;907,65;19,20;85,81;0,36;126,91
12/05/2026;08:39:37;268,94;25,21;376,80;907,68;19,57;84,96;0,34;89,29
12/05/2026;08:49:37;239,64;25,21;376,80;907,74;19,74;84,62;0,38;97,38
12/05/2026;08:59:37;236,44;25,21;376,80;907,67;19,74;84,52;0,00;126,56
12/05/2026;09:09:37;262,12;25,21;376,80;907,68;20,27;83,95;0,00;124,45
12/05/2026;09:19:37;385,82;25,21;376,80;907,68;21,28;81,03;0,00;129,72
12/05/2026;09:29:37;499,69;25,21;376,80;907,82;21,28;79,11;0,42;95,62
12/05/2026;09:39:37;1101,04;25,21;376,80;907,81;21,83;78,49;0,00;56,95
12/05/2026;09:49:37;858,94;25,22;376,80;907,84;21,99;76,45;0,49;109,68
12/05/2026;09:59:37;921,11;25,22;376,80;907,86;22,37;74,15;0,66;144,49
12/05/2026;10:09:37;963,02;25,22;376,80;907,67;22,81;74,64;0,00;88,24
12/05/2026;10:19:37;957,38;25,22;376,80;907,68;23,44;72,22;1,62;130,07
12/05/2026;10:26:41;869,57;25,22;376,80;907,64;23,18;70,77;4,41;76,99
12/05/2026;10:36:41;646,70;25,21;376,80;907,47;23,79;71,64;0,00;110,03
12/05/2026;10:46:41;932,46;25,21;376,80;907,36;23,94;70,43;5,89;94,21
12/05/2026;10:56:41;916,57;25,21;376,80;907,11;23,90;68,15;3,62;64,68
12/05/2026;11:06:41;865,61;25,22;376,80;906,93;24,27;67,64;6,03;98,78
12/05/2026;11:16:41;902,28;25,21;376,80;906,71;24,25;68,75;0,55;156,44
12/05/2026;11:26:41;891,22;25,21;376,80;906,62;24,40;67,32;2,58;125,85
12/05/2026;11:36:41;897,72;25,21;376,80;906,39;24,92;65,98;3,44;112,50
12/05/2026;11:46:41;895,82;25,22;376,80;906,33;25,01;66,32;5,48;107,57
12/05/2026;11:56:41;888,51;25,22;376,80;906,26;24,99;66,56;4,70;127,61
12/05/2026;12:06:41;855,30;25,21;376,80;906,08;25,04;65,30;2,15;102,65
12/05/2026;12:16:41;873,78;25,22;376,80;906,02;25,33;62,75;3,08;129,37
12/05/2026;12:26:41;872,81;25,22;376,80;905,85;25,33;61,72;2,20;91,40
12/05/2026;12:36:41;881,78;25,22;376,80;905,64;25,96;60,76;1,82;56,60
12/05/2026;12:46:41;861,83;25,21;376,80;905,40;26,07;62,12;1,71;52,38
12/05/2026;12:56:41;840,21;25,22;376,80;905,31;25,97;60,96;0,86;130,42
12/05/2026;13:06:41;829,19;25,21;376,80;905,12;26,13;60,88;0,00;150,46
12/05/2026;13:16:41;794,25;25,21;376,80;904,96;26,03;60,67;2,87;98,78
12/05/2026;13:26:41;766,72;25,22;376,80;904,81;26,13;60,26;3,03;97,73
12/05/2026;13:36:41;751,94;25,22;376,80;904,67;26,35;59,09;6,25;140,62
12/05/2026;13:46:41;725,74;25,22;376,80;904,57;26,49;58,44;1,41;117,07
12/05/2026;13:56:41;693,44;25,22;376,80;904,59;26,72;57,47;0,52;66,44
12/05/2026;14:06:41;640,01;25,22;376,80;904,58;26,78;56,55;0,55;99,84
12/05/2026;14:16:41;637,45;25,22;376,80;904,47;26,96;55,82;3,40;87,18
12/05/2026;14:26:41;606,03;25,22;376,80;904,47;27,10;54,20;0,53;112,14
12/05/2026;14:36:41;574,66;25,22;376,80;904,41;26,67;56,55;0,57;110,39
12/05/2026;14:46:41;538,07;25,21;376,80;904,35;27,05;54,46;3,32;170,15
12/05/2026;14:56:41;503,19;25,22;376,80;904,36;27,27;53,52;1,72;178,59
12/05/2026;15:06:41;468,21;25,22;376,80;904,26;26,94;54,58;5,27;158,20
12/05/2026;15:16:41;432,06;25,22;376,80;904,31;26,94;56,11;0,00;90,00
12/05/2026;15:26:41;391,74;25,23;376,80;904,34;27,00;53,99;0,00;139,57
12/05/2026;15:36:41;355,73;25,22;376,80;904,37;26,80;54,29;0,00;130,07
12/05/2026;15:46:41;313,12;25,22;376,80;904,53;26,67;55,55;2,03;76,28
12/05/2026;15:56:41;270,75;25,22;376,80;904,51;26,43;57,26;0,44;87,89
12/05/2026;16:06:41;209,31;25,22;376,80;904,63;26,41;56,58;0,45;143,43
12/05/2026;16:16:41;167,63;25,22;376,80;904,70;26,22;56,47;0,00;102,30
12/05/2026;16:26:41;150,04;25,22;376,80;904,74;25,93;58,29;0,00;134,29
12/05/2026;16:36:41;124,84;25,22;376,80;904,73;25,62;59,32;0,00;104,41
12/05/2026;16:46:41;69,26;25,21;376,80;904,61;25,16;61,02;0,00;104,76
12/05/2026;16:56:41;47,43;25,23;376,80;904,72;24,69;62,24;0,37;100,54
12/05/2026;17:06:41;29,14;25,24;376,80;904,77;24,05;65,21;0,00;169,10
12/05/2026;17:16:41;20,49;25,24;376,80;904,76;23,43;67,96;0,00;113,90
12/05/2026;17:26:41;4,50;25,24;376,80;904,85;22,99;69,78;0,38;106,52
12/05/2026;17:36:41;1,29;25,24;376,80;905,05;22,63;71,48;0,00;97,73
12/05/2026;17:46:41;0,22;25,24;376,80;905,10;22,27;72,74;0,56;129,37
12/05/2026;17:56:41;0,12;25,24;376,80;905,18;22,02;73,74;0,00;111,79
12/05/2026;18:06:41;0,12;25,24;376,80;905,06;21,89;73,79;0,00;115,66
12/05/2026;18:16:41;0,12;25,23;376,80;905,18;21,78;73,83;0,00;27,42
12/05/2026;18:26:41;0,11;25,24;376,80;905,30;21,54;74,20;0,00;147,30
12/05/2026;18:36:41;0,11;25,24;376,80;905,35;21,42;73,51;0,38;117,42
12/05/2026;18:46:41;0,09;25,23;376,80;905,39;21,35;73,25;0,00;121,99
12/05/2026;18:56:41;0,12;25,23;376,80;905,67;21,06;74,13;0,00;121,28
12/05/2026;19:06:41;0,11;25,23;376,80;905,77;20,85;74,80;0,00;118,12
12/05/2026;19:16:41;0,11;25,22;376,80;905,83;20,71;75,20;0,00;108,98
12/05/2026;19:26:41;0,12;25,23;376,80;905,88;20,66;75,25;0,00;140,97
12/05/2026;19:36:41;0,12;25,22;376,80;905,98;20,69;75,47;0,00;96,67
12/05/2026;19:46:41;0,10;25,22;376,80;906,10;20,88;75,27;0,39;102,30
12/05/2026;19:56:41;0,11;25,22;376,80;906,10;20,90;75,34;0,00;125,85
12/05/2026;20:06:41;0,11;25,24;376,80;906,22;20,63;76,37;0,00;80,50
12/05/2026;20:16:41;0,11;25,22;376,80;906,23;20,51;76,71;0,00;116,71
12/05/2026;20:26:41;0,12;25,23;376,80;906,32;20,41;77,05;0,00;119,53
12/05/2026;20:36:41;0,11;25,22;376,80;906,40;20,43;77,11;0,50;105,46
12/05/2026;20:46:41;0,11;25,22;376,80;906,49;20,33;77,48;0,00;148,00
12/05/2026;20:56:41;0,10;25,22;376,80;906,46;20,32;77,67;0,00;103,35
12/05/2026;21:06:41;0,11;25,23;376,80;906,43;20,21;78,10;0,00;103,35
12/05/2026;21:16:41;0,11;25,23;376,80;906,45;20,06;78,72;0,00;117,07
12/05/2026;21:26:41;0,12;25,22;376,80;906,50;19,85;79,51;0,00;147,30
12/05/2026;21:36:41;0,10;25,22;376,80;906,58;19,74;79,97;0,00;76,64
12/05/2026;21:46:41;0,10;25,22;376,80;906,53;19,65;80,41;0,00;91,75
12/05/2026;21:56:41;0,11;25,23;376,80;906,56;19,59;80,66;0,00;106,87
12/05/2026;22:06:41;0,10;25,23;376,80;906,58;19,91;79,98;2,08;110,03
12/05/2026;22:16:41;0,11;25,23;376,80;906,65;20,12;79,33;0,00;49,21
12/05/2026;22:26:41;0,12;25,23;376,80;906,73;19,89;80,37;0,00;38,67
12/05/2026;22:36:41;0,11;25,23;376,80;906,74;19,68;81,27;0,00;71,36
12/05/2026;22:46:41;0,11;25,22;376,80;906,70;19,66;81,46;0,00;101,25
12/05/2026;22:56:41;0,10;25,22;376,80;906,79;19,41;81,98;0,00;88,94
12/05/2026;23:06:41;0,12;25,22;376,80;906,85;19,41;82,15;3,68;113,90
12/05/2026;23:16:41;0,11;25,22;376,80;906,91;19,28;82,45;0,50;112,85
12/05/2026;23:26:41;0,10;25,23;376,80;906,88;19,24;82,39;0,42;105,82
12/05/2026;23:36:41;0,11;25,23;376,80;906,92;19,30;82,11;4,57;97,38
12/05/2026;23:46:41;0,11;25,23;376,80;906,90;19,17;82,38;0,39;111,79
12/05/2026;23:56:41;0,12;25,22;376,80;906,90;19,09;82,77;0,00;108,63
13/05/2026;00:06:41;0,11;25,23;376,80;906,75;18,92;83,25;0,00;95,62
13/05/2026;00:16:41;0,10;25,22;376,80;906,67;18,81;83,65;1,86;131,83
13/05/2026;00:26:41;0,12;25,22;376,80;906,55;18,83;83,82;0,49;85,07
13/05/2026;00:36:41;0,11;25,22;376,80;906,43;18,74;84,07;0,38;93,16
13/05/2026;00:46:41;0,10;25,22;376,80;906,43;18,55;84,53;0,41;104,76
13/05/2026;00:56:41;0,11;25,22;376,80;906,31;18,48;84,68;0,41;75,93
13/05/2026;01:06:41;0,11;25,22;376,80;906,15;18,30;85,17;0,35;113,20
13/05/2026;01:16:41;0,12;25,22;376,80;905,99;18,23;85,39;1,38;88,59
13/05/2026;01:26:41;0,10;25,21;376,80;906,03;18,34;85,36;3,83;83,67
13/05/2026;01:36:41;0,11;25,23;376,80;905,95;18,52;85,13;0,39;110,39
13/05/2026;01:46:41;0,12;25,22;376,80;905,83;18,61;85,00;2,01;86,13
13/05/2026;01:56:41;0,10;25,22;376,80;905,70;18,69;85,05;4,04;118,82
13/05/2026;02:06:41;0,11;25,22;376,80;905,73;18,83;84,96;3,15;110,39
13/05/2026;02:16:41;0,10;25,23;376,80;905,71;18,84;85,03;4,36;103,35
13/05/2026;02:26:41;0,11;25,22;376,80;905,70;18,86;85,13;3,77;111,44
13/05/2026;02:36:41;0,12;25,22;376,80;905,73;18,85;85,15;2,33;66,79
13/05/2026;02:46:41;0,12;25,22;376,80;905,66;18,82;85,37;4,98;120,58
13/05/2026;02:56:41;0,12;25,23;376,80;905,63;18,81;85,54;0,48;97,03
13/05/2026;03:06:41;0,13;25,22;376,80;905,54;18,82;85,61;4,48;116,01
13/05/2026;03:16:41;0,11;25,22;376,80;905,51;18,71;85,97;0,00;126,91
13/05/2026;03:26:41;0,09;25,22;376,80;905,54;18,64;86,32;1,05;112,14
13/05/2026;03:36:41;0,11;25,22;376,80;905,64;18,54;86,65;1,75;158,55
13/05/2026;03:46:41;0,10;25,23;376,80;905,69;18,54;86,87;2,57;110,03
13/05/2026;03:56:41;0,11;25,22;376,80;905,74;18,49;87,06;4,59;108,28
13/05/2026;04:06:41;0,10;25,23;376,80;905,85;18,50;87,09;0,00;115,31
13/05/2026;04:16:41;0,11;25,22;376,80;905,84;18,43;87,14;3,95;95,27
13/05/2026;04:26:41;0,10;25,22;376,80;905,86;18,39;87,28;4,58;129,72
13/05/2026;04:36:41;0,09;25,22;376,80;905,82;18,26;87,54;0,37;101,95
13/05/2026;04:46:41;0,12;25,22;376,80;905,80;18,21;87,65;1,43;61,52
13/05/2026;04:56:41;0,12;25,22;376,80;905,92;18,18;87,67;0,00;140,97
13/05/2026;05:06:41;0,11;25,22;376,80;906,01;18,20;87,67;0,66;147,65
13/05/2026;05:16:41;0,13;25,22;376,80;906,15;18,17;87,67;3,95;129,37
13/05/2026;05:26:41;0,12;25,23;376,80;906,37;18,13;87,72;0,94;105,11
13/05/2026;05:36:41;0,13;25,23;376,80;906,40;18,12;87,66;3,86;107,92
13/05/2026;05:46:41;0,40;25,22;376,80;906,54;18,07;87,80;0,76;109,68
13/05/2026;05:56:41;2,54;25,23;376,80;906,59;18,06;87,74;3,38;97,38
13/05/2026;06:06:41;5,58;25,23;376,80;906,69;17,90;87,76;3,03;125,15
13/05/2026;06:16:41;10,50;25,23;376,80;906,70;17,82;87,87;2,38;155,39
13/05/2026;06:26:41;12,45;25,22;376,80;906,92;17,88;87,93;0,40;114,25
13/05/2026;06:36:41;22,93;25,23;376,80;907,14;17,98;87,73;0,00;111,09
13/05/2026;06:46:41;35,71;25,23;376,80;907,28;18,09;87,50;2,12;152,92
13/05/2026;06:56:41;43,11;25,22;376,80;907,49;18,17;87,41;0,00;175,42
13/05/2026;07:06:41;38,62;25,23;376,80;907,64;18,08;87,41;0,39;68,55
13/05/2026;07:16:41;31,10;25,23;376,80;907,78;18,03;87,61;0,00;59,41
13/05/2026;07:26:41;62,28;25,23;376,80;907,88;18,06;87,74;0,40;94,92
13/05/2026;07:36:41;82,94;25,23;376,80;908,04;18,23;87,51;0,35;95,97
13/05/2026;07:46:41;70,59;25,23;376,80;908,24;18,38;87,09;0,00;113,55
13/05/2026;07:56:41;92,60;25,22;376,80;908,32;18,49;86,97;0,00;92,46
13/05/2026;08:06:41;113,42;25,23;376,80;908,44;18,63;86,87;0,00;116,01
13/05/2026;08:16:41;171,54;25,23;376,80;908,48;18,87;86,32;1,89;133,94
13/05/2026;08:26:41;190,90;25,24;376,80;908,54;19,24;85,55;0,38;103,71
13/05/2026;08:36:41;274,98;25,24;376,80;908,61;19,35;85,29;0,48;97,38
13/05/2026;08:46:41;236,93;25,23;376,80;908,76;19,59;84,93;0,39;125,15
13/05/2026;08:56:41;325,64;25,24;376,80;908,75;20,20;83,72;0,00;95,27
13/05/2026;09:06:41;254,42;25,25;376,80;908,74;20,65;82,32;3,71;103,00
13/05/2026;09:16:41;196,03;25,24;376,80;908,63;20,62;82,57;0,00;86,83
13/05/2026;09:26:41;266,37;25,24;376,80;908,63;20,59;82,77;0,39;102,65
13/05/2026;09:36:41;266,96;25,24;376,80;908,72;20,70;82,15;1,85;92,46
13/05/2026;09:46:41;342,57;25,25;376,80;908,62;21,32;80,46;1,37;87,89
13/05/2026;09:56:41;361,35;25,25;376,80;908,57;21,95;78,13;1,59;75,58
13/05/2026;10:06:41;447,93;25,25;376,80;908,51;21,82;78,65;0,00;107,57
13/05/2026;10:16:41;354,40;25,26;376,80;908,51;22,33;75,52;4,14;106,87
13/05/2026;10:26:41;790,36;25,26;376,80;908,44;22,07;76,89;1,72;170,85
13/05/2026;10:36:41;421,67;25,25;376,80;908,31;22,41;76,23;2,54;140,97
13/05/2026;10:46:41;375,16;25,25;376,80;908,16;22,43;76,21;4,54;129,72
13/05/2026;10:56:41;371,76;25,25;376,80;907,97;22,40;75,25;4,44;111,09
13/05/2026;11:06:41;440,91;25,26;376,80;907,90;22,37;76,56;1,60;124,10
13/05/2026;11:16:41;332,89;25,25;376,80;907,75;22,96;74,57;4,59;101,95
13/05/2026;11:26:41;457,02;25,26;376,80;907,63;22,58;74,99;0,00;120,58
13/05/2026;11:36:41;489,50;25,25;376,80;907,44;22,94;73,80;4,85;100,89
13/05/2026;11:46:41;718,93;25,25;376,80;907,37;23,23;72,07;4,33;125,15
13/05/2026;11:56:41;466,12;25,26;376,80;907,21;24,10;70,58;3,86;101,95
13/05/2026;12:06:41;484,49;25,27;376,80;906,97;24,15;69,97;2,60;40,07
13/05/2026;12:16:41;361,82;25,27;376,80;906,88;23,92;71,40;0,62;103,71
13/05/2026;12:26:41;469,34;25,26;376,80;906,85;24,13;71,05;0,36;142,03
13/05/2026;12:36:41;474,89;25,27;376,80;906,73;24,13;72,06;0,00;91,05
13/05/2026;12:46:41;644,86;25,26;376,80;906,50;23,76;70,87;3,80;80,15
13/05/2026;12:56:41;801,15;25,26;376,80;906,26;24,57;70,02;1,19;127,96
13/05/2026;13:06:41;914,94;25,27;376,80;906,11;24,99;68,55;0,52;118,47
13/05/2026;13:16:41;583,62;25,28;376,80;905,92;24,94;68,89;3,90;100,89
13/05/2026;13:26:41;520,64;25,27;376,80;905,83;24,95;67,92;0,38;107,92
13/05/2026;13:36:41;997,22;25,27;376,80;905,72;25,01;67,67;0,00;93,16
13/05/2026;13:46:41;712,50;25,27;376,80;905,62;24,94;67,75;2,14;127,96
13/05/2026;13:56:41;781,05;25,27;376,80;905,57;25,00;67,92;2,13;99,14
13/05/2026;14:06:41;878,63;25,27;376,80;905,49;25,57;65,84;1,47;76,99
13/05/2026;14:16:41;441,35;25,27;376,80;905,47;25,10;68,32;0,00;112,85
13/05/2026;14:26:41;353,75;25,27;376,80;905,42;24,93;68,14;0,00;121,64
13/05/2026;14:36:41;535,42;25,27;376,80;905,38;24,56;69,61;1,66;110,39
13/05/2026;14:46:41;247,56;25,28;376,80;905,31;24,21;70,69;0,00;126,21
13/05/2026;14:56:41;267,06;25,28;376,80;905,32;24,05;72,23;0,40;143,08
13/05/2026;15:06:41;305,99;25,27;376,80;905,28;24,69;69,97;4,44;137,81
13/05/2026;15:16:41;240,73;25,27;376,80;905,22;24,35;70,45;0,00;144,49
13/05/2026;15:26:41;324,60;25,27;376,80;905,22;24,26;70,68;0,00;75,58
13/05/2026;15:36:41;291,59;25,28;376,80;905,21;24,43;70,21;1,15;93,16
13/05/2026;15:46:41;246,88;25,27;376,80;905,30;24,20;71,77;3,00;144,84
13/05/2026;15:56:41;318,11;25,27;376,80;905,17;24,16;71,74;0,36;136,75
13/05/2026;16:06:41;233,90;25,27;376,80;905,14;24,16;71,60;2,71;125,15
13/05/2026;16:16:41;196,08;25,27;376,80;905,30;24,32;71,84;3,67;114,96
13/05/2026;16:26:41;151,77;25,28;376,80;905,36;24,01;71,84;1,60;126,91
13/05/2026;16:36:41;101,42;25,27;376,80;905,40;23,65;72,56;0,38;132,89
13/05/2026;16:46:41;92,30;25,27;376,80;905,40;23,45;73,78;1,20;149,41
13/05/2026;16:56:41;57,65;25,27;376,80;905,31;23,21;74,86;0,46;142,38
13/05/2026;17:06:41;35,43;25,27;376,80;905,36;22,79;76,57;0,46;146,25
13/05/2026;17:16:41;24,25;25,27;376,80;905,39;22,52;77,56;0,00;107,22
13/05/2026;17:26:41;5,17;25,27;376,80;905,42;22,26;78,47;0,00;94,92
13/05/2026;17:36:41;3,37;25,27;376,80;905,42;21,96;79,45;0,00;136,75
13/05/2026;17:46:41;0,29;25,28;376,80;905,52;21,75;80,21;0,66;116,36
13/05/2026;17:56:41;0,13;25,27;376,80;905,76;21,47;81,07;3,08;97,73
13/05/2026;18:06:41;0,11;25,26;376,80;905,84;21,24;81,87;0,37;135,35
13/05/2026;18:16:41;0,11;25,26;376,80;905,83;21,23;82,12;0,00;126,91
13/05/2026;18:26:41;0,12;25,26;376,80;905,89;21,24;82,17;0,00;117,07
13/05/2026;18:36:41;0,10;25,26;376,80;905,88;21,21;82,34;2,40;127,61
13/05/2026;18:46:41;0,11;25,26;376,80;905,95;21,05;82,63;3,75;112,85
13/05/2026;18:56:41;0,12;25,25;376,80;906,08;20,96;82,80;0,34;105,82
13/05/2026;19:06:41;0,12;25,26;376,80;906,20;20,72;83,26;0,44;132,18
13/05/2026;19:16:41;0,11;25,25;376,80;906,28;20,74;83,23;0,00;136,40
13/05/2026;19:26:41;0,11;25,26;376,80;906,41;20,63;83,52;0,00;106,17
13/05/2026;19:36:41;0,11;25,25;376,80;906,45;20,55;83,69;0,34;108,98
13/05/2026;19:46:41;0,11;25,25;376,80;906,53;20,41;84,03;0,00;106,52
13/05/2026;19:56:41;0,10;25,26;376,80;906,55;20,27;84,34;2,92;113,55
13/05/2026;20:06:41;0,11;25,25;376,80;906,73;20,25;84,49;0,40;110,74
13/05/2026;20:16:41;0,12;25,25;376,80;906,87;20,39;84,48;0,00;136,05
13/05/2026;20:26:41;0,12;25,25;376,80;906,96;20,31;84,68;0,00;124,80
13/05/2026;20:36:41;0,11;25,24;376,80;907,08;20,30;84,76;0,00;135,00
13/05/2026;20:46:41;0,13;25,25;376,80;907,06;20,35;84,81;0,00;139,92
13/05/2026;20:56:41;0,13;25,25;376,80;907,05;20,41;84,84;0,00;99,84
13/05/2026;21:06:41;0,10;25,25;376,80;907,13;20,30;85,26;0,40;146,60
13/05/2026;21:16:41;0,12;25,25;376,80;907,14;20,18;85,69;0,49;118,82
13/05/2026;21:26:41;0,11;25,25;376,80;907,20;20,09;85,93;0,34;112,85
13/05/2026;21:36:41;0,13;25,25;376,80;907,31;19,99;86,23;0,49;117,07
13/05/2026;21:46:41;0,13;25,25;376,80;907,29;19,96;86,32;3,43;101,60
13/05/2026;21:56:41;0,13;25,25;376,80;907,41;19,84;86,61;0,00;123,04
13/05/2026;22:06:41;0,12;25,25;376,80;907,55;19,76;86,97;2,18;115,31
13/05/2026;22:16:41;0,12;25,25;376,80;907,67;19,81;87,08;0,40;117,77
13/05/2026;22:26:41;0,12;25,26;376,80;907,67;19,87;87,11;0,00;119,88
13/05/2026;22:36:41;0,11;25,26;376,80;907,66;19,85;87,33;0,35;121,64
13/05/2026;22:46:41;0,11;25,26;376,80;907,65;19,80;87,61;0,00;69,25
13/05/2026;22:56:41;0,13;25,25;376,80;907,66;19,79;87,77;0,00;110,39
13/05/2026;23:06:41;0,11;25,25;376,80;907,59;19,76;87,91;0,00;119,88
13/05/2026;23:16:41;0,11;25,25;376,80;907,53;19,68;87,89;2,39;116,71
13/05/2026;23:26:41;0,11;25,26;376,80;907,57;19,51;88,05;0,49;68,90
13/05/2026;23:36:41;0,11;25,25;376,80;907,46;19,51;88,24;0,50;98,08
13/05/2026;23:46:41;0,10;25,26;376,80;907,46;19,47;88,32;0,00;128,32
13/05/2026;23:56:41;0,11;25,26;376,80;907,44;19,40;88,54;0,00;114,96
14/05/2026;00:06:41;0,10;25,25;376,80;907,28;19,31;88,81;0,57;89,64
14/05/2026;00:16:41;0,12;25,26;376,80;907,23;19,27;88,92;0,00;92,81
14/05/2026;00:26:41;0,12;25,26;376,80;907,24;19,17;88,91;0,00;67,14
14/05/2026;00:36:41;0,12;25,25;376,80;907,18;19,02;89,03;0,00;69,96
14/05/2026;00:46:41;0,08;25,25;376,80;906,98;18,92;89,25;0,00;73,12
14/05/2026;00:56:41;0,12;25,26;376,80;906,82;18,79;89,43;0,00;82,96
14/05/2026;01:06:41;0,11;25,26;376,80;906,81;18,74;89,46;0,00;107,57
14/05/2026;01:16:41;0,10;25,25;376,80;906,71;18,63;89,39;0,00;112,50
14/05/2026;01:26:41;0,11;25,25;376,80;906,60;18,46;89,51;0,00;127,96
14/05/2026;01:36:41;0,12;25,25;376,80;906,54;18,27;89,58;0,00;109,68
14/05/2026;01:46:41;0,09;25,25;376,80;906,52;18,13;89,62;0,00;101,25
14/05/2026;01:56:41;0,12;25,25;376,80;906,53;18,06;89,65;0,00;91,40
14/05/2026;02:06:41;0,11;25,25;376,80;906,35;17,94;89,52;0,00;104,06
14/05/2026;02:16:41;0,12;25,25;376,80;906,39;17,75;89,73;0,00;108,28
14/05/2026;02:26:41;0,11;25,25;376,80;906,36;17,67;89,89;0,00;111,44
14/05/2026;02:36:41;0,11;25,25;376,80;906,23;17,60;90,05;0,00;102,30
14/05/2026;02:46:41;0,12;25,26;376,80;906,07;17,51;89,99;0,00;123,75
14/05/2026;02:56:41;0,13;25,25;376,80;906,00;17,32;90,24;0,00;113,55
14/05/2026;03:06:41;0,10;25,26;376,80;905,95;17,30;90,51;0,00;126,91
14/05/2026;03:16:41;0,12;25,26;376,80;905,87;17,32;90,63;0,00;104,06
14/05/2026;03:26:41;0,12;25,26;376,80;905,84;17,21;90,65;0,62;101,95
14/05/2026;03:36:41;0,11;25,26;376,80;905,77;17,13;90,73;0,00;118,82
14/05/2026;03:46:41;0,10;25,26;376,80;905,84;17,07;90,88;0,00;110,74
14/05/2026;03:56:41;0,11;25,26;376,80;905,75;17,06;90,95;0,00;91,40
14/05/2026;04:06:41;0,10;25,26;376,80;905,81;16,98;91,02;0,00;112,50
14/05/2026;04:16:41;0,11;25,26;376,80;905,84;16,88;91,00;0,00;92,46
14/05/2026;04:26:41;0,11;25,26;376,80;905,88;16,82;91,00;0,00;96,32
14/05/2026;04:36:41;0,13;25,25;376,80;905,83;16,82;91,11;0,00;107,57
14/05/2026;04:46:41;0,12;25,26;376,80;905,88;16,86;91,16;0,00;94,92
14/05/2026;04:56:41;0,12;25,25;376,80;905,86;16,79;91,16;0,00;117,07
14/05/2026;05:06:41;0,11;25,26;376,80;905,78;16,74;91,01;0,00;108,28
14/05/2026;05:16:41;0,13;25,26;376,80;905,85;16,69;90,98;0,00;89,64
14/05/2026;05:26:41;0,11;25,26;376,80;905,86;16,66;90,92;0,00;104,76
14/05/2026;05:36:41;0,17;25,26;376,80;905,96;16,60;90,89;0,00;98,78
14/05/2026;05:46:41;0,84;25,25;376,80;906,07;16,58;90,94;0,00;110,03
14/05/2026;05:56:41;5,78;25,25;376,80;906,21;16,65;91,09;0,00;132,18
14/05/2026;06:06:41;13,24;25,25;376,80;906,31;16,64;91,06;0,00;98,78
14/05/2026;06:16:41;21,93;25,26;376,80;906,34;16,70;91,18;0,00;110,74
14/05/2026;06:26:41;35,25;25,26;376,80;906,49;16,67;91,20;0,00;116,01
14/05/2026;06:36:41;62,24;25,26;376,80;906,55;16,70;91,18;0,00;42,53
14/05/2026;06:46:41;82,55;25,26;376,80;906,65;16,81;90,89;0,00;94,92
14/05/2026;06:56:41;104,22;25,26;376,80;906,76;16,98;90,33;0,00;85,78
14/05/2026;07:06:41;138,01;25,26;376,80;906,89;17,20;89,55;0,00;84,72
14/05/2026;07:16:41;178,73;25,25;376,80;906,91;17,52;88,75;0,00;102,65
14/05/2026;07:26:41;207,44;25,26;376,80;907,12;17,74;88,25;0,00;102,30
14/05/2026;07:36:41;226,01;25,26;376,80;907,15;18,07;87,74;0,33;97,73
14/05/2026;07:46:41;266,00;25,26;376,80;907,30;18,38;86,72;3,98;108,28
14/05/2026;07:56:41;315,35;25,27;376,80;907,41;18,63;85,99;2,72;58,35
14/05/2026;08:06:41;351,58;25,27;376,80;907,47;19,16;84,93;2,99;107,22
14/05/2026;08:16:41;409,55;25,27;376,80;907,50;19,44;84,53;0,00;118,12
14/05/2026;08:26:41;470,30;25,27;376,80;907,62;19,91;83,26;0,35;153,63
14/05/2026;08:36:41;475,29;25,27;376,80;907,65;20,22;81,50;1,15;114,25
14/05/2026;08:46:41;536,31;25,27;376,80;907,82;20,50;81,14;2,00;84,37
14/05/2026;08:56:41;520,70;25,28;376,80;907,88;20,68;79,92;7,16;90,35
14/05/2026;09:06:41;555,84;25,26;376,80;907,80;21,23;78,92;2,05;113,55
14/05/2026;09:16:41;583,82;25,27;376,80;907,79;20,98;78,66;0,38;104,41
14/05/2026;09:26:41;581,04;25,28;376,80;907,88;21,16;77,42;5,16;103,35
14/05/2026;09:36:41;575,43;25,27;376,80;907,83;21,60;76,68;0,59;83,32
14/05/2026;09:46:41;623,10;25,28;376,80;907,86;22,33;74,95;0,00;106,17
14/05/2026;09:56:41;683,21;25,28;376,80;907,89;22,34;74,23;1,85;76,64
14/05/2026;10:06:41;750,12;25,30;376,80;907,86;22,76;73,54;0,72;120,23
14/05/2026;10:16:41;753,93;25,30;376,80;907,71;23,13;71,62;1,35;65,39
14/05/2026;10:26:41;791,65;25,29;376,80;907,55;23,43;70,29;2,71;71,01
14/05/2026;10:36:41;815,16;25,30;376,80;907,50;23,49;66,53;0,00;119,53
14/05/2026;10:46:41;834,95;25,29;376,80;907,42;24,35;65,16;4,57;99,84
14/05/2026;10:56:41;814,29;25,29;376,80;907,30;24,34;64,98;0,37;130,78
14/05/2026;11:06:41;845,92;25,29;376,80;907,16;24,47;64,17;3,18;93,16
14/05/2026;11:16:41;875,48;25,30;376,80;907,01;24,33;63,76;0,81;104,41
14/05/2026;11:26:41;872,85;25,29;376,80;906,98;25,06;63,15;3,05;92,10
14/05/2026;11:36:41;917,33;25,30;376,80;906,86;24,84;63,21;4,90;120,58
14/05/2026;11:46:41;974,09;25,30;376,80;906,72;25,56;63,22;1,01;148,71
14/05/2026;11:56:41;882,98;25,30;376,80;906,59;25,74;62,70;4,91;131,48
14/05/2026;12:06:41;908,44;25,30;376,80;906,41;25,71;62,08;4,23;107,22
14/05/2026;12:16:41;964,10;25,29;376,80;906,34;26,13;60,47;4,17;100,89
14/05/2026;12:26:41;986,05;25,29;376,80;906,09;26,18;58,26;3,03;120,23
14/05/2026;12:36:41;634,11;25,30;376,80;906,07;26,38;59,64;4,67;87,89
14/05/2026;12:46:41;533,70;25,29;376,80;905,95;25,79;61,99;2,61;113,20
14/05/2026;12:56:41;385,88;25,29;376,80;905,90;25,35;63,31;1,46;107,57
14/05/2026;13:06:41;525,10;25,29;376,80;905,75;25,59;62,49;2,56;135,70
14/05/2026;13:16:41;723,06;25,29;376,80;905,58;26,39;60,80;3,74;104,06
14/05/2026;13:26:41;780,92;25,29;376,80;905,46;26,89;59,30;3,84;129,37
14/05/2026;13:36:41;752,64;25,29;376,80;905,41;26,73;58,80;4,67;107,57
14/05/2026;13:46:41;744,27;25,28;376,80;905,20;26,85;59,12;4,35;116,71
14/05/2026;13:56:41;737,49;25,29;376,80;905,10;27,04;59,41;1,41;126,56
14/05/2026;14:06:41;638,47;25,30;376,80;905,10;27,00;60,36;4,48;154,33
14/05/2026;14:16:41;666,36;25,29;376,80;905,03;27,17;57,29;3,75;139,92
14/05/2026;14:26:41;635,07;25,30;376,80;904,91;27,06;58,41;3,44;104,41
14/05/2026;14:36:41;588,41;25,30;376,80;904,91;27,04;58,12;4,08;127,96
14/05/2026;14:46:41;606,65;25,30;376,80;904,93;27,20;57,74;4,19;106,17
14/05/2026;14:56:41;512,64;25,30;376,80;904,87;26,48;58,12;2,38;106,17
14/05/2026;15:06:41;472,47;25,30;376,80;904,88;26,90;57,64;2,56;102,30
14/05/2026;15:16:41;427,07;25,30;376,80;904,97;27,08;57,29;3,84;112,50
14/05/2026;15:26:41;389,86;25,29;376,80;904,92;26,68;57,38;0,43;128,67
14/05/2026;15:33:27;366,64;25,29;376,80;904,98;26,83;56,93;3,23;116,01
14/05/2026;15:43:27;327,62;25,30;376,80;905,01;26,84;57,03;0,40;184,57
14/05/2026;15:53:27;284,60;25,29;376,80;905,05;26,41;56,97;2,11;119,88
14/05/2026;16:03:27;245,24;25,29;376,80;905,13;26,26;57,58;1,38;97,73
14/05/2026;16:13:27;172,92;25,29;376,80;905,14;26,07;58,38;3,25;106,52
14/05/2026;16:23:27;117,53;25,29;376,80;905,18;25,82;58,64;0,48;145,54
14/05/2026;16:33:27;124,24;25,30;376,80;905,30;25,53;59,49;5,51;85,42
14/05/2026;16:43:27;106,70;25,29;376,80;905,40;25,15;61,02;0,40;162,77
14/05/2026;16:53:27;78,62;25,29;376,80;905,50;24,89;61,57;0,59;132,53
14/05/2026;17:03:27;54,24;25,28;376,80;905,56;24,47;62,85;0,00;158,20
14/05/2026;17:13:27;32,34;25,28;376,80;905,65;23,96;64,92;0,00;154,68
14/05/2026;17:23:27;8,77;25,29;376,80;905,73;23,46;66,31;0,00;141,67
14/05/2026;17:33:27;3,35;25,28;376,80;905,81;22,93;67,49;0,00;147,65
14/05/2026;17:43:27;0,68;25,28;376,80;905,89;22,64;68,41;0,00;114,96
14/05/2026;17:53:27;0,14;25,28;376,80;905,95;22,40;69,11;0,00;183,16
14/05/2026;18:03:27;0,12;25,28;376,80;906,05;22,09;69,97;0,00;137,81
14/05/2026;18:13:27;0,11;25,28;376,80;906,11;21,98;70,00;0,00;131,48
14/05/2026;18:23:27;0,10;25,28;376,80;906,16;21,87;70,07;0,00;116,36
14/05/2026;18:33:27;0,09;25,27;376,80;906,26;21,75;70,17;0,00;95,27
14/05/2026;18:43:27;0,12;25,28;376,80;906,39;21,62;70,60;0,35;131,13
14/05/2026;18:53:27;0,11;25,28;376,80;906,51;21,54;71,26;0,00;55,19
14/05/2026;19:03:27;0,12;25,28;376,80;906,56;21,33;71,84;0,00;99,84
14/05/2026;19:13:27;0,11;25,27;376,80;906,66;21,11;72,53;0,00;132,18
14/05/2026;19:23:27;0,13;25,27;376,80;906,77;21,04;72,99;0,34;130,78
14/05/2026;19:33:27;0,12;25,27;376,80;906,90;20,87;73,69;0,00;115,66
14/05/2026;19:43:27;0,12;25,27;376,80;907,00;20,72;74,11;0,00;139,92
14/05/2026;19:53:27;0,12;25,27;376,80;907,11;20,49;75,15;0,00;127,61
14/05/2026;20:03:27;0,11;25,27;376,80;907,21;20,35;75,74;0,00;89,64
14/05/2026;20:13:27;0,12;25,27;376,80;907,23;20,17;76,63;0,00;125,15
14/05/2026;20:23:27;0,12;25,27;376,80;907,31;20,09;77,17;0,00;106,17
14/05/2026;20:33:27;0,12;25,27;376,80;907,36;19,96;77,71;1,05;124,80
14/05/2026;20:43:27;0,11;25,27;376,80;907,41;19,92;77,95;0,00;129,37
14/05/2026;20:53:27;0,12;25,27;376,80;907,46;19,96;78,12;0,00;119,17
14/05/2026;21:03:27;0,12;25,27;376,80;907,50;20,04;77,93;0,00;127,96
14/05/2026;21:13:27;0,11;25,28;376,80;907,51;19,74;78,92;0,00;118,12
14/05/2026;21:23:27;0,11;25,27;376,80;907,56;19,70;79,30;0,38;99,14
14/05/2026;21:33:27;0,12;25,27;376,80;907,59;19,52;79,88;0,39;123,75
14/05/2026;21:43:27;0,11;25,27;376,80;907,59;19,61;79,72;0,00;117,42
14/05/2026;21:53:27;0,12;25,27;376,80;907,55;19,60;79,78;0,00;105,82
14/05/2026;22:03:27;0,12;25,27;376,80;907,58;19,53;79,99;0,00;102,65
14/05/2026;22:13:27;0,12;25,27;376,80;907,60;19,55;80,02;0,00;115,66
14/05/2026;22:23:27;0,12;25,27;376,80;907,64;19,40;80,43;0,00;122,69
14/05/2026;22:33:27;0,13;25,27;376,80;907,57;19,30;80,73;0,00;113,90
14/05/2026;22:43:27;0,13;25,27;376,80;907,56;19,39;80,43;0,34;101,60
14/05/2026;22:53:27;0,10;25,27;376,80;907,51;19,28;80,70;1,97;161,01
14/05/2026;23:03:27;0,12;25,27;376,80;907,45;19,18;80,91;2,14;105,82
14/05/2026;23:13:27;0,11;25,27;376,80;907,42;19,07;81,36;0,00;146,25
14/05/2026;23:23:27;0,11;25,26;376,80;907,35;19,08;81,44;0,34;137,10
14/05/2026;23:33:27;0,13;25,27;376,80;907,28;19,08;81,61;0,00;104,06
14/05/2026;23:43:27;0,11;25,27;376,80;907,22;18,94;82,12;0,81;118,82
14/05/2026;23:53:27;0,12;25,27;376,80;907,16;18,94;82,14;0,00;116,01
14/05/2026;23:55:48;0,11;25,27;376,80;907,17;18,92;82,26;0,00;133,94
15/05/2026;00:05:48;0,12;25,26;376,80;907,13;18,76;82,66;0,00;121,28
15/05/2026;00:15:48;0,11;25,26;376,80;907,18;18,52;83,29;0,00;120,23
15/05/2026;00:25:48;0,10;25,26;376,80;907,10;18,43;83,69;0,00;137,81
15/05/2026;00:35:48;0,11;25,26;376,80;907,06;18,44;83,83;0,00;100,89
15/05/2026;00:45:48;0,10;25,26;376,80;906,89;18,41;84,02;0,00;139,57
15/05/2026;00:55:48;0,11;25,26;376,80;906,86;18,18;84,67;0,00;77,34
15/05/2026;01:05:48;0,13;25,25;376,80;906,80;17,89;85,28;0,00;96,32
15/05/2026;01:15:48;0,12;25,26;376,80;906,79;17,88;85,70;0,00;103,35
15/05/2026;01:25:48;0,11;25,27;376,80;906,73;17,88;85,89;0,00;103,00
15/05/2026;01:35:48;0,12;25,26;376,80;906,65;17,73;86,29;0,00;110,03
15/05/2026;01:45:48;0,11;25,26;376,80;906,57;17,60;86,66;0,00;95,62
15/05/2026;01:55:48;0,13;25,26;376,80;906,44;17,41;87,00;0,00;104,06
15/05/2026;02:05:48;0,13;25,26;376,80;906,36;17,19;87,54;0,00;124,45
15/05/2026;02:15:48;0,11;25,25;376,80;906,27;17,29;87,93;0,00;91,40
15/05/2026;02:25:48;0,12;25,26;376,80;906,22;17,20;88,03;0,00;101,25
15/05/2026;02:35:48;0,11;25,26;376,80;906,22;17,26;88,36;0,00;105,82
15/05/2026;02:45:48;0,12;25,25;376,80;906,24;17,15;88,44;0,00;108,63
15/05/2026;02:55:48;0,11;25,25;376,80;906,21;17,21;88,64;0,00;107,22
15/05/2026;03:05:48;0,12;25,25;376,80;906,18;17,00;88,60;0,00;115,66
15/05/2026;03:15:48;0,12;25,26;376,80;906,15;16,80;88,77;0,00;111,09
15/05/2026;03:25:48;0,13;25,26;376,80;906,12;16,79;89,49;0,00;97,73
15/05/2026;03:35:48;0,11;25,26;376,80;906,13;16,96;89,73;0,00;123,75
15/05/2026;03:45:48;0,11;25,26;376,80;906,16;17,08;89,75;0,00;127,61
15/05/2026;03:55:48;0,12;25,26;376,80;906,05;17,13;89,85;0,00;126,21
15/05/2026;04:05:48;0,12;25,26;376,80;906,06;17,14;89,74;0,00;126,56
15/05/2026;04:15:48;0,10;25,25;376,80;906,12;17,22;89,71;0,00;112,50
15/05/2026;04:25:48;0,11;25,26;376,80;906,22;17,25;89,49;0,00;140,62
15/05/2026;04:35:48;0,11;25,25;376,80;906,28;17,21;89,52;0,00;116,36
15/05/2026;04:45:48;0,10;25,25;376,80;906,35;17,10;89,60;0,00;142,73
15/05/2026;04:55:48;0,15;25,26;376,80;906,32;16,96;89,75;0,00;110,74
15/05/2026;05:05:48;0,11;25,27;376,80;906,27;16,88;90,01;0,00;112,14
15/05/2026;05:15:48;0,11;25,26;376,80;906,32;16,86;90,09;0,00;135,70
15/05/2026;05:25:48;0,10;25,26;376,80;906,41;16,82;90,23;0,00;95,97
15/05/2026;05:35:48;0,13;25,26;376,80;906,51;16,87;90,23;0,00;124,10
15/05/2026;05:45:48;0,73;25,26;376,80;906,58;16,86;90,18;0,00;131,13
15/05/2026;05:55:48;3,29;25,26;376,80;906,68;16,77;90,21;0,00;136,05
15/05/2026;06:05:48;8,77;25,26;376,80;906,73;16,78;90,37;0,00;126,91
15/05/2026;06:15:48;15,03;25,26;376,80;906,80;16,73;90,32;0,00;121,28
15/05/2026;06:25:48;21,75;25,27;376,80;906,87;16,96;90,41;0,00;126,21
15/05/2026;06:35:48;139,77;25,26;376,80;906,97;17,15;90,12;0,00;127,96
15/05/2026;06:45:48;178,64;25,27;376,80;907,06;17,39;89,73;0,00;111,79
15/05/2026;06:55:48;215,17;25,26;376,80;907,21;17,66;89,34;0,00;139,57
15/05/2026;07:05:48;251,21;25,26;376,80;907,38;17,99;88,53;0,00;150,11
15/05/2026;07:15:48;288,98;25,27;376,80;907,49;18,46;87,74;0,00;111,09
15/05/2026;07:25:48;320,46;25,26;376,80;907,56;18,77;86,92;0,00;101,25
15/05/2026;07:35:48;385,15;25,27;376,80;907,75;19,22;86,46;0,00;161,71
15/05/2026;07:45:48;460,60;25,27;376,80;907,85;19,69;85,71;0,00;149,76
15/05/2026;07:55:48;482,75;25,27;376,80;907,98;19,91;84,48;0,00;156,79
15/05/2026;08:05:48;525,78;25,28;376,80;908,10;20,55;83,83;0,00;153,28
15/05/2026;08:15:48;568,02;25,27;376,80;908,22;20,69;83,45;0,00;126,56
15/05/2026;08:25:48;586,11;25,29;376,80;908,32;21,28;82,04;0,00;78,39
15/05/2026;08:35:48;187,28;25,28;376,80;908,42;21,01;81,40;0,00;85,78
15/05/2026;08:41:23;163,01;25,28;376,80;908,45;20,58;82,47;0,00;113,90
15/05/2026;08:51:23;245,61;25,27;376,80;908,47;20,54;82,39;2,95;138,16
15/05/2026;09:01:23;702,38;25,27;376,80;908,44;20,94;82,26;0,00;134,64
15/05/2026;09:11:23;574,15;25,28;376,80;908,54;21,15;80,92;0,00;121,64
15/05/2026;09:14:23;809,73;25,29;376,80;908,53;21,42;79,96;0,00;96,32
15/05/2026;09:24:23;735,35;25,29;376,80;908,50;22,10;76,40;1,71;120,93
15/05/2026;09:34:23;750,88;25,30;376,80;908,51;22,18;75,40;0,00;115,31
15/05/2026;09:44:23;759,01;25,29;376,80;908,49;23,40;74,03;0,00;110,03
